

#ifndef  __ZELIARD_VGM_H__
#define  __ZELIARD_VGM_H__


#include <stdint.h>


const uint8_t  ZELIARD_VGM[] = {
  0x56, 0x67, 0x6d, 0x20, 0xda, 0x12, 0x01, 0x00, 0x50, 0x01, 0x00, 0x00, 0x99, 0x9e, 0x36, 0x00,
  0x00, 0x00, 0x00, 0x00, 0x6a, 0x11, 0x01, 0x00, 0xed, 0x0c, 0x51, 0x00, 0x00, 0x00, 0x00, 0x00,
  0x00, 0x00, 0x00, 0x00, 0x00, 0x00, 0x00, 0x00, 0x22, 0x00, 0x10, 0x05, 0x00, 0x00, 0x00, 0x00,
  0x00, 0x00, 0x00, 0x00, 0x0c, 0x00, 0x00, 0x00, 0x00, 0x00, 0x00, 0x00, 0x00, 0x00, 0x00, 0x00,
  0x50, 0xe0, 0x50, 0x9f, 0x50, 0xbf, 0x70, 0x50, 0xdf, 0x50, 0xff, 0x61, 0xc0, 0x00, 0x50, 0x9d,
  0x71, 0x50, 0x81, 0x70, 0x50, 0x07, 0x7f, 0x7f, 0x50, 0xbd, 0x71, 0x50, 0xa5, 0x70, 0x50, 0x0d,
  0x7f, 0x77, 0x50, 0xd3, 0x71, 0x50, 0xcf, 0x70, 0x50, 0x02, 0x75, 0x50, 0xd4, 0x61, 0x9a, 0x02,
  0x50, 0xd6, 0x62, 0x79, 0x50, 0xd7, 0x61, 0xb3, 0x18, 0x50, 0xd9, 0x61, 0x7f, 0x01, 0x50, 0xda,
  0x61, 0x69, 0x01, 0x50, 0x9c, 0x7f, 0x50, 0xbc, 0x7f, 0x71, 0x50, 0xd4, 0x61, 0x5f, 0x01, 0x50,
  0xd5, 0x62, 0x78, 0x50, 0xd6, 0x62, 0x79, 0x50, 0xd8, 0x61, 0xb6, 0x08, 0x50, 0xa4, 0x70, 0x50,
  0x0d, 0x62, 0x74, 0x50, 0xa5, 0x70, 0x50, 0x0d, 0x62, 0x77, 0x50, 0xa6, 0x70, 0x50, 0x0d, 0x62,
  0x74, 0x50, 0x82, 0x70, 0x50, 0x07, 0x62, 0x7c, 0x50, 0xa7, 0x70, 0x50, 0x0d, 0x62, 0x7e, 0x50,
  0xda, 0x61, 0x0b, 0x03, 0x50, 0xd4, 0x79, 0x50, 0xd5, 0x61, 0xb9, 0x02, 0x50, 0xa6, 0x50, 0x0d,
  0x77, 0x50, 0xd6, 0x61, 0xdc, 0x02, 0x50, 0x81, 0x70, 0x50, 0x07, 0x7b, 0x50, 0xd8, 0x62, 0x71,
  0x50, 0xa5, 0x70, 0x50, 0x0d, 0x62, 0x78, 0x50, 0xa4, 0x70, 0x50, 0x0d, 0x62, 0x79, 0x50, 0xa5,
  0x70, 0x50, 0x0d, 0x62, 0x77, 0x50, 0xa6, 0x70, 0x50, 0x0d, 0x62, 0x74, 0x50, 0x82, 0x70, 0x50,
  0x07, 0x62, 0x7c, 0x50, 0xa7, 0x70, 0x50, 0x0d, 0x61, 0xbb, 0x08, 0x50, 0xa6, 0x70, 0x50, 0x0d,
  0x75, 0x50, 0xda, 0x62, 0x7a, 0x50, 0x81, 0x70, 0x50, 0x07, 0x7f, 0x76, 0x50, 0xdb, 0x77, 0x50,
  0xd5, 0x78, 0x50, 0xd6, 0x61, 0xb8, 0x02, 0x50, 0xa5, 0x70, 0x50, 0x0d, 0x76, 0x50, 0xd7, 0x62,
  0x71, 0x50, 0xa4, 0x70, 0x50, 0x0d, 0x77, 0x50, 0xd8, 0x62, 0x71, 0x50, 0xa5, 0x70, 0x50, 0x0d,
  0x62, 0x77, 0x50, 0xa6, 0x70, 0x50, 0x0d, 0x62, 0x74, 0x50, 0x82, 0x70, 0x50, 0x07, 0x62, 0x7c,
  0x50, 0xa7, 0x70, 0x50, 0x0d, 0x61, 0xba, 0x08, 0x50, 0xa6, 0x70, 0x50, 0x0d, 0x62, 0x74, 0x50,
  0x81, 0x70, 0x50, 0x07, 0x61, 0x78, 0x01, 0x50, 0xda, 0x61, 0x74, 0x01, 0x50, 0xa5, 0x70, 0x50,
  0x0d, 0x76, 0x50, 0xdb, 0x61, 0x8e, 0x01, 0x50, 0xd5, 0x61, 0x53, 0x01, 0x50, 0xa4, 0x70, 0x50,
  0x0d, 0x77, 0x50, 0xd6, 0x62, 0x71, 0x50, 0xa5, 0x70, 0x50, 0x0d, 0x76, 0x50, 0xd7, 0x62, 0x70,
  0x50, 0xa6, 0x70, 0x50, 0x0d, 0x77, 0x50, 0xd8, 0x61, 0xdd, 0x02, 0x50, 0x82, 0x50, 0x07, 0x62,
  0x7d, 0x50, 0xa7, 0x50, 0x0d, 0x61, 0xbb, 0x08, 0x50, 0xa6, 0x70, 0x50, 0x0d, 0x62, 0x74, 0x50,
  0x81, 0x70, 0x50, 0x07, 0x62, 0x7c, 0x50, 0xa5, 0x70, 0x50, 0x0d, 0x62, 0x78, 0x50, 0xa4, 0x70,
  0x50, 0x0d, 0x61, 0x75, 0x01, 0x50, 0xda, 0x61, 0x74, 0x01, 0x50, 0xa5, 0x70, 0x50, 0x0d, 0x76,
  0x50, 0xdb, 0x61, 0x6c, 0x01, 0x50, 0x9b, 0x7e, 0x50, 0xbb, 0x7f, 0x71, 0x50, 0xd6, 0x61, 0x53,
  0x01, 0x50, 0xa6, 0x70, 0x50, 0x0d, 0x77, 0x50, 0xd7, 0x61, 0xdd, 0x02, 0x50, 0x82, 0x70, 0x50,
  0x07, 0x7a, 0x50, 0xd8, 0x62, 0x71, 0x50, 0xa7, 0x70, 0x50, 0x0d, 0x76, 0x50, 0xd9, 0x61, 0xb4,
  0x08, 0x50, 0xa6, 0x70, 0x50, 0x0d, 0x62, 0x74, 0x50, 0x81, 0x50, 0x07, 0x62, 0x7d, 0x50, 0xa5,
  0x70, 0x50, 0x0d, 0x62, 0x78, 0x50, 0xa4, 0x70, 0x50, 0x0d, 0x62, 0x7a, 0x50, 0xa5, 0x50, 0x0d,
  0x62, 0x78, 0x50, 0xa6, 0x70, 0x50, 0x0d, 0x75, 0x50, 0xdb, 0x62, 0x7a, 0x50, 0x82, 0x70, 0x50,
  0x07, 0x7f, 0x7e, 0x50, 0xd6, 0x78, 0x50, 0xd7, 0x61, 0xb8, 0x02, 0x50, 0xa7, 0x70, 0x50, 0x0d,
  0x76, 0x50, 0xd8, 0x62, 0x77, 0x50, 0xd9, 0x61, 0xcc, 0x05, 0x50, 0xa6, 0x70, 0x50, 0x0d, 0x62,
  0x74, 0x50, 0x81, 0x70, 0x50, 0x07, 0x62, 0x7c, 0x50, 0xa5, 0x70, 0x50, 0x0d, 0x62, 0x79, 0x50,
  0xa4, 0x50, 0x0d, 0x62, 0x7a, 0x50, 0xa5, 0x70, 0x50, 0x0d, 0x62, 0x77, 0x50, 0xa6, 0x70, 0x50,
  0x0d, 0x62, 0x73, 0x50, 0x82, 0x70, 0x50, 0x07, 0x62, 0x7d, 0x50, 0xa7, 0x70, 0x50, 0x0d, 0x75,
  0x50, 0xdb, 0x62, 0x71, 0x50, 0x9a, 0x7f, 0x71, 0x50, 0xba, 0x7c, 0x50, 0xdc, 0x77, 0x50, 0xd7,
  0x78, 0x50, 0xd8, 0x61, 0xc1, 0x02, 0x50, 0xd9, 0x62, 0x72, 0x50, 0xa6, 0x70, 0x50, 0x0d, 0x77,
  0x50, 0xda, 0x61, 0xdc, 0x02, 0x50, 0x81, 0x70, 0x50, 0x07, 0x62, 0x7c, 0x50, 0xa5, 0x70, 0x50,
  0x0d, 0x62, 0x78, 0x50, 0xa4, 0x70, 0x50, 0x0d, 0x62, 0x79, 0x50, 0xa5, 0x70, 0x50, 0x0d, 0x62,
  0x77, 0x50, 0xa6, 0x70, 0x50, 0x0d, 0x62, 0x74, 0x50, 0x82, 0x70, 0x50, 0x07, 0x62, 0x7c, 0x50,
  0xa7, 0x70, 0x50, 0x0d, 0x61, 0x5e, 0x04, 0x50, 0xdb, 0x61, 0x7a, 0x01, 0x50, 0xdc, 0x61, 0x8f,
  0x01, 0x50, 0xd7, 0x61, 0x54, 0x01, 0x50, 0xa6, 0x50, 0x0d, 0x77, 0x50, 0xd8, 0x61, 0xdd, 0x02,
  0x50, 0x81, 0x50, 0x07, 0x7b, 0x50, 0xd9, 0x62, 0x71, 0x50, 0xa5, 0x70, 0x50, 0x0d, 0x76, 0x50,
  0xda, 0x62, 0x71, 0x50, 0xa4, 0x70, 0x50, 0x0d, 0x62, 0x79, 0x50, 0xa5, 0x70, 0x50, 0x0d, 0x62,
  0x77, 0x50, 0xa6, 0x70, 0x50, 0x0d, 0x62, 0x74, 0x50, 0x82, 0x70, 0x50, 0x07, 0x62, 0x7c, 0x50,
  0xa7, 0x70, 0x50, 0x0d, 0x61, 0xbb, 0x08, 0x50, 0xa6, 0x70, 0x50, 0x0d, 0x61, 0x74, 0x01, 0x50,
  0xdb, 0x61, 0x70, 0x01, 0x50, 0x81, 0x70, 0x50, 0x07, 0x7a, 0x50, 0xdc, 0x61, 0x8e, 0x01, 0x50,
  0xd8, 0x61, 0x53, 0x01, 0x50, 0xa5, 0x70, 0x50, 0x0d, 0x62, 0x79, 0x50, 0xa4, 0x70, 0x50, 0x0d,
  0x76, 0x50, 0xd9, 0x62, 0x72, 0x50, 0xa5, 0x70, 0x50, 0x0d, 0x77, 0x50, 0xda, 0x62, 0x50, 0xa6,
  0x70, 0x50, 0x0d, 0x62, 0x74, 0x50, 0x82, 0x70, 0x50, 0x07, 0x62, 0x7c, 0x50, 0xa7, 0x70, 0x50,
  0x0d, 0x61, 0xbb, 0x08, 0x50, 0xa6, 0x70, 0x50, 0x0d, 0x62, 0x73, 0x50, 0x81, 0x70, 0x50, 0x07,
  0x62, 0x7d, 0x50, 0xa5, 0x70, 0x50, 0x0d, 0x75, 0x50, 0xdb, 0x75, 0x50, 0xdc, 0x61, 0xf7, 0x02,
  0x50, 0xa4, 0x50, 0x0d, 0x7c, 0x50, 0xd8, 0x61, 0xc2, 0x02, 0x50, 0xa5, 0x70, 0x50, 0x0d, 0x77,
  0x50, 0xd9, 0x62, 0x50, 0xa6, 0x70, 0x50, 0x0d, 0x77, 0x50, 0xda, 0x61, 0xdc, 0x02, 0x50, 0x82,
  0x70, 0x50, 0x07, 0x62, 0x7d, 0x50, 0xa7, 0x50, 0x0d, 0x61, 0xbb, 0x08, 0x50, 0xa6, 0x70, 0x50,
  0x0d, 0x62, 0x74, 0x50, 0x81, 0x50, 0x07, 0x62, 0x7d, 0x50, 0xa5, 0x70, 0x50, 0x0d, 0x62, 0x78,
  0x50, 0xa4, 0x70, 0x50, 0x0d, 0x62, 0x7a, 0x50, 0xa5, 0x70, 0x50, 0x0d, 0x75, 0x50, 0xdb, 0x74,
  0x50, 0xdc, 0x61, 0x66, 0x01, 0x50, 0x99, 0x7e, 0x50, 0xb9, 0x7f, 0x71, 0x50, 0xd9, 0x61, 0x54,
  0x01, 0x50, 0xa6, 0x50, 0x0d, 0x62, 0x75, 0x50, 0x82, 0x50, 0x07, 0x7b, 0x50, 0xda, 0x62, 0x71,
  0x50, 0xa7, 0x70, 0x50, 0x0d, 0x76, 0x50, 0xdb, 0x61, 0xb3, 0x08, 0x50, 0xa6, 0x70, 0x50, 0x0d,
  0x62, 0x74, 0x50, 0x81, 0x70, 0x50, 0x07, 0x62, 0x7c, 0x50, 0xa5, 0x70, 0x50, 0x0d, 0x62, 0x79,
  0x50, 0xa4, 0x50, 0x0d, 0x62, 0x7a, 0x50, 0xa5, 0x50, 0x0d, 0x62, 0x78, 0x50, 0xa6, 0x50, 0x0d,
  0x61, 0x75, 0x01, 0x50, 0xdc, 0x61, 0x70, 0x01, 0x50, 0x82, 0x70, 0x50, 0x07, 0x61, 0x96, 0x01,
  0x50, 0xda, 0x76, 0x50, 0xd3, 0x71, 0x50, 0xcc, 0x70, 0x50, 0x01, 0x61, 0x4c, 0x01, 0x50, 0xa7,
  0x70, 0x50, 0x0d, 0x77, 0x50, 0xd4, 0x62, 0x75, 0x50, 0xd6, 0x62, 0x7b, 0x50, 0xd7, 0x62, 0x72,
  0x50, 0xa6, 0x70, 0x50, 0x0d, 0x62, 0x74, 0x50, 0x81, 0x70, 0x50, 0x07, 0x62, 0x7d, 0x50, 0xa5,
  0x50, 0x0d, 0x62, 0x79, 0x50, 0xa4, 0x50, 0x0d, 0x62, 0x7a, 0x50, 0xa5, 0x70, 0x50, 0x0d, 0x62,
  0x77, 0x50, 0xa6, 0x70, 0x50, 0x0d, 0x62, 0x74, 0x50, 0x82, 0x70, 0x50, 0x07, 0x62, 0x7d, 0x50,
  0xa7, 0x70, 0x50, 0x0d, 0x75, 0x50, 0xd9, 0x75, 0x50, 0xda, 0x61, 0xdb, 0x02, 0x50, 0x98, 0x7f,
  0x71, 0x50, 0xb8, 0x7f, 0x74, 0x50, 0xd4, 0x78, 0x50, 0xd5, 0x61, 0xc1, 0x02, 0x50, 0xd6, 0x62,
  0x72, 0x50, 0xa6, 0x70, 0x50, 0x0d, 0x77, 0x50, 0xd8, 0x61, 0xdc, 0x02, 0x50, 0x81, 0x70, 0x50,
  0x07, 0x62, 0x7d, 0x50, 0xa5, 0x50, 0x0d, 0x62, 0x79, 0x50, 0xa4, 0x50, 0x0d, 0x62, 0x7a, 0x50,
  0xa5, 0x70, 0x50, 0x0d, 0x62, 0x77, 0x50, 0xa6, 0x70, 0x50, 0x0d, 0x62, 0x74, 0x50, 0x82, 0x50,
  0x07, 0x62, 0x7d, 0x50, 0xa7, 0x70, 0x50, 0x0d, 0x61, 0xd7, 0x05, 0x50, 0xda, 0x61, 0xfe, 0x02,
  0x50, 0xa6, 0x70, 0x50, 0x0d, 0x7b, 0x50, 0xd4, 0x79, 0x50, 0xd5, 0x61, 0xb3, 0x02, 0x50, 0x81,
  0x70, 0x50, 0x07, 0x7b, 0x50, 0xd6, 0x62, 0x71, 0x50, 0xa5, 0x70, 0x50, 0x0d, 0x76, 0x50, 0xd8,
  0x62, 0x71, 0x50, 0xa4, 0x70, 0x50, 0x0d, 0x62, 0x79, 0x50, 0xa5, 0x70, 0x50, 0x0d, 0x62, 0x77,
  0x50, 0xa6, 0x70, 0x50, 0x0d, 0x62, 0x74, 0x50, 0x82, 0x50, 0x07, 0x62, 0x7d, 0x50, 0xa7, 0x70,
  0x50, 0x0d, 0x61, 0xba, 0x08, 0x50, 0xa6, 0x70, 0x50, 0x0d, 0x61, 0x74, 0x01, 0x50, 0xda, 0x61,
  0x70, 0x01, 0x50, 0x81, 0x70, 0x50, 0x07, 0x61, 0x91, 0x01, 0x50, 0xdb, 0x77, 0x50, 0xd5, 0x61,
  0x53, 0x01, 0x50, 0xa5, 0x70, 0x50, 0x0d, 0x77, 0x50, 0xd6, 0x62, 0x70, 0x50, 0xa4, 0x70, 0x50,
  0x0d, 0x76, 0x50, 0xd7, 0x62, 0x72, 0x50, 0xa5, 0x70, 0x50, 0x0d, 0x76, 0x50, 0xd8, 0x62, 0x70,
  0x50, 0xa6, 0x70, 0x50, 0x0d, 0x62, 0x74, 0x50, 0x82, 0x70, 0x50, 0x07, 0x62, 0x7c, 0x50, 0xa7,
  0x70, 0x50, 0x0d, 0x61, 0xbb, 0x08, 0x50, 0xa6, 0x70, 0x50, 0x0d, 0x62, 0x74, 0x50, 0x81, 0x70,
  0x50, 0x07, 0x62, 0x7c, 0x50, 0xa5, 0x70, 0x50, 0x0d, 0x61, 0x74, 0x01, 0x50, 0xda, 0x61, 0x74,
  0x01, 0x50, 0xa4, 0x70, 0x50, 0x0d, 0x76, 0x50, 0xdb, 0x61, 0x8e, 0x01, 0x50, 0xd5, 0x61, 0x54,
  0x01, 0x50, 0xa5, 0x70, 0x50, 0x0d, 0x77, 0x50, 0xd6, 0x62, 0x50, 0xa6, 0x70, 0x50, 0x0d, 0x76,
  0x50, 0xd7, 0x61, 0xde, 0x02, 0x50, 0x82, 0x50, 0x07, 0x7b, 0x50, 0xd8, 0x62, 0x71, 0x50, 0xa7,
  0x50, 0x0d, 0x61, 0xbc, 0x08, 0x50, 0xa6, 0x70, 0x50, 0x0d, 0x62, 0x74, 0x50, 0x81, 0x50, 0x07,
  0x62, 0x7d, 0x50, 0xa5, 0x70, 0x50, 0x0d, 0x62, 0x78, 0x50, 0xa4, 0x70, 0x50, 0x0d, 0x62, 0x7a,
  0x50, 0xa5, 0x70, 0x50, 0x0d, 0x75, 0x50, 0xda, 0x74, 0x50, 0xdb, 0x61, 0xda, 0x02, 0x50, 0x97,
  0x7f, 0x71, 0x50, 0xb7, 0x79, 0x50, 0xa6, 0x70, 0x50, 0x0d, 0x7b, 0x50, 0xd6, 0x79, 0x50, 0xd7,
  0x61, 0xb3, 0x02, 0x50, 0x82, 0x70, 0x50, 0x07, 0x7b, 0x50, 0xd8, 0x62, 0x71, 0x50, 0xa7, 0x50,
  0x0d, 0x77, 0x50, 0xd9, 0x61, 0xb3, 0x08, 0x50, 0xa6, 0x70, 0x50, 0x0d, 0x62, 0x74, 0x50, 0x81,
  0x50, 0x07, 0x62, 0x7d, 0x50, 0xa5, 0x70, 0x50, 0x0d, 0x62, 0x78, 0x50, 0xa4, 0x70, 0x50, 0x0d,
  0x62, 0x7a, 0x50, 0xa5, 0x50, 0x0d, 0x62, 0x78, 0x50, 0xa6, 0x50, 0x0d, 0x62, 0x74, 0x50, 0x82,
  0x70, 0x50, 0x07, 0x7a, 0x50, 0xdb, 0x61, 0xfc, 0x02, 0x50, 0xa7, 0x70, 0x50, 0x0d, 0x78, 0x50,
  0xd6, 0x78, 0x50, 0xd7, 0x61, 0xc2, 0x02, 0x50, 0xd8, 0x62, 0x7a, 0x50, 0xd9, 0x62, 0x71, 0x50,
  0xa6, 0x70, 0x50, 0x0d, 0x62, 0x74, 0x50, 0x81, 0x70, 0x50, 0x07, 0x62, 0x7d, 0x50, 0xa5, 0x50,
  0x0d, 0x62, 0x79, 0x50, 0xa4, 0x50, 0x0d, 0x62, 0x7a, 0x50, 0xa5, 0x70, 0x50, 0x0d, 0x62, 0x77,
  0x50, 0xa6, 0x70, 0x50, 0x0d, 0x62, 0x74, 0x50, 0x82, 0x70, 0x50, 0x07, 0x62, 0x7c, 0x50, 0xa7,
  0x70, 0x50, 0x0d, 0x61, 0x74, 0x01, 0x50, 0xdb, 0x62, 0x79, 0x50, 0x96, 0x7e, 0x50, 0xb6, 0x7d,
  0x50, 0xd6, 0x61, 0x5f, 0x01, 0x50, 0xd7, 0x62, 0x71, 0x50, 0xa6, 0x70, 0x50, 0x0d, 0x76, 0x50,
  0xd8, 0x61, 0xdd, 0x02, 0x50, 0x81, 0x70, 0x50, 0x07, 0x7b, 0x50, 0xd9, 0x62, 0x71, 0x50, 0xa5,
  0x50, 0x0d, 0x62, 0x79, 0x50, 0xa4, 0x70, 0x50, 0x0d, 0x62, 0x79, 0x50, 0xa5, 0x70, 0x50, 0x0d,
  0x62, 0x77, 0x50, 0xa6, 0x70, 0x50, 0x0d, 0x62, 0x74, 0x50, 0x82, 0x70, 0x50, 0x07, 0x62, 0x7c,
  0x50, 0xa7, 0x70, 0x50, 0x0d, 0x61, 0x47, 0x07, 0x50, 0xdb, 0x61, 0x74, 0x01, 0x50, 0xa6, 0x50,
  0x0d, 0x61, 0x91, 0x01, 0x50, 0xd6, 0x61, 0x54, 0x01, 0x50, 0x81, 0x70, 0x50, 0x07, 0x7c, 0x50,
  0xd7, 0x62, 0x70, 0x50, 0xa5, 0x50, 0x0d, 0x77, 0x50, 0xd8, 0x62, 0x71, 0x50, 0xa4, 0x70, 0x50,
  0x0d, 0x77, 0x50, 0xd9, 0x62, 0x71, 0x50, 0xa5, 0x70, 0x50, 0x0d, 0x62, 0x77, 0x50, 0xa6, 0x70,
  0x50, 0x0d, 0x75, 0x50, 0xdb, 0x61, 0xde, 0x02, 0x50, 0x82, 0x50, 0x07, 0x7d, 0x50, 0xd6, 0x71,
  0x50, 0xcf, 0x70, 0x50, 0x01, 0x75, 0x50, 0xd7, 0x61, 0xd6, 0x02, 0x50, 0xa7, 0x70, 0x50, 0x0d,
  0x77, 0x50, 0xd8, 0x62, 0x77, 0x50, 0xd9, 0x61, 0xcc, 0x05, 0x50, 0xa6, 0x50, 0x0d, 0x62, 0x74,
  0x50, 0x81, 0x70, 0x50, 0x07, 0x7a, 0x50, 0xdb, 0x61, 0xfc, 0x02, 0x50, 0xa5, 0x70, 0x50, 0x0d,
  0x78, 0x50, 0xd6, 0x71, 0x50, 0xc3, 0x70, 0x50, 0x02, 0x75, 0x50, 0xd7, 0x61, 0xbc, 0x02, 0x50,
  0xa4, 0x70, 0x50, 0x0d, 0x77, 0x50, 0xd8, 0x62, 0x71, 0x50, 0xa5, 0x70, 0x50, 0x0d, 0x77, 0x50,
  0xd9, 0x62, 0x50, 0xa6, 0x70, 0x50, 0x0d, 0x62, 0x74, 0x50, 0x82, 0x70, 0x50, 0x07, 0x62, 0x7c,
  0x50, 0xa7, 0x70, 0x50, 0x0d, 0x75, 0x50, 0xdb, 0x62, 0x7a, 0x50, 0xd6, 0x71, 0x50, 0xc8, 0x70,
  0x50, 0x02, 0x75, 0x50, 0xd7, 0x62, 0x70, 0x50, 0xd8, 0x62, 0x72, 0x50, 0xa6, 0x70, 0x50, 0x0d,
  0x77, 0x50, 0xd9, 0x61, 0xdb, 0x02, 0x50, 0x81, 0x70, 0x50, 0x07, 0x62, 0x7d, 0x50, 0xa5, 0x70,
  0x50, 0x0d, 0x61, 0x73, 0x01, 0x50, 0xdb, 0x61, 0x74, 0x01, 0x50, 0xa4, 0x70, 0x50, 0x0d, 0x61,
  0x91, 0x01, 0x50, 0xd6, 0x71, 0x50, 0xca, 0x70, 0x50, 0x02, 0x61, 0x55, 0x01, 0x50, 0xa5, 0x70,
  0x50, 0x0d, 0x77, 0x50, 0xd7, 0x62, 0x50, 0xa6, 0x70, 0x50, 0x0d, 0x76, 0x50, 0xd8, 0x61, 0xde,
  0x02, 0x50, 0x82, 0x50, 0x07, 0x7b, 0x50, 0xd9, 0x62, 0x71, 0x50, 0xa7, 0x50, 0x0d, 0x61, 0x5e,
  0x04, 0x50, 0xdb, 0x62, 0x7c, 0x50, 0xd6, 0x71, 0x50, 0xcf, 0x70, 0x50, 0x02, 0x61, 0x6e, 0x01,
  0x50, 0xa6, 0x70, 0x50, 0x0d, 0x77, 0x50, 0xd7, 0x61, 0xdc, 0x02, 0x50, 0x81, 0x70, 0x50, 0x07,
  0x7a, 0x50, 0xd8, 0x62, 0x71, 0x50, 0xa5, 0x70, 0x50, 0x0d, 0x76, 0x50, 0xd9, 0x62, 0x71, 0x50,
  0xa4, 0x70, 0x50, 0x0d, 0x62, 0x79, 0x50, 0xa5, 0x70, 0x50, 0x0d, 0x61, 0x74, 0x01, 0x50, 0xdb,
  0x61, 0x73, 0x01, 0x50, 0xa6, 0x70, 0x50, 0x0d, 0x61, 0x87, 0x01, 0x50, 0xd6, 0x71, 0x50, 0xc5,
  0x70, 0x50, 0x03, 0x61, 0x5b, 0x01, 0x50, 0x82, 0x50, 0x07, 0x7b, 0x50, 0xd7, 0x62, 0x71, 0x50,
  0xa7, 0x70, 0x50, 0x0d, 0x76, 0x50, 0xd8, 0x62, 0x77, 0x50, 0xd9, 0x61, 0xcc, 0x05, 0x50, 0xa6,
  0x70, 0x50, 0x0d, 0x61, 0x74, 0x01, 0x50, 0xdb, 0x61, 0x70, 0x01, 0x50, 0x81, 0x70, 0x50, 0x07,
  0x61, 0x7c, 0x01, 0x50, 0xd6, 0x71, 0x50, 0xc8, 0x70, 0x50, 0x03, 0x61, 0x6d, 0x01, 0x50, 0xa5,
  0x70, 0x50, 0x0d, 0x77, 0x50, 0xd7, 0x62, 0x70, 0x50, 0xa4, 0x70, 0x50, 0x0d, 0x76, 0x50, 0xd8,
  0x62, 0x74, 0x50, 0xa5, 0x50, 0x0d, 0x77, 0x50, 0xd9, 0x62, 0x70, 0x50, 0xa6, 0x50, 0x0d, 0x62,
  0x74, 0x50, 0x98, 0x74, 0x50, 0x82, 0x50, 0x07, 0x74, 0x50, 0x99, 0x74, 0x50, 0xb8, 0x76, 0x50,
  0xb9, 0x74, 0x50, 0xdb, 0x61, 0xcf, 0x02, 0x50, 0x9b, 0x7c, 0x50, 0xbf, 0x74, 0x50, 0xb9, 0x75,
  0x50, 0xba, 0x76, 0x50, 0xa8, 0x70, 0x50, 0x0d, 0x78, 0x50, 0xda, 0x76, 0x50, 0xd3, 0x79, 0x50,
  0xd4, 0x61, 0xb7, 0x02, 0x50, 0xa6, 0x70, 0x50, 0x0d, 0x74, 0x50, 0xbb, 0x76, 0x50, 0xd6, 0x61,
  0xdc, 0x02, 0x50, 0xa4, 0x70, 0x50, 0x0d, 0x7b, 0x50, 0xd7, 0x61, 0xdc, 0x02, 0x50, 0xa2, 0x70,
  0x50, 0x0d, 0x73, 0x50, 0xbc, 0x61, 0xdc, 0x02, 0x50, 0x81, 0x70, 0x50, 0x07, 0x79, 0x50, 0xa0,
  0x50, 0x0d, 0x62, 0x76, 0x50, 0xae, 0x70, 0x50, 0x0c, 0x62, 0x79, 0x50, 0xa0, 0x70, 0x50, 0x0d,
  0x62, 0x72, 0x50, 0x9c, 0x75, 0x50, 0xa2, 0x70, 0x50, 0x0d, 0x73, 0x50, 0xbd, 0x62, 0x74, 0x50,
  0xa4, 0x50, 0x0d, 0x62, 0x70, 0x50, 0x82, 0x70, 0x50, 0x07, 0x79, 0x50, 0xa6, 0x70, 0x50, 0x0d,
  0x73, 0x50, 0xbe, 0x62, 0x72, 0x50, 0xa8, 0x70, 0x50, 0x0d, 0x62, 0x70, 0x50, 0x9f, 0x7b, 0x50,
  0xbf, 0x74, 0x50, 0xa6, 0x70, 0x50, 0x0d, 0x79, 0x50, 0xd9, 0x75, 0x50, 0xda, 0x61, 0xd7, 0x02,
  0x50, 0x92, 0x71, 0x50, 0x85, 0x70, 0x50, 0x0d, 0x7b, 0x50, 0xb3, 0x71, 0x50, 0xad, 0x70, 0x50,
  0x11, 0x7e, 0x50, 0xd4, 0x79, 0x50, 0xd5, 0x61, 0xaf, 0x02, 0x50, 0x93, 0x76, 0x50, 0xb4, 0x77,
  0x50, 0xd6, 0x62, 0x79, 0x50, 0xd8, 0x61, 0x51, 0x14, 0x50, 0x94, 0x75, 0x50, 0xb5, 0x61, 0x56,
  0x04, 0x50, 0x95, 0x75, 0x50, 0xb6, 0x76, 0x50, 0xda, 0x62, 0x50, 0x92, 0x72, 0x50, 0x89, 0x50,
  0x0a, 0x79, 0x50, 0xb3, 0x72, 0x50, 0xa5, 0x50, 0x0d, 0x7c, 0x50, 0xd4, 0x61, 0x60, 0x01, 0x50,
  0xd5, 0x62, 0x50, 0x93, 0x76, 0x50, 0xb4, 0x75, 0x50, 0xd6, 0x62, 0x7a, 0x50, 0xd8, 0x61, 0x52,
  0x14, 0x50, 0x94, 0x76, 0x50, 0xb5, 0x61, 0x56, 0x04, 0x50, 0x95, 0x75, 0x50, 0xb6, 0x75, 0x50,
  0xda, 0x62, 0x70, 0x50, 0x92, 0x71, 0x50, 0x80, 0x70, 0x50, 0x0a, 0x77, 0x50, 0xb3, 0x72, 0x50,
  0xae, 0x70, 0x50, 0x0b, 0x74, 0x50, 0xdb, 0x76, 0x50, 0xd5, 0x61, 0x61, 0x01, 0x50, 0xd6, 0x62,
  0x70, 0x50, 0x93, 0x75, 0x50, 0xb4, 0x76, 0x50, 0xd7, 0x62, 0x79, 0x50, 0xd8, 0x61, 0x53, 0x14,
  0x50, 0x94, 0x76, 0x50, 0xb5, 0x62, 0x70, 0x50, 0x95, 0x7b, 0x50, 0xb6, 0x7a, 0x50, 0xda, 0x75,
  0x50, 0xdb, 0x61, 0xcf, 0x02, 0x50, 0x92, 0x72, 0x50, 0x8e, 0x50, 0x08, 0x7b, 0x50, 0xb3, 0x71,
  0x50, 0xa9, 0x70, 0x50, 0x0a, 0x7f, 0x50, 0xd5, 0x79, 0x50, 0xd6, 0x61, 0xbc, 0x02, 0x50, 0x93,
  0x76, 0x50, 0xb4, 0x76, 0x50, 0xd7, 0x62, 0x7a, 0x50, 0xd8, 0x61, 0x51, 0x14, 0x50, 0x94, 0x76,
  0x50, 0xb5, 0x61, 0xca, 0x05, 0x50, 0x95, 0x7a, 0x50, 0xb6, 0x7a, 0x50, 0xda, 0x75, 0x50, 0xdb,
  0x61, 0xd1, 0x02, 0x50, 0x92, 0x71, 0x50, 0x8a, 0x70, 0x50, 0x06, 0x7b, 0x50, 0xb3, 0x71, 0x50,
  0xae, 0x70, 0x50, 0x08, 0x7f, 0x50, 0xd6, 0x78, 0x50, 0xd7, 0x61, 0xbc, 0x02, 0x50, 0x93, 0x76,
  0x50, 0xb4, 0x76, 0x50, 0xd8, 0x62, 0x78, 0x50, 0xd9, 0x61, 0x52, 0x14, 0x50, 0x94, 0x76, 0x50,
  0xb5, 0x61, 0x59, 0x04, 0x50, 0xdb, 0x61, 0xf0, 0x02, 0x50, 0xd6, 0x61, 0x79, 0x01, 0x50, 0xd7,
  0x62, 0x77, 0x50, 0xaf, 0x70, 0x50, 0x08, 0x7a, 0x50, 0xd8, 0x61, 0xd9, 0x02, 0x50, 0xae, 0x70,
  0x50, 0x08, 0x7a, 0x50, 0xd9, 0x61, 0xdc, 0x02, 0x50, 0xad, 0x70, 0x50, 0x08, 0x62, 0x70, 0x50,
  0x89, 0x70, 0x50, 0x06, 0x62, 0x7b, 0x50, 0x95, 0x74, 0x50, 0xac, 0x70, 0x50, 0x08, 0x74, 0x50,
  0xb6, 0x61, 0xdc, 0x02, 0x50, 0x88, 0x70, 0x50, 0x06, 0x78, 0x50, 0xab, 0x70, 0x50, 0x08, 0x61,
  0xde, 0x02, 0x50, 0x89, 0x70, 0x50, 0x06, 0x79, 0x50, 0xac, 0x70, 0x50, 0x08, 0x62, 0x75, 0x50,
  0xad, 0x50, 0x08, 0x62, 0x71, 0x50, 0x8a, 0x70, 0x50, 0x06, 0x61, 0xf0, 0x02, 0x50, 0xae, 0x70,
  0x50, 0x08, 0x61, 0x6c, 0x01, 0x50, 0x96, 0x7b, 0x50, 0xdb, 0x61, 0x6d, 0x01, 0x50, 0x92, 0x71,
  0x50, 0x80, 0x70, 0x50, 0x0a, 0x7b, 0x50, 0xb3, 0x71, 0x50, 0xae, 0x70, 0x50, 0x0b, 0x7e, 0x50,
  0xd7, 0x79, 0x50, 0xd8, 0x61, 0xbb, 0x02, 0x50, 0x93, 0x76, 0x50, 0xb4, 0x76, 0x50, 0xd9, 0x62,
  0x7a, 0x50, 0xda, 0x61, 0xab, 0x08, 0x50, 0x94, 0x7a, 0x50, 0xb5, 0x62, 0x71, 0x50, 0x92, 0x71,
  0x50, 0x89, 0x70, 0x50, 0x0a, 0x7b, 0x50, 0xb3, 0x71, 0x50, 0xa5, 0x70, 0x50, 0x0d, 0x61, 0xd6,
  0x02, 0x50, 0x93, 0x76, 0x50, 0xb4, 0x61, 0x9c, 0x0b, 0x50, 0x94, 0x7a, 0x50, 0xb5, 0x7a, 0x50,
  0xdb, 0x75, 0x50, 0xdc, 0x61, 0xd3, 0x02, 0x50, 0x92, 0x72, 0x50, 0x8e, 0x50, 0x08, 0x7b, 0x50,
  0xbf, 0x7b, 0x50, 0xb3, 0x7b, 0x50, 0xd9, 0x7c, 0x50, 0xdf, 0x77, 0x50, 0xd0, 0x71, 0x50, 0xca,
  0x70, 0x50, 0x23, 0x61, 0xa6, 0x02, 0x50, 0x93, 0x76, 0x50, 0xb4, 0x76, 0x50, 0xdf, 0x62, 0x79,
  0x50, 0xd2, 0x61, 0xd6, 0x05, 0x50, 0xd3, 0x61, 0xdc, 0x02, 0x50, 0xb5, 0x62, 0x7c, 0x50, 0xb3,
  0x7f, 0x71, 0x50, 0xd4, 0x61, 0xd6, 0x02, 0x50, 0xb4, 0x61, 0xcc, 0x05, 0x50, 0x94, 0x7f, 0x71,
  0x50, 0xd5, 0x61, 0x4c, 0x04, 0x50, 0xb5, 0x62, 0x7c, 0x50, 0xb3, 0x7b, 0x50, 0xd0, 0x61, 0x4f,
  0x04, 0x50, 0x8f, 0x70, 0x50, 0x08, 0x7a, 0x50, 0xb4, 0x76, 0x50, 0xdf, 0x61, 0xd4, 0x02, 0x50,
  0x8e, 0x70, 0x50, 0x08, 0x7f, 0x70, 0x50, 0xd2, 0x61, 0xd6, 0x02, 0x50, 0x8d, 0x70, 0x50, 0x08,
  0x61, 0xf8, 0x02, 0x50, 0xd3, 0x61, 0x67, 0x01, 0x50, 0xb5, 0x61, 0x73, 0x01, 0x50, 0x8c, 0x50,
  0x08, 0x74, 0x50, 0x95, 0x61, 0x74, 0x01, 0x50, 0xb3, 0x61, 0x70, 0x01, 0x50, 0x8b, 0x70, 0x50,
  0x08, 0x7e, 0x50, 0xd4, 0x61, 0xd9, 0x02, 0x50, 0x8c, 0x70, 0x50, 0x08, 0x7a, 0x50, 0xb4, 0x61,
  0xdd, 0x02, 0x50, 0x8d, 0x70, 0x50, 0x08, 0x61, 0xf8, 0x02, 0x50, 0xd5, 0x61, 0xd9, 0x02, 0x50,
  0x8e, 0x70, 0x50, 0x08, 0x61, 0x76, 0x01, 0x50, 0xb5, 0x61, 0x72, 0x01, 0x50, 0x8f, 0x70, 0x50,
  0x08, 0x61, 0x79, 0x01, 0x50, 0xb3, 0x78, 0x50, 0xe4, 0x70, 0x50, 0xdf, 0x76, 0x50, 0xf1, 0x70,
  0x50, 0xe5, 0x61, 0x5e, 0x01, 0x50, 0x8e, 0x70, 0x50, 0x08, 0x62, 0x77, 0x50, 0x8d, 0x70, 0x50,
  0x08, 0x76, 0x50, 0xb4, 0x76, 0x50, 0xff, 0x62, 0x76, 0x50, 0xf4, 0x61, 0xde, 0x02, 0x50, 0x8c,
  0x70, 0x50, 0x08, 0x62, 0x78, 0x50, 0x8b, 0x70, 0x50, 0x08, 0x7b, 0x50, 0xf5, 0x61, 0x6a, 0x01,
  0x50, 0xb5, 0x61, 0x72, 0x01, 0x50, 0x8c, 0x70, 0x50, 0x08, 0x61, 0x76, 0x01, 0x50, 0xb6, 0x61,
  0x72, 0x01, 0x50, 0x8d, 0x70, 0x50, 0x08, 0x61, 0xf8, 0x02, 0x50, 0xf6, 0x61, 0xda, 0x02, 0x50,
  0x8e, 0x70, 0x50, 0x08, 0x76, 0x50, 0xb7, 0x62, 0x71, 0x50, 0x8f, 0x70, 0x50, 0x08, 0x62, 0x78,
  0x50, 0x8e, 0x70, 0x50, 0x08, 0x77, 0x50, 0xb8, 0x79, 0x50, 0xf7, 0x61, 0xd6, 0x02, 0x50, 0x8d,
  0x70, 0x50, 0x08, 0x7c, 0x50, 0xff, 0x77, 0x50, 0xd1, 0x78, 0x50, 0xd2, 0x61, 0xd4, 0x02, 0x50,
  0xb9, 0x62, 0x70, 0x50, 0x8c, 0x70, 0x50, 0x08, 0x78, 0x50, 0xa6, 0x70, 0x50, 0x0d, 0x61, 0xdd,
  0x02, 0x50, 0x8b, 0x70, 0x50, 0x08, 0x76, 0x50, 0xa5, 0x70, 0x50, 0x0d, 0x62, 0x71, 0x50, 0x8c,
  0x70, 0x50, 0x08, 0x75, 0x50, 0xa4, 0x70, 0x50, 0x0d, 0x7e, 0x50, 0xd3, 0x61, 0xd2, 0x02, 0x50,
  0x8d, 0x50, 0x08, 0x76, 0x50, 0xa3, 0x50, 0x0d, 0x74, 0x50, 0xba, 0x62, 0x71, 0x50, 0xa2, 0x70,
  0x50, 0x0d, 0x7e, 0x50, 0xd4, 0x61, 0xd5, 0x02, 0x50, 0x8e, 0x70, 0x50, 0x08, 0x75, 0x50, 0xa1,
  0x70, 0x50, 0x0d, 0x73, 0x50, 0xbb, 0x61, 0xdd, 0x02, 0x50, 0x8f, 0x70, 0x50, 0x08, 0x76, 0x50,
  0xa2, 0x50, 0x0d, 0x62, 0x72, 0x50, 0x8e, 0x50, 0x08, 0x76, 0x50, 0xa3, 0x50, 0x0d, 0x74, 0x50,
  0xbc, 0x7a, 0x50, 0xd5, 0x61, 0xd1, 0x02, 0x50, 0x8d, 0x70, 0x50, 0x08, 0x75, 0x50, 0xa4, 0x70,
  0x50, 0x0d, 0x62, 0x7a, 0x50, 0xa5, 0x70, 0x50, 0x0d, 0x73, 0x50, 0xbd, 0x61, 0xdb, 0x02, 0x50,
  0x8c, 0x70, 0x50, 0x08, 0x78, 0x50, 0xb3, 0x71, 0x50, 0xa9, 0x70, 0x50, 0x0a, 0x78, 0x50, 0xdf,
  0x77, 0x50, 0xd0, 0x61, 0xcc, 0x02, 0x50, 0x8b, 0x50, 0x08, 0x77, 0x50, 0xb4, 0x77, 0x50, 0xdf,
  0x61, 0xd9, 0x02, 0x50, 0x8c, 0x70, 0x50, 0x08, 0x7e, 0x50, 0xd2, 0x61, 0xd9, 0x02, 0x50, 0x8d,
  0x70, 0x50, 0x08, 0x61, 0xf9, 0x02, 0x50, 0xd3, 0x61, 0xd8, 0x02, 0x50, 0x8e, 0x70, 0x50, 0x08,
  0x75, 0x50, 0xb5, 0x61, 0x72, 0x01, 0x50, 0xb3, 0x71, 0x50, 0xae, 0x70, 0x50, 0x08, 0x61, 0x6d,
  0x01, 0x50, 0x8f, 0x50, 0x08, 0x7b, 0x50, 0xd4, 0x61, 0xdd, 0x02, 0x50, 0x8e, 0x70, 0x50, 0x08,
  0x76, 0x50, 0xb4, 0x62, 0x71, 0x50, 0x8d, 0x70, 0x50, 0x08, 0x61, 0xf4, 0x02, 0x50, 0xd5, 0x61,
  0xdd, 0x02, 0x50, 0x8c, 0x70, 0x50, 0x08, 0x61, 0x76, 0x01, 0x50, 0xb5, 0x61, 0x72, 0x01, 0x50,
  0x8b, 0x70, 0x50, 0x08, 0x61, 0x7a, 0x01, 0x50, 0xb3, 0x71, 0x50, 0xaa, 0x70, 0x50, 0x06, 0x75,
  0x50, 0xdf, 0x77, 0x50, 0xd1, 0x61, 0x5e, 0x01, 0x50, 0x8c, 0x70, 0x50, 0x08, 0x7b, 0x50, 0xd2,
  0x61, 0xdb, 0x02, 0x50, 0x8d, 0x70, 0x50, 0x08, 0x76, 0x50, 0xb4, 0x76, 0x50, 0xd3, 0x61, 0xc4,
  0x05, 0x50, 0x8e, 0x50, 0x08, 0x7d, 0x50, 0xd4, 0x61, 0xdb, 0x02, 0x50, 0x8f, 0x70, 0x50, 0x08,
  0x61, 0x76, 0x01, 0x50, 0xb5, 0x61, 0x72, 0x01, 0x50, 0x8e, 0x70, 0x50, 0x08, 0x61, 0x76, 0x01,
  0x50, 0xb6, 0x79, 0x50, 0xd1, 0x61, 0x68, 0x01, 0x50, 0x8d, 0x70, 0x50, 0x08, 0x7d, 0x50, 0xd2,
  0x62, 0x76, 0x50, 0xd3, 0x61, 0xdd, 0x02, 0x50, 0x8c, 0x70, 0x50, 0x08, 0x76, 0x50, 0xb7, 0x62,
  0x71, 0x50, 0x8b, 0x70, 0x50, 0x08, 0x7d, 0x50, 0xd4, 0x61, 0xdb, 0x02, 0x50, 0x8c, 0x70, 0x50,
  0x08, 0x76, 0x50, 0xb8, 0x61, 0x6e, 0x01, 0x50, 0xb9, 0x61, 0x73, 0x01, 0x50, 0x8d, 0x50, 0x08,
  0x61, 0x7b, 0x01, 0x50, 0xb3, 0x71, 0x50, 0xa9, 0x70, 0x50, 0x0a, 0x74, 0x50, 0xe4, 0x70, 0x50,
  0xdf, 0x77, 0x50, 0xf1, 0x70, 0x50, 0xe5, 0x61, 0x45, 0x04, 0x50, 0x8e, 0x70, 0x50, 0x08, 0x76,
  0x50, 0xb4, 0x75, 0x50, 0xff, 0x61, 0xdb, 0x02, 0x50, 0x8f, 0x70, 0x50, 0x08, 0x7d, 0x50, 0xf4,
  0x61, 0xdb, 0x02, 0x50, 0x8e, 0x70, 0x50, 0x08, 0x7f, 0x70, 0x50, 0xf5, 0x61, 0xd7, 0x02, 0x50,
  0x8d, 0x50, 0x08, 0x75, 0x50, 0xb5, 0x62, 0x7a, 0x50, 0xb3, 0x71, 0x50, 0xae, 0x70, 0x50, 0x08,
  0x62, 0x50, 0x8c, 0x70, 0x50, 0x08, 0x76, 0x50, 0xb4, 0x79, 0x50, 0xf6, 0x61, 0xd7, 0x02, 0x50,
  0x8b, 0x70, 0x50, 0x08, 0x62, 0x79, 0x50, 0x8c, 0x50, 0x08, 0x62, 0x78, 0x50, 0x8d, 0x70, 0x50,
  0x08, 0x7f, 0x70, 0x50, 0xf7, 0x61, 0xdc, 0x02, 0x50, 0xb5, 0x62, 0x74, 0x50, 0x8e, 0x70, 0x50,
  0x08, 0x79, 0x50, 0xb3, 0x72, 0x50, 0xaa, 0x50, 0x06, 0x79, 0x50, 0xff, 0x76, 0x50, 0xd1, 0x78,
  0x50, 0xd2, 0x61, 0xc2, 0x02, 0x50, 0x8f, 0x50, 0x08, 0x77, 0x50, 0xb4, 0x62, 0x71, 0x50, 0x8e,
  0x70, 0x50, 0x08, 0x62, 0x78, 0x50, 0x8d, 0x70, 0x50, 0x08, 0x61, 0xf9, 0x02, 0x50, 0xd3, 0x61,
  0xd8, 0x02, 0x50, 0x8c, 0x70, 0x50, 0x08, 0x62, 0x78, 0x50, 0x8b, 0x70, 0x50, 0x08, 0x7f, 0x72,
  0x50, 0xd4, 0x61, 0xd6, 0x02, 0x50, 0x8c, 0x70, 0x50, 0x08, 0x62, 0x77, 0x50, 0x8d, 0x70, 0x50,
  0x08, 0x62, 0x7e, 0x50, 0xb5, 0x7a, 0x50, 0xd5, 0x61, 0xd9, 0x02, 0x50, 0x8e, 0x50, 0x08, 0x62,
  0x78, 0x50, 0x96, 0x74, 0x50, 0x8f, 0x70, 0x50, 0x08, 0x79, 0x50, 0xb6, 0x61, 0xda, 0x02, 0x50,
  0x97, 0x74, 0x50, 0x8e, 0x70, 0x50, 0x08, 0x7c, 0x50, 0xb3, 0x71, 0x50, 0xa4, 0x70, 0x50, 0x06,
  0x77, 0x50, 0xdf, 0x77, 0x50, 0xd0, 0x72, 0x50, 0xca, 0x50, 0x21, 0x61, 0xbf, 0x02, 0x50, 0x8d,
  0x70, 0x50, 0x08, 0x74, 0x50, 0x98, 0x75, 0x50, 0xb4, 0x77, 0x50, 0xdf, 0x62, 0x76, 0x50, 0xd2,
  0x61, 0xd9, 0x02, 0x50, 0x8c, 0x70, 0x50, 0x08, 0x73, 0x50, 0x99, 0x62, 0x74, 0x50, 0x8b, 0x70,
  0x50, 0x08, 0x7f, 0x70, 0x50, 0xd3, 0x61, 0xd7, 0x02, 0x50, 0x8c, 0x70, 0x50, 0x08, 0x74, 0x50,
  0x9a, 0x62, 0x73, 0x50, 0x8d, 0x70, 0x50, 0x08, 0x7f, 0x70, 0x50, 0xd4, 0x61, 0xc0, 0x05, 0x50,
  0x8e, 0x70, 0x50, 0x08, 0x62, 0x78, 0x50, 0x8f, 0x70, 0x50, 0x08, 0x74, 0x50, 0x9b, 0x75, 0x50,
  0xb5, 0x76, 0x50, 0xd5, 0x61, 0xd7, 0x02, 0x50, 0x8e, 0x70, 0x50, 0x08, 0x61, 0x73, 0x01, 0x50,
  0x9c, 0x61, 0x75, 0x01, 0x50, 0x8d, 0x50, 0x08, 0x74, 0x50, 0x9d, 0x61, 0x72, 0x01, 0x50, 0x92,
  0x72, 0x50, 0x80, 0x50, 0x0a, 0x7a, 0x50, 0xd0, 0x61, 0x4e, 0x04, 0x50, 0x93, 0x7f, 0x71, 0x50,
  0xdf, 0x62, 0x76, 0x50, 0xd2, 0x61, 0xc9, 0x05, 0x50, 0xa3, 0x70, 0x50, 0x06, 0x79, 0x50, 0xd3,
  0x62, 0x71, 0x50, 0xb6, 0x62, 0x76, 0x50, 0xa2, 0x70, 0x50, 0x06, 0x7a, 0x50, 0xd4, 0x61, 0xde,
  0x02, 0x50, 0xa3, 0x50, 0x06, 0x61, 0xcc, 0x05, 0x50, 0x94, 0x74, 0x50, 0xa4, 0x70, 0x50, 0x06,
  0x7a, 0x50, 0xd5, 0x61, 0xcf, 0x05, 0x50, 0xe4, 0x71, 0x50, 0xdf, 0x76, 0x50, 0xf1, 0x70, 0x50,
  0xe5, 0x61, 0xde, 0x02, 0x50, 0xff, 0x61, 0xde, 0x02, 0x50, 0x81, 0x70, 0x50, 0x0a, 0x7e, 0x50,
  0xf4, 0x61, 0xd7, 0x02, 0x50, 0x80, 0x70, 0x50, 0x0a, 0x79, 0x50, 0xa3, 0x70, 0x50, 0x06, 0x61,
  0xdd, 0x02, 0x50, 0x8f, 0x70, 0x50, 0x09, 0x7f, 0x71, 0x50, 0xf5, 0x61, 0xde, 0x02, 0x50, 0xa2,
  0x70, 0x50, 0x06, 0x62, 0x70, 0x50, 0x8e, 0x70, 0x50, 0x09, 0x73, 0x50, 0x95, 0x75, 0x50, 0xa3,
  0x70, 0x50, 0x06, 0x61, 0xdd, 0x02, 0x50, 0x8d, 0x70, 0x50, 0x09, 0x7f, 0x72, 0x50, 0xf6, 0x61,
  0xd6, 0x02, 0x50, 0x8e, 0x70, 0x50, 0x09, 0x79, 0x50, 0xa4, 0x50, 0x06, 0x61, 0xdd, 0x02, 0x50,
  0x8f, 0x70, 0x50, 0x09, 0x61, 0xfa, 0x02, 0x50, 0xf7, 0x61, 0xd7, 0x02, 0x50, 0x96, 0x74, 0x50,
  0x80, 0x70, 0x50, 0x0a, 0x62, 0x77, 0x50, 0x92, 0x71, 0x50, 0x8e, 0x70, 0x50, 0x08, 0x7c, 0x50,
  0xff, 0x77, 0x50, 0xd1, 0x78, 0x50, 0xd2, 0x61, 0xc6, 0x02, 0x50, 0x93, 0x75, 0x50, 0xa3, 0x70,
  0x50, 0x06, 0x61, 0xd1, 0x05, 0x50, 0xa2, 0x70, 0x50, 0x06, 0x62, 0x79, 0x50, 0xa3, 0x70, 0x50,
  0x06, 0x7a, 0x50, 0xd3, 0x61, 0xc6, 0x05, 0x50, 0xa4, 0x50, 0x06, 0x7b, 0x50, 0xd4, 0x61, 0xa9,
  0x08, 0x50, 0x94, 0x7a, 0x50, 0xd5, 0x61, 0x51, 0x04, 0x50, 0x95, 0x61, 0x7b, 0x01, 0x50, 0xa3,
  0x70, 0x50, 0x06, 0x73, 0x50, 0xb7, 0x61, 0x6c, 0x01, 0x50, 0x92, 0x72, 0x50, 0x86, 0x50, 0x08,
  0x79, 0x50, 0xb3, 0x72, 0x50, 0xa0, 0x50, 0x0a, 0x75, 0x50, 0xdf, 0x77, 0x50, 0xd0, 0x61, 0x3f,
  0x04, 0x50, 0x93, 0x75, 0x50, 0xb4, 0x77, 0x50, 0xdf, 0x62, 0x78, 0x50, 0xd2, 0x61, 0xd2, 0x05,
  0x50, 0xd3, 0x61, 0x68, 0x01, 0x50, 0xb5, 0x62, 0x7c, 0x50, 0xb3, 0x71, 0x50, 0xa6, 0x70, 0x50,
  0x08, 0x61, 0x79, 0x01, 0x50, 0xd4, 0x62, 0x75, 0x50, 0xb4, 0x61, 0xcb, 0x05, 0x50, 0x94, 0x7c,
  0x50, 0xd5, 0x61, 0x52, 0x04, 0x50, 0xb5, 0x62, 0x7d, 0x50, 0xb3, 0x71, 0x50, 0xa4, 0x70, 0x50,
  0x06, 0x74, 0x50, 0xdf, 0x78, 0x50, 0xd1, 0x61, 0x6a, 0x01, 0x50, 0xd2, 0x62, 0x50, 0x87, 0x70,
  0x50, 0x08, 0x7a, 0x50, 0xb4, 0x75, 0x50, 0xd3, 0x61, 0xd5, 0x02, 0x50, 0x86, 0x70, 0x50, 0x08,
  0x62, 0x77, 0x50, 0x85, 0x70, 0x50, 0x08, 0x7f, 0x70, 0x50, 0xd4, 0x61, 0x4c, 0x04, 0x50, 0x95,
  0x76, 0x50, 0xb5, 0x61, 0x6e, 0x01, 0x50, 0x84, 0x50, 0x08, 0x74, 0x50, 0x96, 0x61, 0x72, 0x01,
  0x50, 0x92, 0x72, 0x50, 0x8e, 0x70, 0x50, 0x08, 0x75, 0x50, 0xb6, 0x78, 0x50, 0xd1, 0x61, 0x71,
  0x01, 0x50, 0xd2, 0x61, 0xd9, 0x02, 0x50, 0x93, 0x61, 0xf0, 0x02, 0x50, 0xb7, 0x7a, 0x50, 0xd3,
  0x61, 0xc6, 0x05, 0x50, 0xb8, 0x75, 0x50, 0xb9, 0x62, 0x77, 0x50, 0xb3, 0x71, 0x50, 0xa0, 0x70,
  0x50, 0x0a, 0x77, 0x50, 0xe4, 0x71, 0x50, 0xdf, 0x76, 0x50, 0xf1, 0x70, 0x50, 0xe5, 0x61, 0xd1,
  0x02, 0x50, 0xb4, 0x76, 0x50, 0xff, 0x62, 0x79, 0x50, 0xf4, 0x61, 0xc5, 0x05, 0x50, 0x94, 0x7f,
  0x70, 0x50, 0xf5, 0x61, 0xdd, 0x02, 0x50, 0xb5, 0x62, 0x7c, 0x50, 0xb3, 0x72, 0x50, 0xa6, 0x50,
  0x08, 0x62, 0x75, 0x50, 0xb4, 0x79, 0x50, 0xf6, 0x61, 0xd9, 0x02, 0x50, 0x8f, 0x70, 0x50, 0x08,
  0x62, 0x76, 0x50, 0x8e, 0x70, 0x50, 0x08, 0x62, 0x78, 0x50, 0x8d, 0x70, 0x50, 0x08, 0x7f, 0x74,
  0x50, 0xf7, 0x61, 0xd3, 0x02, 0x50, 0x95, 0x76, 0x50, 0x96, 0x74, 0x50, 0xb5, 0x62, 0x70, 0x50,
  0x92, 0x71, 0x50, 0x80, 0x70, 0x50, 0x0a, 0x7c, 0x50, 0xb3, 0x71, 0x50, 0xa4, 0x70, 0x50, 0x06,
  0x78, 0x50, 0xff, 0x77, 0x50, 0xd1, 0x78, 0x50, 0xd2, 0x61, 0xbb, 0x02, 0x50, 0x93, 0x76, 0x50,
  0xb4, 0x61, 0xc6, 0x08, 0x50, 0xd3, 0x61, 0xcd, 0x05, 0x50, 0xd4, 0x61, 0xae, 0x08, 0x50, 0x94,
  0x76, 0x50, 0xb5, 0x75, 0x50, 0xd5, 0x61, 0x50, 0x04, 0x50, 0x95, 0x75, 0x50, 0xb6, 0x62, 0x76,
  0x50, 0x92, 0x71, 0x50, 0x8e, 0x70, 0x50, 0x08, 0x79, 0x50, 0xb3, 0x71, 0x50, 0xa5, 0x70, 0x50,
  0x0d, 0x74, 0x50, 0xdf, 0x77, 0x50, 0xd0, 0x72, 0x50, 0xca, 0x50, 0x23, 0x61, 0x3c, 0x04, 0x50,
  0x93, 0x75, 0x50, 0xb4, 0x77, 0x50, 0xdf, 0x62, 0x78, 0x50, 0xd2, 0x61, 0xd2, 0x05, 0x50, 0xd3,
  0x61, 0x68, 0x01, 0x50, 0xb5, 0x62, 0x7c, 0x50, 0xb3, 0x61, 0x7c, 0x01, 0x50, 0xd4, 0x62, 0x75,
  0x50, 0xb4, 0x61, 0xcc, 0x05, 0x50, 0x94, 0x7c, 0x50, 0xd5, 0x61, 0x51, 0x04, 0x50, 0xb5, 0x62,
  0x7c, 0x50, 0xb3, 0x7b, 0x50, 0xd0, 0x61, 0x50, 0x04, 0x50, 0x8f, 0x70, 0x50, 0x08, 0x7a, 0x50,
  0xb4, 0x77, 0x50, 0xdf, 0x61, 0xd3, 0x02, 0x50, 0x8e, 0x50, 0x08, 0x7f, 0x72, 0x50, 0xd2, 0x61,
  0xd5, 0x02, 0x50, 0x8d, 0x70, 0x50, 0x08, 0x7f, 0x76, 0x50, 0xd3, 0x61, 0xd9, 0x02, 0x50, 0xb5,
  0x62, 0x72, 0x50, 0x8c, 0x50, 0x08, 0x74, 0x50, 0x95, 0x77, 0x50, 0xb3, 0x7f, 0x71, 0x50, 0xd4,
  0x61, 0xca, 0x02, 0x50, 0x8b, 0x50, 0x08, 0x7b, 0x50, 0xb4, 0x61, 0xdd, 0x02, 0x50, 0x8c, 0x70,
  0x50, 0x08, 0x62, 0x78, 0x50, 0x8d, 0x70, 0x50, 0x08, 0x7f, 0x75, 0x50, 0xd5, 0x61, 0xbb, 0x05,
  0x50, 0x8e, 0x70, 0x50, 0x08, 0x79, 0x50, 0xb5, 0x61, 0xde, 0x02, 0x50, 0x8f, 0x70, 0x50, 0x08,
  0x7c, 0x50, 0xb3, 0x7b, 0x50, 0xe4, 0x70, 0x50, 0xdf, 0x76, 0x50, 0xf1, 0x70, 0x50, 0xe5, 0x61,
  0xc7, 0x02, 0x50, 0x8e, 0x70, 0x50, 0x08, 0x76, 0x50, 0xb4, 0x76, 0x50, 0xff, 0x61, 0xd9, 0x02,
  0x50, 0x8d, 0x70, 0x50, 0x08, 0x7d, 0x50, 0xf4, 0x61, 0xc4, 0x05, 0x50, 0x8c, 0x50, 0x08, 0x7f,
  0x71, 0x50, 0xf5, 0x61, 0xd7, 0x02, 0x50, 0x8b, 0x70, 0x50, 0x08, 0x75, 0x50, 0xb5, 0x62, 0x72,
  0x50, 0x8c, 0x70, 0x50, 0x08, 0x76, 0x50, 0xb6, 0x62, 0x71, 0x50, 0x8d, 0x70, 0x50, 0x08, 0x7f,
  0x70, 0x50, 0xf6, 0x61, 0xdd, 0x02, 0x50, 0xb7, 0x62, 0x73, 0x50, 0x8e, 0x70, 0x50, 0x08, 0x62,
  0x78, 0x50, 0x8f, 0x70, 0x50, 0x08, 0x77, 0x50, 0xb8, 0x79, 0x50, 0xf7, 0x61, 0xd7, 0x02, 0x50,
  0x8e, 0x70, 0x50, 0x08, 0x61, 0x77, 0x01, 0x50, 0xff, 0x77, 0x50, 0xd1, 0x61, 0x68, 0x01, 0x50,
  0x8d, 0x70, 0x50, 0x08, 0x76, 0x50, 0xb9, 0x76, 0x50, 0xd2, 0x62, 0x71, 0x50, 0xa6, 0x70, 0x50,
  0x0d, 0x62, 0x71, 0x50, 0x8c, 0x70, 0x50, 0x08, 0x75, 0x50, 0xa5, 0x70, 0x50, 0x0d, 0x62, 0x71,
  0x50, 0x8b, 0x70, 0x50, 0x08, 0x75, 0x50, 0xa4, 0x70, 0x50, 0x0d, 0x62, 0x72, 0x50, 0x8c, 0x70,
  0x50, 0x08, 0x75, 0x50, 0xa3, 0x50, 0x0d, 0x74, 0x50, 0xba, 0x75, 0x50, 0xd3, 0x61, 0xd7, 0x02,
  0x50, 0x8d, 0x50, 0x08, 0x75, 0x50, 0xa2, 0x70, 0x50, 0x0d, 0x62, 0x76, 0x50, 0xa1, 0x70, 0x50,
  0x0d, 0x73, 0x50, 0xbb, 0x75, 0x50, 0xd4, 0x61, 0xda, 0x02, 0x50, 0x8e, 0x70, 0x50, 0x08, 0x75,
  0x50, 0xa2, 0x70, 0x50, 0x0d, 0x62, 0x71, 0x50, 0x8f, 0x70, 0x50, 0x08, 0x74, 0x50, 0xa3, 0x70,
  0x50, 0x0d, 0x74, 0x50, 0xbc, 0x61, 0xde, 0x02, 0x50, 0x8e, 0x50, 0x08, 0x75, 0x50, 0xa4, 0x70,
  0x50, 0x0d, 0x7a, 0x50, 0xd5, 0x61, 0xd6, 0x02, 0x50, 0x8d, 0x70, 0x50, 0x08, 0x75, 0x50, 0xa5,
  0x70, 0x50, 0x0d, 0x61, 0x6d, 0x01, 0x50, 0x96, 0x75, 0x50, 0xbd, 0x61, 0x76, 0x01, 0x50, 0xa6,
  0x70, 0x50, 0x0d, 0x61, 0x6f, 0x01, 0x50, 0x92, 0x71, 0x50, 0x85, 0x70, 0x50, 0x0d, 0x79, 0x50,
  0xb3, 0x71, 0x50, 0xad, 0x70, 0x50, 0x11, 0x75, 0x50, 0xdf, 0x77, 0x50, 0xd0, 0x61, 0x3e, 0x04,
  0x50, 0x93, 0x76, 0x50, 0xb4, 0x76, 0x50, 0xdf, 0x62, 0x78, 0x50, 0xd2, 0x61, 0xd2, 0x05, 0x50,
  0xd3, 0x61, 0x69, 0x01, 0x50, 0xb5, 0x62, 0x7c, 0x50, 0xb3, 0x61, 0x7b, 0x01, 0x50, 0xd4, 0x62,
  0x75, 0x50, 0xb4, 0x61, 0xcc, 0x05, 0x50, 0x94, 0x7f, 0x72, 0x50, 0xd5, 0x61, 0xdc, 0x02, 0x50,
  0xb5, 0x62, 0x7a, 0x50, 0xb6, 0x7a, 0x50, 0xdf, 0x77, 0x50, 0xd1, 0x78, 0x50, 0xd2, 0x61, 0xd9,
  0x02, 0x50, 0xd3, 0x61, 0xd8, 0x02, 0x50, 0x86, 0x70, 0x50, 0x0d, 0x7a, 0x50, 0xb7, 0x61, 0xdb,
  0x02, 0x50, 0x85, 0x70, 0x50, 0x0d, 0x7f, 0x75, 0x50, 0xd4, 0x61, 0xd2, 0x02, 0x50, 0x84, 0x50,
  0x0d, 0x7b, 0x50, 0xb8, 0x61, 0xdd, 0x02, 0x50, 0x83, 0x70, 0x50, 0x0d, 0x62, 0x78, 0x50, 0x82,
  0x70, 0x50, 0x0d, 0x73, 0x50, 0x95, 0x76, 0x50, 0xb9, 0x78, 0x50, 0xd1, 0x78, 0x50, 0xd2, 0x61,
  0xcb, 0x02, 0x50, 0x81, 0x70, 0x50, 0x0d, 0x7f, 0x75, 0x50, 0xd3, 0x61, 0xd3, 0x02, 0x50, 0x82,
  0x50, 0x0d, 0x7c, 0x50, 0xae, 0x70, 0x50, 0x11, 0x61, 0xda, 0x02, 0x50, 0x83, 0x70, 0x50, 0x0d,
  0x79, 0x50, 0xad, 0x70, 0x50, 0x11, 0x7f, 0x50, 0xd4, 0x61, 0xcd, 0x02, 0x50, 0x84, 0x70, 0x50,
  0x0d, 0x79, 0x50, 0xac, 0x70, 0x50, 0x11, 0x73, 0x50, 0xba, 0x61, 0xd9, 0x02, 0x50, 0x96, 0x74,
  0x50, 0x85, 0x70, 0x50, 0x0d, 0x78, 0x50, 0xbb, 0x74, 0x50, 0xaa, 0x70, 0x50, 0x11, 0x61, 0xd7,
  0x02, 0x50, 0x92, 0x72, 0x50, 0x89, 0x50, 0x0a, 0x7c, 0x50, 0xb3, 0x72, 0x50, 0xa5, 0x50, 0x0d,
  0x78, 0x50, 0xe4, 0x70, 0x50, 0xdf, 0x76, 0x50, 0xf1, 0x71, 0x50, 0xe5, 0x61, 0xc2, 0x02, 0x50,
  0x93, 0x76, 0x50, 0xb4, 0x76, 0x50, 0xff, 0x62, 0x79, 0x50, 0xf4, 0x61, 0xd5, 0x05, 0x50, 0xf5,
  0x61, 0xde, 0x02, 0x50, 0xb5, 0x62, 0x7c, 0x50, 0xb3, 0x62, 0x78, 0x50, 0xb4, 0x79, 0x50, 0xf6,
  0x61, 0xc1, 0x05, 0x50, 0x94, 0x61, 0xf5, 0x02, 0x50, 0xf7, 0x61, 0x69, 0x01, 0x50, 0xb5, 0x62,
  0x7a, 0x50, 0xb6, 0x75, 0x50, 0xff, 0x77, 0x50, 0xd1, 0x61, 0x73, 0x01, 0x50, 0xd2, 0x61, 0xdc,
  0x02, 0x50, 0x8a, 0x70, 0x50, 0x0a, 0x62, 0x76, 0x50, 0x89, 0x70, 0x50, 0x0a, 0x7a, 0x50, 0xb7,
  0x61, 0xdd, 0x02, 0x50, 0x88, 0x70, 0x50, 0x0a, 0x62, 0x78, 0x50, 0x87, 0x70, 0x50, 0x0a, 0x7a,
  0x50, 0xb8, 0x75, 0x50, 0xd3, 0x61, 0xda, 0x02, 0x50, 0x95, 0x62, 0x76, 0x50, 0x86, 0x70, 0x50,
  0x0a, 0x7a, 0x50, 0xb9, 0x75, 0x50, 0xd4, 0x61, 0xd8, 0x02, 0x50, 0x87, 0x70, 0x50, 0x0a, 0x7b,
  0x50, 0xa6, 0x70, 0x50, 0x0d, 0x62, 0x73, 0x50, 0xa5, 0x50, 0x0d, 0x62, 0x70, 0x50, 0x88, 0x70,
  0x50, 0x0a, 0x79, 0x50, 0xa4, 0x50, 0x0d, 0x7a, 0x50, 0xd5, 0x61, 0xd4, 0x02, 0x50, 0x89, 0x70,
  0x50, 0x0a, 0x78, 0x50, 0xa3, 0x70, 0x50, 0x0d, 0x73, 0x50, 0xba, 0x61, 0x65, 0x01, 0x50, 0x96,
  0x76, 0x50, 0xbb, 0x61, 0x6e, 0x01, 0x50, 0x8a, 0x50, 0x0a, 0x79, 0x50, 0xa2, 0x70, 0x50, 0x0d,
  0x61, 0x6c, 0x01, 0x50, 0x92, 0x72, 0x50, 0x8e, 0x50, 0x0b, 0x78, 0x50, 0xb3, 0x71, 0x50, 0xa0,
  0x70, 0x50, 0x0a, 0x75, 0x50, 0xdf, 0x77, 0x50, 0xd0, 0x71, 0x50, 0xce, 0x70, 0x50, 0x2c, 0x61,
  0x3c, 0x04, 0x50, 0x93, 0x76, 0x50, 0xb4, 0x76, 0x50, 0xdf, 0x62, 0x79, 0x50, 0xd2, 0x61, 0xd2,
  0x05, 0x50, 0xd3, 0x61, 0x68, 0x01, 0x50, 0xb5, 0x61, 0x7d, 0x01, 0x50, 0xb3, 0x62, 0x77, 0x50,
  0xb4, 0x7a, 0x50, 0xd4, 0x61, 0xaa, 0x08, 0x50, 0x94, 0x7f, 0x71, 0x50, 0xd5, 0x61, 0xdc, 0x02,
  0x50, 0xb5, 0x62, 0x7a, 0x50, 0xb6, 0x7d, 0x50, 0xd0, 0x62, 0x74, 0x50, 0xdf, 0x61, 0xdb, 0x02,
  0x50, 0x8f, 0x70, 0x50, 0x0b, 0x7b, 0x50, 0xb7, 0x76, 0x50, 0xd2, 0x61, 0xd3, 0x02, 0x50, 0x8e,
  0x70, 0x50, 0x0b, 0x62, 0x78, 0x50, 0x8d, 0x70, 0x50, 0x0b, 0x7a, 0x50, 0xb8, 0x7a, 0x50, 0xd3,
  0x61, 0xd2, 0x02, 0x50, 0x8c, 0x70, 0x50, 0x0b, 0x62, 0x78, 0x50, 0x8b, 0x70, 0x50, 0x0b, 0x73,
  0x50, 0x95, 0x77, 0x50, 0xb9, 0x7a, 0x50, 0xd4, 0x61, 0xd1, 0x02, 0x50, 0x8a, 0x70, 0x50, 0x0b,
  0x7c, 0x50, 0xa1, 0x70, 0x50, 0x0a, 0x61, 0xdb, 0x02, 0x50, 0x8b, 0x70, 0x50, 0x0b, 0x79, 0x50,
  0xa0, 0x70, 0x50, 0x0a, 0x61, 0xdd, 0x02, 0x50, 0x8c, 0x50, 0x0b, 0x79, 0x50, 0xaf, 0x70, 0x50,
  0x09, 0x7f, 0x50, 0xd5, 0x61, 0xce, 0x02, 0x50, 0x8d, 0x50, 0x0b, 0x7c, 0x50, 0xba, 0x61, 0xdc,
  0x02, 0x50, 0x8e, 0x70, 0x50, 0x0b, 0x79, 0x50, 0xae, 0x50, 0x09, 0x61, 0xde, 0x02, 0x50, 0x8f,
  0x70, 0x50, 0x0b, 0x79, 0x50, 0xad, 0x70, 0x50, 0x09, 0x73, 0x50, 0xbb, 0x74, 0x50, 0xe4, 0x70,
  0x50, 0xdf, 0x77, 0x50, 0xf1, 0x70, 0x50, 0xe5, 0x61, 0xcb, 0x02, 0x50, 0x8e, 0x50, 0x0b, 0x76,
  0x50, 0xae, 0x70, 0x50, 0x09, 0x7a, 0x50, 0xff, 0x61, 0xd5, 0x02, 0x50, 0x8d, 0x70, 0x50, 0x0b,
  0x75, 0x50, 0xaf, 0x70, 0x50, 0x09, 0x73, 0x50, 0xbc, 0x76, 0x50, 0xf4, 0x61, 0xd6, 0x02, 0x50,
  0x8c, 0x70, 0x50, 0x0b, 0x62, 0x78, 0x50, 0x8b, 0x70, 0x50, 0x0b, 0x74, 0x50, 0xa0, 0x70, 0x50,
  0x0a, 0x79, 0x50, 0xf5, 0x61, 0xd8, 0x02, 0x50, 0x8a, 0x70, 0x50, 0x0b, 0x74, 0x50, 0xa1, 0x70,
  0x50, 0x0a, 0x62, 0x73, 0x50, 0x8b, 0x50, 0x0b, 0x76, 0x50, 0xa0, 0x50, 0x0a, 0x74, 0x50, 0xbd,
  0x61, 0xdc, 0x02, 0x50, 0x8c, 0x70, 0x50, 0x0b, 0x75, 0x50, 0xaf, 0x70, 0x50, 0x09, 0x79, 0x50,
  0xf6, 0x61, 0xd7, 0x02, 0x50, 0x8d, 0x70, 0x50, 0x0b, 0x78, 0x50, 0xbe, 0x62, 0x50, 0x8e, 0x70,
  0x50, 0x0b, 0x75, 0x50, 0xae, 0x70, 0x50, 0x09, 0x62, 0x72, 0x50, 0x8f, 0x50, 0x0b, 0x75, 0x50,
  0xad, 0x70, 0x50, 0x09, 0x73, 0x50, 0xbf, 0x75, 0x50, 0xf7, 0x61, 0x63, 0x01, 0x50, 0x96, 0x61,
  0x75, 0x01, 0x50, 0x8e, 0x70, 0x50, 0x0b, 0x79, 0x50, 0xae, 0x70, 0x50, 0x09, 0x61, 0x6b, 0x01,
  0x50, 0x92, 0x72, 0x50, 0x80, 0x50, 0x0a, 0x78, 0x50, 0xb3, 0x72, 0x50, 0xae, 0x50, 0x0b, 0x76,
  0x50, 0xff, 0x76, 0x50, 0xd1, 0x61, 0x60, 0x01, 0x50, 0xd2, 0x62, 0x50, 0x93, 0x76, 0x50, 0xb4,
  0x61, 0xc2, 0x08, 0x50, 0xd3, 0x61, 0x66, 0x01, 0x50, 0x94, 0x62, 0x7a, 0x50, 0x95, 0x61, 0x75,
  0x01, 0x50, 0x96, 0x7c, 0x50, 0xd4, 0x61, 0xb5, 0x08, 0x50, 0xb5, 0x75, 0x50, 0xd5, 0x61, 0xdd,
  0x02, 0x50, 0x97, 0x61, 0x73, 0x01, 0x50, 0x98, 0x75, 0x50, 0xb6, 0x62, 0x76, 0x50, 0x92, 0x71,
  0x50, 0x86, 0x70, 0x50, 0x08, 0x78, 0x50, 0xb3, 0x71, 0x50, 0xa0, 0x70, 0x50, 0x0a, 0x74, 0x50,
  0xdf, 0x77, 0x50, 0xd0, 0x61, 0x40, 0x04, 0x50, 0x93, 0x76, 0x50, 0xb4, 0x77, 0x50, 0xdf, 0x62,
  0x78, 0x50, 0xd2, 0x62, 0x7e, 0x50, 0xd3, 0x61, 0xd2, 0x05, 0x50, 0xd4, 0x61, 0xbb, 0x08, 0x50,
  0xd5, 0x61, 0xd7, 0x02, 0x50, 0x94, 0x76, 0x50, 0xb5, 0x62, 0x71, 0x50, 0x95, 0x7a, 0x50, 0xb6,
  0x62, 0x71, 0x50, 0x92, 0x71, 0x50, 0x87, 0x70, 0x50, 0x07, 0x7a, 0x50, 0xb3, 0x72, 0x50, 0xae,
  0x70, 0x50, 0x08, 0x77, 0x50, 0xdf, 0x77, 0x50, 0xd1, 0x79, 0x50, 0xd2, 0x61, 0xbc, 0x02, 0x50,
  0x93, 0x76, 0x50, 0xb4, 0x7a, 0x50, 0xd3, 0x61, 0xd2, 0x05, 0x50, 0xd4, 0x61, 0xb9, 0x08, 0x50,
  0xd1, 0x78, 0x50, 0xd2, 0x62, 0x72, 0x50, 0xd3, 0x61, 0xc0, 0x05, 0x50, 0x94, 0x76, 0x50, 0xb5,
  0x7a, 0x50, 0xd4, 0x61, 0x4b, 0x04, 0x50, 0x95, 0x75, 0x50, 0xb6, 0x62, 0x75, 0x50, 0x92, 0x72,
  0x50, 0x86, 0x50, 0x08, 0x78, 0x50, 0xb3, 0x71, 0x50, 0xa0, 0x70, 0x50, 0x0a, 0x75, 0x50, 0xe4,
  0x70, 0x50, 0xdf, 0x76, 0x50, 0xf1, 0x70, 0x50, 0xe5, 0x61, 0x3e, 0x04, 0x50, 0x93, 0x76, 0x50,
  0xb4, 0x76, 0x50, 0xff, 0x62, 0x78, 0x50, 0xf4, 0x61, 0xd2, 0x05, 0x50, 0xf5, 0x61, 0xbb, 0x08,
  0x50, 0xf6, 0x61, 0xc6, 0x05, 0x50, 0x94, 0x76, 0x50, 0xb5, 0x62, 0x7f, 0x50, 0xf7, 0x61, 0x67,
  0x01, 0x50, 0x95, 0x75, 0x50, 0xb6, 0x62, 0x76, 0x50, 0x92, 0x71, 0x50, 0x87, 0x70, 0x50, 0x07,
  0x78, 0x50, 0xb3, 0x71, 0x50, 0xae, 0x70, 0x50, 0x08, 0x75, 0x50, 0xff, 0x76, 0x50, 0xd1, 0x61,
  0x60, 0x01, 0x50, 0xd2, 0x62, 0x70, 0x50, 0x93, 0x75, 0x50, 0xb4, 0x61, 0xc2, 0x08, 0x50, 0xd3,
  0x61, 0xd2, 0x05, 0x50, 0xd4, 0x61, 0xaf, 0x08, 0x50, 0x94, 0x76, 0x50, 0xb5, 0x7a, 0x50, 0xd5,
  0x61, 0xd6, 0x02, 0x50, 0x95, 0x7a, 0x50, 0xb6, 0x62, 0x71, 0x50, 0x92, 0x71, 0x50, 0x8e, 0x70,
  0x50, 0x08, 0x7c, 0x50, 0xb3, 0x71, 0x50, 0xa9, 0x70, 0x50, 0x0a, 0x77, 0x50, 0xdf, 0x77, 0x50,
  0xd0, 0x72, 0x50, 0xca, 0x70, 0x50, 0x23, 0x61, 0xc0, 0x02, 0x50, 0x93, 0x77, 0x50, 0xb4, 0x76,
  0x50, 0xdf, 0x62, 0x79, 0x50, 0xd2, 0x61, 0xd6, 0x05, 0x50, 0xd3, 0x61, 0xd2, 0x05, 0x50, 0xd4,
  0x61, 0xa9, 0x08, 0x50, 0x94, 0x77, 0x50, 0xb5, 0x7a, 0x50, 0xd5, 0x61, 0xb8, 0x08, 0x50, 0xd0,
  0x61, 0xdb, 0x02, 0x50, 0x8f, 0x70, 0x50, 0x08, 0x7b, 0x50, 0xaa, 0x70, 0x50, 0x0a, 0x7b, 0x50,
  0xdf, 0x61, 0xcd, 0x02, 0x50, 0x8e, 0x70, 0x50, 0x08, 0x79, 0x50, 0xa9, 0x70, 0x50, 0x0a, 0x7b,
  0x50, 0xd2, 0x61, 0xd1, 0x02, 0x50, 0x8d, 0x50, 0x08, 0x79, 0x50, 0xa8, 0x70, 0x50, 0x0a, 0x62,
  0x76, 0x50, 0xa7, 0x70, 0x50, 0x0a, 0x7e, 0x50, 0xd3, 0x61, 0xd1, 0x02, 0x50, 0x8c, 0x70, 0x50,
  0x08, 0x73, 0x50, 0x95, 0x77, 0x50, 0xb6, 0x61, 0xdc, 0x02, 0x50, 0x8b, 0x70, 0x50, 0x08, 0x79,
  0x50, 0xa6, 0x50, 0x0a, 0x7f, 0x50, 0xd4, 0x61, 0xce, 0x02, 0x50, 0x8c, 0x70, 0x50, 0x08, 0x79,
  0x50, 0xa7, 0x70, 0x50, 0x0a, 0x61, 0xdd, 0x02, 0x50, 0x8d, 0x70, 0x50, 0x08, 0x61, 0xf0, 0x02,
  0x50, 0xa8, 0x50, 0x0a, 0x7a, 0x50, 0xd5, 0x61, 0xd6, 0x02, 0x50, 0x8e, 0x70, 0x50, 0x08, 0x78,
  0x50, 0xa9, 0x70, 0x50, 0x0a, 0x61, 0xde, 0x02, 0x50, 0x8f, 0x70, 0x50, 0x08, 0x79, 0x50, 0xaa,
  0x70, 0x50, 0x0a, 0x61, 0x6c, 0x01, 0x50, 0xe4, 0x71, 0x50, 0xdf, 0x76, 0x50, 0xf1, 0x70, 0x50,
  0xe5, 0x61, 0x68, 0x01, 0x50, 0x8e, 0x50, 0x08, 0x76, 0x50, 0xa9, 0x50, 0x0a, 0x62, 0x71, 0x50,
  0x8d, 0x70, 0x50, 0x08, 0x75, 0x50, 0xa8, 0x50, 0x0a, 0x77, 0x50, 0xff, 0x61, 0xde, 0x02, 0x50,
  0xa7, 0x70, 0x50, 0x0a, 0x76, 0x50, 0xf4, 0x61, 0xdd, 0x02, 0x50, 0x8c, 0x70, 0x50, 0x08, 0x62,
  0x79, 0x50, 0x8b, 0x50, 0x08, 0x75, 0x50, 0xa6, 0x70, 0x50, 0x0a, 0x75, 0x50, 0xf5, 0x61, 0xdc,
  0x02, 0x50, 0x8c, 0x70, 0x50, 0x08, 0x75, 0x50, 0xa7, 0x70, 0x50, 0x0a, 0x62, 0x71, 0x50, 0x8d,
  0x70, 0x50, 0x08, 0x62, 0x7c, 0x50, 0xa8, 0x70, 0x50, 0x0a, 0x75, 0x50, 0xf6, 0x61, 0xde, 0x02,
  0x50, 0x8e, 0x70, 0x50, 0x08, 0x75, 0x50, 0xa9, 0x50, 0x0a, 0x62, 0x72, 0x50, 0x8f, 0x70, 0x50,
  0x08, 0x75, 0x50, 0xaa, 0x70, 0x50, 0x0a, 0x62, 0x72, 0x50, 0x8e, 0x70, 0x50, 0x08, 0x75, 0x50,
  0xa9, 0x70, 0x50, 0x0a, 0x75, 0x50, 0xf7, 0x61, 0xda, 0x02, 0x50, 0x8d, 0x70, 0x50, 0x08, 0x75,
  0x50, 0xa8, 0x70, 0x50, 0x0a, 0x61, 0x71, 0x01, 0x50, 0xff, 0x77, 0x50, 0xd1, 0x61, 0x6d, 0x01,
  0x50, 0xa7, 0x50, 0x0a, 0x77, 0x50, 0xd2, 0x61, 0xdd, 0x02, 0x50, 0x8c, 0x50, 0x08, 0x62, 0x79,
  0x50, 0x8b, 0x70, 0x50, 0x08, 0x74, 0x50, 0xa6, 0x70, 0x50, 0x0a, 0x62, 0x72, 0x50, 0x8c, 0x70,
  0x50, 0x08, 0x75, 0x50, 0xa7, 0x70, 0x50, 0x0a, 0x62, 0x71, 0x50, 0x8d, 0x70, 0x50, 0x08, 0x7f,
  0x50, 0xd3, 0x61, 0xdd, 0x02, 0x50, 0xa8, 0x70, 0x50, 0x0a, 0x62, 0x74, 0x50, 0x8e, 0x70, 0x50,
  0x08, 0x75, 0x50, 0xa9, 0x50, 0x0a, 0x7b, 0x50, 0xd4, 0x61, 0xd6, 0x02, 0x50, 0x8f, 0x70, 0x50,
  0x08, 0x75, 0x50, 0xaa, 0x70, 0x50, 0x0a, 0x62, 0x71, 0x50, 0x8e, 0x70, 0x50, 0x08, 0x76, 0x50,
  0xa9, 0x70, 0x50, 0x0a, 0x62, 0x70, 0x50, 0x8d, 0x70, 0x50, 0x08, 0x75, 0x50, 0xa8, 0x70, 0x50,
  0x0a, 0x7a, 0x50, 0xd5, 0x61, 0xdb, 0x02, 0x50, 0xa7, 0x50, 0x0a, 0x62, 0x74, 0x50, 0x8c, 0x70,
  0x50, 0x08, 0x79, 0x50, 0xdf, 0x77, 0x50, 0xd0, 0x61, 0xd6, 0x02, 0x50, 0x8b, 0x70, 0x50, 0x08,
  0x75, 0x50, 0xa6, 0x70, 0x50, 0x0a, 0x77, 0x50, 0xdf, 0x61, 0xda, 0x02, 0x50, 0x8c, 0x70, 0x50,
  0x08, 0x75, 0x50, 0xa7, 0x70, 0x50, 0x0a, 0x77, 0x50, 0xd2, 0x61, 0xd9, 0x02, 0x50, 0x8d, 0x50,
  0x08, 0x62, 0x7d, 0x50, 0xa8, 0x70, 0x50, 0x0a, 0x7b, 0x50, 0xd3, 0x61, 0xd8, 0x02, 0x50, 0x8e,
  0x70, 0x50, 0x08, 0x75, 0x50, 0xa9, 0x70, 0x50, 0x0a, 0x62, 0x71, 0x50, 0x8f, 0x70, 0x50, 0x08,
  0x75, 0x50, 0xaa, 0x70, 0x50, 0x0a, 0x7a, 0x50, 0xd4, 0x61, 0xd7, 0x02, 0x50, 0x8e, 0x50, 0x08,
  0x76, 0x50, 0xa9, 0x70, 0x50, 0x0a, 0x62, 0x70, 0x50, 0x8d, 0x70, 0x50, 0x08, 0x75, 0x50, 0xa8,
  0x70, 0x50, 0x0a, 0x62, 0x76, 0x50, 0xa7, 0x70, 0x50, 0x0a, 0x7a, 0x50, 0xd5, 0x61, 0xd8, 0x02,
  0x50, 0x8c, 0x70, 0x50, 0x08, 0x62, 0x78, 0x50, 0x8b, 0x70, 0x50, 0x08, 0x75, 0x50, 0xa6, 0x70,
  0x50, 0x0a, 0x62, 0x72, 0x50, 0x8c, 0x70, 0x50, 0x08, 0x76, 0x50, 0xa7, 0x50, 0x0a, 0x75, 0x50,
  0xdf, 0x77, 0x50, 0xd1, 0x78, 0x50, 0xd2, 0x61, 0xca, 0x02, 0x50, 0x8d, 0x70, 0x50, 0x08, 0x7f,
  0x50, 0xd3, 0x61, 0xdc, 0x02, 0x50, 0xa8, 0x70, 0x50, 0x0a, 0x62, 0x74, 0x50, 0x8e, 0x50, 0x08,
  0x75, 0x50, 0xa9, 0x70, 0x50, 0x0a, 0x76, 0x50, 0xd4, 0x61, 0xdb, 0x02, 0x50, 0x8f, 0x50, 0x08,
  0x75, 0x50, 0xaa, 0x70, 0x50, 0x0a, 0x62, 0x72, 0x50, 0x8e, 0x70, 0x50, 0x08, 0x75, 0x50, 0xa9,
  0x70, 0x50, 0x0a, 0x61, 0x74, 0x01, 0x50, 0xd1, 0x61, 0x6d, 0x01, 0x50, 0x8d, 0x70, 0x50, 0x08,
  0x74, 0x50, 0xa8, 0x70, 0x50, 0x0a, 0x77, 0x50, 0xd2, 0x61, 0xde, 0x02, 0x50, 0xa7, 0x70, 0x50,
  0x0a, 0x76, 0x50, 0xd3, 0x61, 0xdd, 0x02, 0x50, 0x8c, 0x70, 0x50, 0x08, 0x62, 0x78, 0x50, 0x8b,
  0x70, 0x50, 0x08, 0x75, 0x50, 0xa6, 0x50, 0x0a, 0x76, 0x50, 0xd4, 0x61, 0xdc, 0x02, 0x50, 0x8c,
  0x70, 0x50, 0x08, 0x75, 0x50, 0xa7, 0x70, 0x50, 0x0a, 0x62, 0x70, 0x50, 0x8d, 0x70, 0x50, 0x08,
  0x78, 0x50, 0xb7, 0x61, 0x70, 0x01, 0x50, 0xb3, 0x71, 0x50, 0xa9, 0x70, 0x50, 0x0a, 0x75, 0x50,
  0xe4, 0x70, 0x50, 0xdf, 0x76, 0x50, 0xf1, 0x70, 0x50, 0xe5, 0x61, 0x47, 0x04, 0x50, 0x8e, 0x50,
  0x08, 0x77, 0x50, 0xb4, 0x75, 0x50, 0xff, 0x61, 0xdb, 0x02, 0x50, 0x8f, 0x70, 0x50, 0x08, 0x7c,
  0x50, 0xf4, 0x61, 0xdb, 0x02, 0x50, 0x8e, 0x70, 0x50, 0x08, 0x62, 0x78, 0x50, 0x8d, 0x70, 0x50,
  0x08, 0x7c, 0x50, 0xf5, 0x61, 0x69, 0x01, 0x50, 0xb5, 0x62, 0x7c, 0x50, 0xb3, 0x71, 0x50, 0xaf,
  0x70, 0x50, 0x07, 0x61, 0x6c, 0x01, 0x50, 0x8c, 0x70, 0x50, 0x08, 0x62, 0x78, 0x50, 0x8b, 0x70,
  0x50, 0x08, 0x76, 0x50, 0xb4, 0x75, 0x50, 0xf6, 0x61, 0xdc, 0x02, 0x50, 0x8c, 0x70, 0x50, 0x08,
  0x62, 0x78, 0x50, 0x8d, 0x50, 0x08, 0x61, 0xf4, 0x02, 0x50, 0xf7, 0x61, 0x6c, 0x01, 0x50, 0xb5,
  0x61, 0x72, 0x01, 0x50, 0x8e, 0x70, 0x50, 0x08, 0x79, 0x50, 0xb3, 0x71, 0x50, 0xaa, 0x70, 0x50,
  0x06, 0x78, 0x50, 0xff, 0x77, 0x50, 0xd1, 0x78, 0x50, 0xd2, 0x61, 0xc1, 0x02, 0x50, 0x8f, 0x70,
  0x50, 0x08, 0x77, 0x50, 0xb4, 0x62, 0x71, 0x50, 0x8e, 0x70, 0x50, 0x08, 0x62, 0x78, 0x50, 0x8d,
  0x50, 0x08, 0x61, 0xfa, 0x02, 0x50, 0xd3, 0x61, 0xd8, 0x02, 0x50, 0x8c, 0x70, 0x50, 0x08, 0x62,
  0x78, 0x50, 0x8b, 0x70, 0x50, 0x08, 0x7f, 0x71, 0x50, 0xd4, 0x61, 0xd7, 0x02, 0x50, 0x8c, 0x50,
  0x08, 0x62, 0x78, 0x50, 0x8d, 0x70, 0x50, 0x08, 0x62, 0x7e, 0x50, 0xb5, 0x7a, 0x50, 0xd5, 0x61,
  0xd8, 0x02, 0x50, 0x8e, 0x70, 0x50, 0x08, 0x62, 0x78, 0x50, 0x96, 0x74, 0x50, 0x8f, 0x50, 0x08,
  0x62, 0x75, 0x50, 0x97, 0x74, 0x50, 0x8e, 0x70, 0x50, 0x08, 0x7f, 0x50, 0xdf, 0x77, 0x50, 0xd0,
  0x72, 0x50, 0xca, 0x50, 0x21, 0x61, 0xc8, 0x02, 0x50, 0x8d, 0x70, 0x50, 0x08, 0x73, 0x50, 0x98,
  0x7f, 0x72, 0x50, 0xdf, 0x62, 0x74, 0x50, 0xd2, 0x61, 0xd6, 0x02, 0x50, 0x8c, 0x70, 0x50, 0x08,
  0x73, 0x50, 0x99, 0x62, 0x74, 0x50, 0x8b, 0x70, 0x50, 0x08, 0x79, 0x50, 0xa9, 0x70, 0x50, 0x06,
  0x7e, 0x50, 0xd3, 0x61, 0xcf, 0x02, 0x50, 0x8c, 0x70, 0x50, 0x08, 0x73, 0x50, 0x9a, 0x77, 0x50,
  0xb6, 0x61, 0xdb, 0x02, 0x50, 0x8d, 0x70, 0x50, 0x08, 0x79, 0x50, 0xa8, 0x70, 0x50, 0x06, 0x7e,
  0x50, 0xd4, 0x61, 0xd7, 0x02, 0x50, 0xa9, 0x70, 0x50, 0x06, 0x62, 0x70, 0x50, 0x8e, 0x50, 0x08,
  0x62, 0x79, 0x50, 0x8f, 0x70, 0x50, 0x08, 0x73, 0x50, 0x9b, 0x75, 0x50, 0xaa, 0x50, 0x06, 0x7f,
  0x50, 0xd5, 0x61, 0xce, 0x02, 0x50, 0x8e, 0x70, 0x50, 0x08, 0x62, 0x77, 0x50, 0x8d, 0x70, 0x50,
  0x08, 0x74, 0x50, 0x9c, 0x61, 0x76, 0x01, 0x50, 0xd0, 0x61, 0x57, 0x04, 0x50, 0x8c, 0x70, 0x50,
  0x08, 0x73, 0x50, 0x9d, 0x7a, 0x50, 0xdf, 0x61, 0xd9, 0x02, 0x50, 0x8b, 0x50, 0x08, 0x79, 0x50,
  0xa9, 0x70, 0x50, 0x06, 0x76, 0x50, 0xd2, 0x61, 0xd7, 0x02, 0x50, 0x8c, 0x70, 0x50, 0x08, 0x74,
  0x50, 0x9e, 0x62, 0x73, 0x50, 0x8d, 0x70, 0x50, 0x08, 0x78, 0x50, 0xa8, 0x70, 0x50, 0x06, 0x76,
  0x50, 0xd3, 0x61, 0xda, 0x02, 0x50, 0x9f, 0x74, 0x50, 0xa9, 0x70, 0x50, 0x06, 0x62, 0x70, 0x50,
  0x8e, 0x70, 0x50, 0x08, 0x7e, 0x50, 0xd4, 0x61, 0xd9, 0x02, 0x50, 0x8f, 0x70, 0x50, 0x08, 0x79,
  0x50, 0xaa, 0x70, 0x50, 0x06, 0x61, 0xde, 0x02, 0x50, 0x8e, 0x70, 0x50, 0x08, 0x62, 0x78, 0x50,
  0x8d, 0x50, 0x08, 0x7b, 0x50, 0xd5, 0x61, 0xc6, 0x05, 0x50, 0x8c, 0x70, 0x50, 0x08, 0x61, 0x76,
  0x01, 0x50, 0x92, 0x72, 0x50, 0x80, 0x70, 0x50, 0x0a, 0x76, 0x50, 0xe4, 0x70, 0x50, 0xdf, 0x77,
  0x50, 0xf1, 0x70, 0x50, 0xe5, 0x61, 0x61, 0x01, 0x50, 0xa9, 0x70, 0x50, 0x06, 0x62, 0x76, 0x50,
  0x93, 0x79, 0x50, 0xff, 0x62, 0x74, 0x50, 0xa8, 0x70, 0x50, 0x06, 0x75, 0x50, 0xf4, 0x62, 0x72,
  0x50, 0xa9, 0x70, 0x50, 0x06, 0x62, 0x7c, 0x50, 0xf5, 0x62, 0x75, 0x50, 0xaa, 0x70, 0x50, 0x06,
  0x61, 0xdb, 0x05, 0x50, 0xf6, 0x61, 0xc4, 0x05, 0x50, 0x94, 0x62, 0x77, 0x50, 0x95, 0x7b, 0x50,
  0xa9, 0x70, 0x50, 0x06, 0x79, 0x50, 0xf7, 0x61, 0xd5, 0x02, 0x50, 0x92, 0x72, 0x50, 0x8e, 0x50,
  0x08, 0x7d, 0x50, 0xff, 0x76, 0x50, 0xd1, 0x79, 0x50, 0xd2, 0x61, 0xc6, 0x02, 0x50, 0x93, 0x75,
  0x50, 0xa8, 0x70, 0x50, 0x06, 0x62, 0x78, 0x50, 0xa9, 0x70, 0x50, 0x06, 0x61, 0xd1, 0x05, 0x50,
  0xaa, 0x70, 0x50, 0x06, 0x7b, 0x50, 0xd3, 0x61, 0xcf, 0x05, 0x50, 0xd4, 0x61, 0xac, 0x08, 0x50,
  0x94, 0x75, 0x50, 0xa9, 0x70, 0x50, 0x06, 0x7a, 0x50, 0xd5, 0x61, 0xbf, 0x05, 0x50, 0x95, 0x7e,
  0x50, 0xa8, 0x70, 0x50, 0x06, 0x74, 0x50, 0xb7, 0x61, 0xd7, 0x02, 0x50, 0x92, 0x71, 0x50, 0x86,
  0x70, 0x50, 0x08, 0x7c, 0x50, 0xb3, 0x71, 0x50, 0xa0, 0x70, 0x50, 0x0a, 0x77, 0x50, 0xdf, 0x77,
  0x50, 0xd0, 0x61, 0xc5, 0x02, 0x50, 0x93, 0x76, 0x50, 0xb4, 0x76, 0x50, 0xdf, 0x62, 0x79, 0x50,
  0xd2, 0x61, 0xd6, 0x05, 0x50, 0xd3, 0x61, 0xcd, 0x05, 0x50, 0xd4, 0x61, 0xae, 0x08, 0x50, 0x94,
  0x76, 0x50, 0xb5, 0x75, 0x50, 0xd5, 0x61, 0x4f, 0x04, 0x50, 0x95, 0x76, 0x50, 0xb6, 0x62, 0x75,
  0x50, 0x92, 0x72, 0x50, 0x87, 0x70, 0x50, 0x07, 0x77, 0x50, 0xb3, 0x72, 0x50, 0xae, 0x50, 0x08,
  0x75, 0x50, 0xdf, 0x77, 0x50, 0xd1, 0x61, 0x60, 0x01, 0x50, 0xd2, 0x62, 0x70, 0x50, 0x93, 0x75,
  0x50, 0xb4, 0x75, 0x50, 0xd3, 0x61, 0xd3, 0x05, 0x50, 0xd4, 0x61, 0x3f, 0x07, 0x50, 0xd1, 0x61,
  0x7d, 0x01, 0x50, 0xd2, 0x62, 0x78, 0x50, 0xd3, 0x61, 0xc5, 0x05, 0x50, 0x94, 0x76, 0x50, 0xb5,
  0x75, 0x50, 0xd4, 0x61, 0x50, 0x04, 0x50, 0x95, 0x75, 0x50, 0xb6, 0x62, 0x76, 0x50, 0x92, 0x71,
  0x50, 0x86, 0x70, 0x50, 0x08, 0x78, 0x50, 0xb3, 0x71, 0x50, 0xa0, 0x70, 0x50, 0x0a, 0x74, 0x50,
  0xe4, 0x70, 0x50, 0xdf, 0x77, 0x50, 0xf1, 0x70, 0x50, 0xe5, 0x61, 0x3e, 0x04, 0x50, 0x93, 0x75,
  0x50, 0xb4, 0x76, 0x50, 0xff, 0x62, 0x78, 0x50, 0xf4, 0x62, 0x7e, 0x50, 0xf5, 0x61, 0xbc, 0x08,
  0x50, 0xf6, 0x61, 0xaa, 0x08, 0x50, 0x94, 0x76, 0x50, 0xb5, 0x79, 0x50, 0xf7, 0x61, 0xd7, 0x02,
  0x50, 0x95, 0x7a, 0x50, 0xb6, 0x62, 0x71, 0x50, 0x92, 0x71, 0x50, 0x87, 0x70, 0x50, 0x07, 0x7b,
  0x50, 0xb3, 0x71, 0x50, 0xae, 0x70, 0x50, 0x08, 0x78, 0x50, 0xff, 0x76, 0x50, 0xd1, 0x79, 0x50,
  0xd2, 0x61, 0xbc, 0x02, 0x50, 0x93, 0x76, 0x50, 0xb4, 0x61, 0xc6, 0x08, 0x50, 0xd3, 0x61, 0xd2,
  0x05, 0x50, 0xd4, 0x61, 0xa9, 0x08, 0x50, 0x94, 0x77, 0x50, 0xb5, 0x7a, 0x50, 0xd5, 0x62, 0x62,
  0x50, 0x95, 0x7a, 0x50, 0xb6, 0x62, 0x71, 0x50, 0x92, 0x71, 0x50, 0x8e, 0x70, 0x50, 0x08, 0x7b,
  0x50, 0xb3, 0x71, 0x50, 0xa9, 0x70, 0x50, 0x0a, 0x77, 0x50, 0xdf, 0x78, 0x50, 0xd0, 0x71, 0x50,
  0xca, 0x70, 0x50, 0x23, 0x61, 0xc2, 0x02, 0x50, 0x93, 0x76, 0x50, 0xb4, 0x77, 0x50, 0xdf, 0x62,
  0x77, 0x50, 0xd2, 0x61, 0xd2, 0x05, 0x50, 0xd3, 0x61, 0xd2, 0x05, 0x50, 0xd4, 0x61, 0xae, 0x08,
  0x50, 0x94, 0x76, 0x50, 0xb5, 0x75, 0x50, 0xd5, 0x61, 0x40, 0x07, 0x50, 0xd0, 0x61, 0x59, 0x04,
  0x50, 0x8f, 0x70, 0x50, 0x08, 0x7b, 0x50, 0xaa, 0x70, 0x50, 0x0a, 0x7b, 0x50, 0xdf, 0x61, 0xcd,
  0x02, 0x50, 0x8e, 0x70, 0x50, 0x08, 0x79, 0x50, 0xa9, 0x70, 0x50, 0x0a, 0x7a, 0x50, 0xd2, 0x61,
  0xd2, 0x02, 0x50, 0x8d, 0x50, 0x08, 0x79, 0x50, 0xa8, 0x70, 0x50, 0x0a, 0x62, 0x75, 0x50, 0xa7,
  0x70, 0x50, 0x0a, 0x7a, 0x50, 0xd3, 0x61, 0xd6, 0x02, 0x50, 0x8c, 0x70, 0x50, 0x08, 0x73, 0x50,
  0x95, 0x77, 0x50, 0xb6, 0x61, 0xdc, 0x02, 0x50, 0x8b, 0x70, 0x50, 0x08, 0x78, 0x50, 0xa6, 0x70,
  0x50, 0x0a, 0x7a, 0x50, 0xd4, 0x61, 0xd4, 0x02, 0x50, 0x8c, 0x50, 0x08, 0x79, 0x50, 0xa7, 0x70,
  0x50, 0x0a, 0x61, 0xdd, 0x02, 0x50, 0x8d, 0x70, 0x50, 0x08, 0x61, 0xf0, 0x02, 0x50, 0xa8, 0x70,
  0x50, 0x0a, 0x7a, 0x50, 0xd5, 0x61, 0xd6, 0x02, 0x50, 0x8e, 0x70, 0x50, 0x08, 0x79, 0x50, 0xa9,
  0x50, 0x0a, 0x61, 0xde, 0x02, 0x50, 0x8f, 0x70, 0x50, 0x08, 0x79, 0x50, 0xaa, 0x70, 0x50, 0x0a,
  0x78, 0x50, 0xe4, 0x71, 0x50, 0xdf, 0x76, 0x50, 0xf1, 0x70, 0x50, 0xe5, 0x61, 0xcb, 0x02, 0x50,
  0x8e, 0x50, 0x08, 0x76, 0x50, 0xa9, 0x70, 0x50, 0x0a, 0x76, 0x50, 0xff, 0x61, 0xd9, 0x02, 0x50,
  0x8d, 0x70, 0x50, 0x08, 0x75, 0x50, 0xa8, 0x70, 0x50, 0x0a, 0x76, 0x50, 0xf4, 0x62, 0x50, 0xa7,
  0x70, 0x50, 0x0a, 0x62, 0x73, 0x50, 0x8c, 0x70, 0x50, 0x08, 0x7e, 0x50, 0xf5, 0x61, 0xda, 0x02,
  0x50, 0x8b, 0x50, 0x08, 0x75, 0x50, 0xa6, 0x70, 0x50, 0x0a, 0x62, 0x72, 0x50, 0x8c, 0x70, 0x50,
  0x08, 0x76, 0x50, 0xa7, 0x50, 0x0a, 0x62, 0x71, 0x50, 0x8d, 0x70, 0x50, 0x08, 0x7d, 0x50, 0xf6,
  0x61, 0xde, 0x02, 0x50, 0xa8, 0x70, 0x50, 0x0a, 0x62, 0x74, 0x50, 0x8e, 0x70, 0x50, 0x08, 0x75,
  0x50, 0xa9, 0x70, 0x50, 0x0a, 0x62, 0x71, 0x50, 0x8f, 0x70, 0x50, 0x08, 0x75, 0x50, 0xaa, 0x70,
  0x50, 0x0a, 0x79, 0x50, 0xf7, 0x61, 0xd8, 0x02, 0x50, 0x8e, 0x50, 0x08, 0x76, 0x50, 0xa9, 0x70,
  0x50, 0x0a, 0x62, 0x70, 0x50, 0x8d, 0x70, 0x50, 0x08, 0x75, 0x50, 0xa8, 0x70, 0x50, 0x0a, 0x75,
  0x50, 0xff, 0x77, 0x50, 0xd1, 0x78, 0x50, 0xd2, 0x61, 0xcf, 0x02, 0x50, 0xa7, 0x70, 0x50, 0x0a,
  0x62, 0x74, 0x50, 0x8c, 0x50, 0x08, 0x62, 0x79, 0x50, 0x8b, 0x50, 0x08, 0x76, 0x50, 0xa6, 0x50,
  0x0a, 0x62, 0x72, 0x50, 0x8c, 0x70, 0x50, 0x08, 0x76, 0x50, 0xa7, 0x70, 0x50, 0x0a, 0x7a, 0x50,
  0xd3, 0x61, 0xd5, 0x02, 0x50, 0x8d, 0x70, 0x50, 0x08, 0x62, 0x7c, 0x50, 0xa8, 0x70, 0x50, 0x0a,
  0x7b, 0x50, 0xd4, 0x61, 0xd8, 0x02, 0x50, 0x8e, 0x70, 0x50, 0x08, 0x75, 0x50, 0xa9, 0x70, 0x50,
  0x0a, 0x62, 0x71, 0x50, 0x8f, 0x70, 0x50, 0x08, 0x75, 0x50, 0xaa, 0x70, 0x50, 0x0a, 0x62, 0x71,
  0x50, 0x8e, 0x70, 0x50, 0x08, 0x75, 0x50, 0xa9, 0x70, 0x50, 0x0a, 0x76, 0x50, 0xd5, 0x61, 0xda,
  0x02, 0x50, 0x8d, 0x70, 0x50, 0x08, 0x74, 0x50, 0xa8, 0x70, 0x50, 0x0a, 0x61, 0x6e, 0x01, 0x50,
  0x96, 0x61, 0x7c, 0x01, 0x50, 0xa7, 0x70, 0x50, 0x0a, 0x73, 0x50, 0xb7, 0x61, 0x6c, 0x01, 0x50,
  0x92, 0x71, 0x50, 0x8a, 0x70, 0x50, 0x06, 0x78, 0x50, 0xb3, 0x71, 0x50, 0xae, 0x70, 0x50, 0x08,
  0x74, 0x50, 0xdf, 0x78, 0x50, 0xd0, 0x61, 0x3e, 0x04, 0x50, 0x93, 0x75, 0x50, 0xb4, 0x77, 0x50,
  0xdf, 0x62, 0x78, 0x50, 0xd2, 0x61, 0xd2, 0x05, 0x50, 0xd3, 0x61, 0xd2, 0x05, 0x50, 0xd4, 0x61,
  0xaf, 0x08, 0x50, 0x94, 0x75, 0x50, 0xb5, 0x76, 0x50, 0xd5, 0x61, 0x3c, 0x07, 0x50, 0xdf, 0x77,
  0x50, 0xd1, 0x61, 0x78, 0x01, 0x50, 0xd2, 0x62, 0x77, 0x50, 0xaf, 0x70, 0x50, 0x08, 0x79, 0x50,
  0xd3, 0x61, 0xda, 0x02, 0x50, 0xae, 0x50, 0x08, 0x62, 0x78, 0x50, 0xad, 0x70, 0x50, 0x08, 0x79,
  0x50, 0xd4, 0x61, 0xd6, 0x02, 0x50, 0x89, 0x70, 0x50, 0x06, 0x62, 0x7b, 0x50, 0x95, 0x74, 0x50,
  0xac, 0x70, 0x50, 0x08, 0x73, 0x50, 0xb6, 0x61, 0x6f, 0x01, 0x50, 0xd1, 0x61, 0x6e, 0x01, 0x50,
  0x88, 0x70, 0x50, 0x06, 0x79, 0x50, 0xab, 0x50, 0x08, 0x7f, 0x50, 0xd2, 0x61, 0xce, 0x02, 0x50,
  0x89, 0x70, 0x50, 0x06, 0x7a, 0x50, 0xac, 0x50, 0x08, 0x62, 0x75, 0x50, 0xad, 0x70, 0x50, 0x08,
  0x7f, 0x50, 0xd3, 0x61, 0xd0, 0x02, 0x50, 0x8a, 0x70, 0x50, 0x06, 0x61, 0xf0, 0x02, 0x50, 0xae,
  0x70, 0x50, 0x08, 0x62, 0x79, 0x50, 0xaf, 0x70, 0x50, 0x08, 0x78, 0x50, 0xe4, 0x70, 0x50, 0xdf,
  0x77, 0x50, 0xf1, 0x70, 0x50, 0xe5, 0x61, 0xd2, 0x02, 0x50, 0xae, 0x70, 0x50, 0x08, 0x76, 0x50,
  0xff, 0x62, 0x70, 0x50, 0xad, 0x70, 0x50, 0x08, 0x76, 0x50, 0xf4, 0x61, 0xdd, 0x02, 0x50, 0x89,
  0x70, 0x50, 0x06, 0x62, 0x7c, 0x50, 0xac, 0x70, 0x50, 0x08, 0x79, 0x50, 0xf5, 0x61, 0xda, 0x02,
  0x50, 0x88, 0x70, 0x50, 0x06, 0x75, 0x50, 0xab, 0x70, 0x50, 0x08, 0x62, 0x72, 0x50, 0x89, 0x50,
  0x06, 0x76, 0x50, 0xac, 0x70, 0x50, 0x08, 0x62, 0x75, 0x50, 0xad, 0x50, 0x08, 0x7a, 0x50, 0xf6,
  0x61, 0xd9, 0x02, 0x50, 0x8a, 0x70, 0x50, 0x06, 0x62, 0x7d, 0x50, 0xae, 0x70, 0x50, 0x08, 0x62,
  0x78, 0x50, 0xaf, 0x70, 0x50, 0x08, 0x79, 0x50, 0xf7, 0x62, 0x50, 0xae, 0x70, 0x50, 0x08, 0x62,
  0x77, 0x50, 0xad, 0x70, 0x50, 0x08, 0x75, 0x50, 0xff, 0x77, 0x50, 0xd1, 0x78, 0x50, 0xd2, 0x61,
  0xcd, 0x02, 0x50, 0x89, 0x70, 0x50, 0x06, 0x62, 0x7d, 0x50, 0xac, 0x50, 0x08, 0x62, 0x74, 0x50,
  0x88, 0x70, 0x50, 0x06, 0x75, 0x50, 0xab, 0x70, 0x50, 0x08, 0x62, 0x72, 0x50, 0x89, 0x50, 0x06,
  0x76, 0x50, 0xac, 0x70, 0x50, 0x08, 0x7b, 0x50, 0xd3, 0x61, 0xd8, 0x02, 0x50, 0xad, 0x70, 0x50,
  0x08, 0x62, 0x74, 0x50, 0x8a, 0x70, 0x50, 0x06, 0x7a, 0x50, 0xd4, 0x62, 0x71, 0x50, 0xae, 0x70,
  0x50, 0x08, 0x62, 0x78, 0x50, 0xaf, 0x70, 0x50, 0x08, 0x62, 0x79, 0x50, 0xae, 0x70, 0x50, 0x08,
  0x76, 0x50, 0xd5, 0x62, 0x70, 0x50, 0xad, 0x70, 0x50, 0x08, 0x61, 0x70, 0x01, 0x50, 0x96, 0x61,
  0x75, 0x01, 0x50, 0x89, 0x50, 0x06, 0x7c, 0x50, 0xb7, 0x61, 0x6b, 0x01, 0x50, 0x92, 0x72, 0x50,
  0x87, 0x50, 0x07, 0x78, 0x50, 0xb3, 0x71, 0x50, 0xa8, 0x70, 0x50, 0x07, 0x75, 0x50, 0xdf, 0x77,
  0x50, 0xd0, 0x71, 0x50, 0xce, 0x70, 0x50, 0x2c, 0x61, 0x3b, 0x04, 0x50, 0x93, 0x76, 0x50, 0xb4,
  0x76, 0x50, 0xdf, 0x62, 0x79, 0x50, 0xd2, 0x61, 0xd1, 0x05, 0x50, 0xd3, 0x61, 0x69, 0x01, 0x50,
  0xb5, 0x62, 0x7c, 0x50, 0xb3, 0x61, 0x7c, 0x01, 0x50, 0xd4, 0x62, 0x74, 0x50, 0xb4, 0x61, 0xcc,
  0x05, 0x50, 0x94, 0x7c, 0x50, 0xd5, 0x61, 0x52, 0x04, 0x50, 0xb5, 0x62, 0x79, 0x50, 0xb6, 0x79,
  0x50, 0xd0, 0x61, 0x54, 0x04, 0x50, 0x88, 0x70, 0x50, 0x07, 0x7f, 0x71, 0x50, 0xdf, 0x61, 0xd4,
  0x02, 0x50, 0x87, 0x70, 0x50, 0x07, 0x7a, 0x50, 0xb7, 0x76, 0x50, 0xd2, 0x61, 0xd6, 0x02, 0x50,
  0x86, 0x70, 0x50, 0x07, 0x7f, 0x75, 0x50, 0xd3, 0x61, 0xdc, 0x02, 0x50, 0xb8, 0x62, 0x50, 0x85,
  0x70, 0x50, 0x07, 0x73, 0x50, 0x95, 0x7f, 0x71, 0x50, 0xd4, 0x61, 0xdc, 0x02, 0x50, 0xb9, 0x62,
  0x7b, 0x50, 0xa9, 0x70, 0x50, 0x07, 0x61, 0xdc, 0x02, 0x50, 0x86, 0x70, 0x50, 0x07, 0x7a, 0x50,
  0xa8, 0x50, 0x07, 0x7f, 0x50, 0xd5, 0x61, 0xd6, 0x02, 0x50, 0xa7, 0x50, 0x07, 0x62, 0x71, 0x50,
  0x87, 0x50, 0x07, 0x79, 0x50, 0xba, 0x76, 0x50, 0xbb, 0x61, 0xd8, 0x02, 0x50, 0x88, 0x70, 0x50,
  0x07, 0x7b, 0x50, 0xb3, 0x72, 0x50, 0xa3, 0x70, 0x50, 0x0b, 0x77, 0x50, 0xe4, 0x70, 0x50, 0xdf,
  0x77, 0x50, 0xf1, 0x70, 0x50, 0xe5, 0x61, 0xc6, 0x02, 0x50, 0x87, 0x70, 0x50, 0x07, 0x77, 0x50,
  0xb4, 0x76, 0x50, 0xff, 0x61, 0xd9, 0x02, 0x50, 0x86, 0x70, 0x50, 0x07, 0x7d, 0x50, 0xf4, 0x61,
  0xc3, 0x05, 0x50, 0x85, 0x70, 0x50, 0x07, 0x7f, 0x70, 0x50, 0xf5, 0x61, 0xdc, 0x02, 0x50, 0xb5,
  0x62, 0x7c, 0x50, 0xb3, 0x62, 0x72, 0x50, 0x86, 0x50, 0x07, 0x77, 0x50, 0xb4, 0x79, 0x50, 0xf6,
  0x61, 0xc0, 0x05, 0x50, 0x87, 0x50, 0x07, 0x62, 0x79, 0x50, 0x88, 0x70, 0x50, 0x07, 0x7f, 0x70,
  0x50, 0xf7, 0x61, 0xd7, 0x02, 0x50, 0x87, 0x70, 0x50, 0x07, 0x75, 0x50, 0xb5, 0x62, 0x72, 0x50,
  0x86, 0x70, 0x50, 0x07, 0x75, 0x50, 0xb6, 0x7b, 0x50, 0xff, 0x76, 0x50, 0xd1, 0x79, 0x50, 0xd2,
  0x61, 0xae, 0x05, 0x50, 0x85, 0x70, 0x50, 0x07, 0x76, 0x50, 0xb7, 0x61, 0xd0, 0x05, 0x50, 0xb8,
  0x75, 0x50, 0xd3, 0x61, 0xdd, 0x02, 0x50, 0x86, 0x70, 0x50, 0x07, 0x62, 0x7e, 0x50, 0xb9, 0x75,
  0x50, 0xd4, 0x61, 0xdd, 0x02, 0x50, 0x87, 0x70, 0x50, 0x07, 0x78, 0x50, 0xa4, 0x50, 0x0b, 0x62,
  0x70, 0x50, 0x88, 0x50, 0x07, 0x76, 0x50, 0xa3, 0x50, 0x0b, 0x62, 0x72, 0x50, 0x87, 0x70, 0x50,
  0x07, 0x75, 0x50, 0xa2, 0x50, 0x0b, 0x7a, 0x50, 0xd5, 0x61, 0xd7, 0x02, 0x50, 0x86, 0x70, 0x50,
  0x07, 0x74, 0x50, 0xa1, 0x70, 0x50, 0x0b, 0x73, 0x50, 0xba, 0x61, 0x6a, 0x01, 0x50, 0x96, 0x75,
  0x50, 0xbb, 0x62, 0x76, 0x50, 0x92, 0x71, 0x50, 0x86, 0x70, 0x50, 0x08, 0x77, 0x50, 0xb3, 0x72,
  0x50, 0xa6, 0x50, 0x08, 0x75, 0x50, 0xdf, 0x77, 0x50, 0xd0, 0x61, 0x40, 0x04, 0x50, 0x93, 0x75,
  0x50, 0xb4, 0x76, 0x50, 0xdf, 0x62, 0x79, 0x50, 0xd2, 0x61, 0xd2, 0x05, 0x50, 0xd3, 0x61, 0x68,
  0x01, 0x50, 0xb5, 0x62, 0x7c, 0x50, 0xb3, 0x61, 0x7c, 0x01, 0x50, 0xd4, 0x62, 0x75, 0x50, 0xb4,
  0x61, 0xcc, 0x05, 0x50, 0x94, 0x7f, 0x71, 0x50, 0xd5, 0x61, 0xdc, 0x02, 0x50, 0xb5, 0x62, 0x7a,
  0x50, 0xb6, 0x7a, 0x50, 0xdf, 0x77, 0x50, 0xd1, 0x79, 0x50, 0xd2, 0x61, 0xd8, 0x02, 0x50, 0xd3,
  0x61, 0xd9, 0x02, 0x50, 0x87, 0x50, 0x08, 0x7b, 0x50, 0xb7, 0x61, 0xdb, 0x02, 0x50, 0x86, 0x50,
  0x08, 0x7f, 0x76, 0x50, 0xd4, 0x61, 0xd1, 0x02, 0x50, 0x85, 0x70, 0x50, 0x08, 0x7a, 0x50, 0xb8,
  0x61, 0xc6, 0x05, 0x50, 0x84, 0x70, 0x50, 0x08, 0x74, 0x50, 0x95, 0x76, 0x50, 0xb9, 0x77, 0x50,
  0xd1, 0x78, 0x50, 0xd2, 0x62, 0x70, 0x50, 0xd3, 0x62, 0x70, 0x50, 0xa7, 0x70, 0x50, 0x08, 0x61,
  0xdd, 0x02, 0x50, 0x85, 0x70, 0x50, 0x08, 0x79, 0x50, 0xa6, 0x70, 0x50, 0x08, 0x7e, 0x50, 0xd4,
  0x61, 0xd6, 0x02, 0x50, 0xa5, 0x70, 0x50, 0x08, 0x73, 0x50, 0xba, 0x61, 0xdc, 0x02, 0x50, 0x96,
  0x73, 0x50, 0x86, 0x70, 0x50, 0x08, 0x79, 0x50, 0xbb, 0x61, 0xdd, 0x02, 0x50, 0x92, 0x71, 0x50,
  0x87, 0x70, 0x50, 0x07, 0x7b, 0x50, 0xb3, 0x71, 0x50, 0xa3, 0x70, 0x50, 0x0b, 0x77, 0x50, 0xe4,
  0x70, 0x50, 0xdf, 0x77, 0x50, 0xf1, 0x70, 0x50, 0xe5, 0x61, 0xc4, 0x02, 0x50, 0x93, 0x76, 0x50,
  0xb4, 0x76, 0x50, 0xff, 0x62, 0x78, 0x50, 0xf4, 0x61, 0xd6, 0x05, 0x50, 0xf5, 0x61, 0xdd, 0x02,
  0x50, 0xb5, 0x62, 0x7c, 0x50, 0xb3, 0x62, 0x78, 0x50, 0xb4, 0x79, 0x50, 0xf6, 0x61, 0xc1, 0x05,
  0x50, 0x94, 0x61, 0xf5, 0x02, 0x50, 0xf7, 0x61, 0x6a, 0x01, 0x50, 0xb5, 0x62, 0x7b, 0x50, 0xb3,
  0x72, 0x50, 0xae, 0x70, 0x50, 0x0b, 0x75, 0x50, 0xff, 0x76, 0x50, 0xd1, 0x61, 0x6c, 0x01, 0x50,
  0xd2, 0x62, 0x50, 0x88, 0x70, 0x50, 0x07, 0x7a, 0x50, 0xb4, 0x61, 0xdb, 0x02, 0x50, 0x87, 0x70,
  0x50, 0x07, 0x62, 0x77, 0x50, 0x86, 0x70, 0x50, 0x07, 0x61, 0xf8, 0x02, 0x50, 0xd3, 0x61, 0x67,
  0x01, 0x50, 0xb5, 0x61, 0x73, 0x01, 0x50, 0x85, 0x50, 0x07, 0x74, 0x50, 0x95, 0x61, 0x74, 0x01,
  0x50, 0xb3, 0x72, 0x50, 0xa9, 0x50, 0x0c, 0x61, 0x7a, 0x01, 0x50, 0xd4, 0x62, 0x76, 0x50, 0xb4,
  0x62, 0x50, 0x86, 0x70, 0x50, 0x07, 0x61, 0xf8, 0x02, 0x50, 0xd5, 0x61, 0xd9, 0x02, 0x50, 0x87,
  0x70, 0x50, 0x07, 0x61, 0x74, 0x01, 0x50, 0x96, 0x75, 0x50, 0xb5, 0x61, 0x6e, 0x01, 0x50, 0x88,
  0x70, 0x50, 0x07, 0x61, 0x78, 0x01, 0x50, 0x92, 0x72, 0x50, 0x8e, 0x50, 0x08, 0x78, 0x50, 0xb3,
  0x71, 0x50, 0xa5, 0x70, 0x50, 0x0d, 0x75, 0x50, 0xdf, 0x77, 0x50, 0xd0, 0x71, 0x50, 0xca, 0x70,
  0x50, 0x23, 0x61, 0x3b, 0x04, 0x50, 0x93, 0x76, 0x50, 0xb4, 0x76, 0x50, 0xdf, 0x62, 0x78, 0x50,
  0xd2, 0x61, 0xd2, 0x05, 0x50, 0xd3, 0x61, 0xd8, 0x05, 0x50, 0xd4, 0x61, 0xa9, 0x08, 0x50, 0x94,
  0x76, 0x50, 0xb5, 0x7a, 0x50, 0xd5, 0x61, 0xd0, 0x05, 0x50, 0xd0, 0x62, 0x78, 0x50, 0xdf, 0x61,
  0xdc, 0x02, 0x50, 0x8f, 0x70, 0x50, 0x08, 0x7b, 0x50, 0xa6, 0x70, 0x50, 0x0d, 0x7b, 0x50, 0xd2,
  0x61, 0xcd, 0x02, 0x50, 0x8e, 0x70, 0x50, 0x08, 0x79, 0x50, 0xa5, 0x70, 0x50, 0x0d, 0x61, 0xdd,
  0x02, 0x50, 0x8d, 0x50, 0x08, 0x79, 0x50, 0xa4, 0x70, 0x50, 0x0d, 0x7e, 0x50, 0xd3, 0x61, 0xd7,
  0x02, 0x50, 0xa3, 0x70, 0x50, 0x0d, 0x62, 0x70, 0x50, 0x8c, 0x70, 0x50, 0x08, 0x73, 0x50, 0x95,
  0x74, 0x50, 0xa2, 0x70, 0x50, 0x0d, 0x74, 0x50, 0xb6, 0x7a, 0x50, 0xd4, 0x61, 0xce, 0x02, 0x50,
  0x8b, 0x70, 0x50, 0x08, 0x79, 0x50, 0xa1, 0x50, 0x0d, 0x62, 0x50, 0x8c, 0x50, 0x08, 0x7a, 0x50,
  0xa2, 0x70, 0x50, 0x0d, 0x61, 0xdc, 0x02, 0x50, 0x8d, 0x70, 0x50, 0x08, 0x79, 0x50, 0xa3, 0x70,
  0x50, 0x0d, 0x7e, 0x50, 0xd5, 0x61, 0xd6, 0x02, 0x50, 0xa4, 0x70, 0x50, 0x0d, 0x62, 0x70, 0x50,
  0x8e, 0x70, 0x50, 0x08, 0x79, 0x50, 0xa5, 0x70, 0x50, 0x0d, 0x61, 0xdd, 0x02, 0x50, 0x8f, 0x70,
  0x50, 0x08, 0x7a, 0x50, 0xa6, 0x50, 0x0d, 0x79, 0x50, 0xe4, 0x70, 0x50, 0xdf, 0x77, 0x50, 0xf1,
  0x70, 0x50, 0xe5, 0x61, 0xca, 0x02, 0x50, 0x8e, 0x70, 0x50, 0x08, 0x75, 0x50, 0xa5, 0x70, 0x50,
  0x0d, 0x77, 0x50, 0xff, 0x61, 0xd9, 0x02, 0x50, 0x8d, 0x50, 0x08, 0x76, 0x50, 0xa4, 0x50, 0x0d,
  0x76, 0x50, 0xf4, 0x62, 0x50, 0xa3, 0x70, 0x50, 0x0d, 0x62, 0x73, 0x50, 0x8c, 0x70, 0x50, 0x08,
  0x75, 0x50, 0xa2, 0x70, 0x50, 0x0d, 0x75, 0x50, 0xf5, 0x61, 0xdb, 0x02, 0x50, 0x8b, 0x70, 0x50,
  0x08, 0x75, 0x50, 0xa1, 0x70, 0x50, 0x0d, 0x62, 0x72, 0x50, 0x8c, 0x70, 0x50, 0x08, 0x75, 0x50,
  0xa2, 0x70, 0x50, 0x0d, 0x62, 0x71, 0x50, 0x8d, 0x70, 0x50, 0x08, 0x74, 0x50, 0xa3, 0x70, 0x50,
  0x0d, 0x75, 0x50, 0xf6, 0x62, 0x70, 0x50, 0xa4, 0x70, 0x50, 0x0d, 0x62, 0x74, 0x50, 0x8e, 0x70,
  0x50, 0x08, 0x74, 0x50, 0xa5, 0x70, 0x50, 0x0d, 0x62, 0x72, 0x50, 0x8f, 0x70, 0x50, 0x08, 0x75,
  0x50, 0xa6, 0x50, 0x0d, 0x76, 0x50, 0xf7, 0x61, 0xdc, 0x02, 0x50, 0x8e, 0x70, 0x50, 0x08, 0x75,
  0x50, 0xa5, 0x50, 0x0d, 0x61, 0x71, 0x01, 0x50, 0xff, 0x77, 0x50, 0xd1, 0x61, 0x68, 0x01, 0x50,
  0x8d, 0x70, 0x50, 0x08, 0x75, 0x50, 0xa4, 0x70, 0x50, 0x0d, 0x76, 0x50, 0xd2, 0x61, 0xde, 0x02,
  0x50, 0xa3, 0x70, 0x50, 0x0d, 0x62, 0x75, 0x50, 0x8c, 0x50, 0x08, 0x75, 0x50, 0xa2, 0x70, 0x50,
  0x0d, 0x62, 0x72, 0x50, 0x8b, 0x50, 0x08, 0x75, 0x50, 0xa1, 0x70, 0x50, 0x0d, 0x62, 0x72, 0x50,
  0x8c, 0x70, 0x50, 0x08, 0x75, 0x50, 0xa2, 0x70, 0x50, 0x0d, 0x76, 0x50, 0xd3, 0x61, 0xda, 0x02,
  0x50, 0x8d, 0x70, 0x50, 0x08, 0x74, 0x50, 0xa3, 0x70, 0x50, 0x0d, 0x62, 0x76, 0x50, 0xa4, 0x70,
  0x50, 0x0d, 0x76, 0x50, 0xd4, 0x61, 0xdd, 0x02, 0x50, 0x8e, 0x70, 0x50, 0x08, 0x75, 0x50, 0xa5,
  0x50, 0x0d, 0x62, 0x72, 0x50, 0x8f, 0x70, 0x50, 0x08, 0x75, 0x50, 0xa6, 0x70, 0x50, 0x0d, 0x62,
  0x72, 0x50, 0x8e, 0x70, 0x50, 0x08, 0x75, 0x50, 0xa5, 0x70, 0x50, 0x0d, 0x76, 0x50, 0xd5, 0x61,
  0xd9, 0x02, 0x50, 0x8d, 0x70, 0x50, 0x08, 0x75, 0x50, 0xa4, 0x70, 0x50, 0x0d, 0x62, 0x76, 0x50,
  0xa3, 0x50, 0x0d, 0x61, 0x74, 0x01, 0x50, 0xdf, 0x77, 0x50, 0xd0, 0x61, 0x69, 0x01, 0x50, 0x8c,
  0x70, 0x50, 0x08, 0x74, 0x50, 0xa2, 0x70, 0x50, 0x0d, 0x62, 0x72, 0x50, 0x8b, 0x70, 0x50, 0x08,
  0x75, 0x50, 0xa1, 0x70, 0x50, 0x0d, 0x77, 0x50, 0xdf, 0x61, 0xda, 0x02, 0x50, 0x8c, 0x70, 0x50,
  0x08, 0x75, 0x50, 0xa2, 0x70, 0x50, 0x0d, 0x77, 0x50, 0xd2, 0x61, 0xd9, 0x02, 0x50, 0x8d, 0x50,
  0x08, 0x76, 0x50, 0xa3, 0x50, 0x0d, 0x7b, 0x50, 0xd3, 0x61, 0xda, 0x02, 0x50, 0xa4, 0x70, 0x50,
  0x0d, 0x62, 0x74, 0x50, 0x8e, 0x70, 0x50, 0x08, 0x75, 0x50, 0xa5, 0x50, 0x0d, 0x7b, 0x50, 0xd4,
  0x61, 0xd6, 0x02, 0x50, 0x8f, 0x70, 0x50, 0x08, 0x75, 0x50, 0xa6, 0x70, 0x50, 0x0d, 0x62, 0x71,
  0x50, 0x8e, 0x70, 0x50, 0x08, 0x76, 0x50, 0xa5, 0x70, 0x50, 0x0d, 0x62, 0x70, 0x50, 0x8d, 0x70,
  0x50, 0x08, 0x75, 0x50, 0xa4, 0x70, 0x50, 0x0d, 0x7b, 0x50, 0xd5, 0x61, 0xda, 0x02, 0x50, 0xa3,
  0x50, 0x0d, 0x62, 0x74, 0x50, 0x96, 0x74, 0x50, 0x8c, 0x50, 0x08, 0x7e, 0x50, 0xa2, 0x50, 0x0d,
  0x74, 0x50, 0xb7, 0x61, 0xd3, 0x02, 0x50, 0x92, 0x71, 0x50, 0x80, 0x70, 0x50, 0x0a, 0x7b, 0x50,
  0xb3, 0x71, 0x50, 0xa5, 0x70, 0x50, 0x0d, 0x77, 0x50, 0xdf, 0x78, 0x50, 0xd1, 0x78, 0x50, 0xd2,
  0x61, 0xbc, 0x02, 0x50, 0x93, 0x76, 0x50, 0xb4, 0x7a, 0x50, 0xd3, 0x61, 0xd2, 0x05, 0x50, 0xd4,
  0x61, 0xbf, 0x05, 0x50, 0x94, 0x7a, 0x50, 0xb5, 0x62, 0x50, 0x95, 0x75, 0x50, 0x96, 0x75, 0x50,
  0xb6, 0x7d, 0x50, 0xd1, 0x78, 0x50, 0xd2, 0x61, 0xd9, 0x02, 0x50, 0xd3, 0x61, 0xde, 0x02, 0x50,
  0xb7, 0x61, 0xf4, 0x02, 0x50, 0xd4, 0x61, 0xd7, 0x02, 0x50, 0x97, 0x76, 0x50, 0xb8, 0x62, 0x71,
  0x50, 0x98, 0x7a, 0x50, 0xb9, 0x61, 0x6c, 0x01, 0x50, 0x92, 0x7b, 0x50, 0xb3, 0x77, 0x50, 0xe4,
  0x70, 0x50, 0xdf, 0x77, 0x50, 0xf1, 0x70, 0x50, 0xe5, 0x61, 0x3e, 0x04, 0x50, 0x93, 0x76, 0x50,
  0xb4, 0x75, 0x50, 0xff, 0x62, 0x79, 0x50, 0xf4, 0x61, 0xd1, 0x05, 0x50, 0xf5, 0x61, 0x68, 0x01,
  0x50, 0x94, 0x75, 0x50, 0xb5, 0x62, 0x76, 0x50, 0x92, 0x7b, 0x50, 0xb3, 0x61, 0x50, 0x04, 0x50,
  0x93, 0x75, 0x50, 0xb4, 0x75, 0x50, 0xf6, 0x61, 0xbb, 0x08, 0x50, 0xf7, 0x61, 0x67, 0x01, 0x50,
  0x94, 0x75, 0x50, 0xb5, 0x62, 0x76, 0x50, 0x92, 0x7b, 0x50, 0xb3, 0x78, 0x50, 0xff, 0x77, 0x50,
  0xd1, 0x61, 0x60, 0x01, 0x50, 0xd2, 0x62, 0x50, 0x93, 0x76, 0x50, 0xb4, 0x61, 0xc2, 0x08, 0x50,
  0xd3, 0x61, 0x66, 0x01, 0x50, 0x94, 0x75, 0x50, 0xb5, 0x62, 0x76, 0x50, 0x92, 0x7b, 0x50, 0xb3,
  0x61, 0x70, 0x01, 0x50, 0xd4, 0x62, 0x70, 0x50, 0x93, 0x76, 0x50, 0xb4, 0x61, 0xde, 0x05, 0x50,
  0xd5, 0x61, 0xd5, 0x02, 0x50, 0x94, 0x7a, 0x50, 0xb5, 0x62, 0x73, 0x50, 0x92, 0x71, 0x50, 0x89,
  0x70, 0x50, 0x0a, 0x7c, 0x50, 0xb3, 0x7c, 0x50, 0xe4, 0x70, 0x50, 0xdf, 0x77, 0x50, 0xf1, 0x70,
  0x50, 0xe5, 0x61, 0xbf, 0x02, 0x50, 0x93, 0x76, 0x50, 0xb4, 0x76, 0x50, 0xff, 0x62, 0x79, 0x50,
  0xf4, 0x61, 0xd5, 0x05, 0x50, 0xf5, 0x61, 0xd7, 0x02, 0x50, 0x94, 0x7a, 0x50, 0xb5, 0x62, 0x50,
  0x95, 0x75, 0x50, 0x96, 0x75, 0x50, 0xb6, 0x62, 0x7f, 0x50, 0xf6, 0x62, 0x50, 0xb7, 0x61, 0xcb,
  0x05, 0x50, 0x97, 0x76, 0x50, 0xb8, 0x79, 0x50, 0xf7, 0x61, 0xd7, 0x02, 0x50, 0x98, 0x7a, 0x50,
  0xb9, 0x62, 0x71, 0x50, 0x92, 0x71, 0x50, 0x85, 0x70, 0x50, 0x0d, 0x7c, 0x50, 0xb3, 0x71, 0x50,
  0xad, 0x70, 0x50, 0x11, 0x7d, 0x50, 0xf8, 0x61, 0xc6, 0x02, 0x50, 0x93, 0x76, 0x50, 0xb4, 0x61,
  0xd9, 0x05, 0x50, 0xf9, 0x61, 0xbb, 0x08, 0x50, 0xfa, 0x61, 0xd1, 0x05, 0x50, 0xfb, 0x61, 0xdd,
  0x02, 0x50, 0x94, 0x75, 0x50, 0xb5, 0x61, 0x56, 0x04, 0x50, 0x95, 0x76, 0x50, 0xb6, 0x61, 0x7b,
  0x01, 0x50, 0xfc, 0x61, 0x6a, 0x01, 0x50, 0x92, 0x72, 0x50, 0x89, 0x50, 0x0a, 0x79, 0x50, 0xb3,
  0x72, 0x50, 0xa5, 0x50, 0x0d, 0x61, 0x4c, 0x04, 0x50, 0x93, 0x76, 0x50, 0xb4, 0x62, 0x7f, 0x50,
  0xfd, 0x61, 0xd2, 0x05, 0x50, 0xfe, 0x61, 0xbb, 0x08, 0x50, 0xff, 0x61, 0xc6, 0x05, 0x50, 0x94,
  0x76, 0x50, 0xb5, 0x61, 0x56, 0x04, 0x50, 0x95, 0x75, 0x50, 0xb6, 0x62, 0x76, 0x50, 0x92, 0x71,
  0x50, 0x80, 0x70, 0x50, 0x0a, 0x78, 0x50, 0xb3, 0x71, 0x50, 0xae, 0x70, 0x50, 0x0b, 0x61, 0x4d,
  0x04, 0x50, 0x93, 0x75, 0x50, 0xb4, 0x61, 0x43, 0x17, 0x50, 0x94, 0x76, 0x50, 0xb5, 0x62, 0x70,
  0x50, 0x95, 0x7b, 0x50, 0xb6, 0x62, 0x71, 0x50, 0x92, 0x71, 0x50, 0x8e, 0x70, 0x50, 0x08, 0x7a,
  0x50, 0xb3, 0x72, 0x50, 0xa9, 0x50, 0x0a, 0x61, 0xd6, 0x02, 0x50, 0x93, 0x76, 0x50, 0xb4, 0x61,
  0x42, 0x17, 0x50, 0x94, 0x76, 0x50, 0xb5, 0x61, 0xca, 0x05, 0x50, 0x95, 0x7a, 0x50, 0xb6, 0x62,
  0x72, 0x50, 0x92, 0x71, 0x50, 0x8a, 0x70, 0x50, 0x06, 0x7b, 0x50, 0xb3, 0x71, 0x50, 0xae, 0x70,
  0x50, 0x08, 0x61, 0xd5, 0x02, 0x50, 0x93, 0x76, 0x50, 0xb4, 0x61, 0x41, 0x17, 0x50, 0x94, 0x76,
  0x50, 0xb5, 0x61, 0xa9, 0x0b, 0x50, 0xaf, 0x70, 0x50, 0x08, 0x62, 0x74, 0x50, 0xae, 0x70, 0x50,
  0x08, 0x62, 0x77, 0x50, 0xad, 0x70, 0x50, 0x08, 0x62, 0x70, 0x50, 0x89, 0x70, 0x50, 0x06, 0x62,
  0x7b, 0x50, 0x95, 0x74, 0x50, 0xac, 0x70, 0x50, 0x08, 0x74, 0x50, 0xb6, 0x61, 0xdc, 0x02, 0x50,
  0x88, 0x70, 0x50, 0x06, 0x78, 0x50, 0xab, 0x70, 0x50, 0x08, 0x61, 0xde, 0x02, 0x50, 0x89, 0x70,
  0x50, 0x06, 0x79, 0x50, 0xac, 0x70, 0x50, 0x08, 0x62, 0x75, 0x50, 0xad, 0x70, 0x50, 0x08, 0x62,
  0x70, 0x50, 0x8a, 0x70, 0x50, 0x06, 0x61, 0xf0, 0x02, 0x50, 0xae, 0x70, 0x50, 0x08, 0x61, 0x6c,
  0x01, 0x50, 0x96, 0x61, 0x7c, 0x01, 0x50, 0xaf, 0x70, 0x50, 0x08, 0x73, 0x50, 0xb7, 0x61, 0x6c,
  0x01, 0x50, 0x92, 0x71, 0x50, 0x80, 0x70, 0x50, 0x0a, 0x78, 0x50, 0xb3, 0x71, 0x50, 0xae, 0x70,
  0x50, 0x0b, 0x61, 0x4d, 0x04, 0x50, 0x93, 0x76, 0x50, 0xb4, 0x61, 0xb2, 0x08, 0x50, 0x94, 0x7a,
  0x50, 0xb5, 0x62, 0x71, 0x50, 0x92, 0x71, 0x50, 0x89, 0x70, 0x50, 0x0a, 0x7b, 0x50, 0xb3, 0x71,
  0x50, 0xa5, 0x70, 0x50, 0x0d, 0x61, 0xd6, 0x02, 0x50, 0x93, 0x76, 0x50, 0xb4, 0x61, 0x9c, 0x0b,
  0x50, 0x94, 0x7a, 0x50, 0xb5, 0x62, 0x74, 0x50, 0x92, 0x72, 0x50, 0x8e, 0x50, 0x08, 0x7f, 0x50,
  0xb3, 0x7f, 0x75, 0x50, 0xd0, 0x61, 0xbc, 0x02, 0x50, 0x93, 0x76, 0x50, 0xb4, 0x77, 0x50, 0xdf,
  0x62, 0x78, 0x50, 0xd2, 0x61, 0xd6, 0x05, 0x50, 0xd3, 0x61, 0xdd, 0x02, 0x50, 0xb5, 0x62, 0x7c,
  0x50, 0xb3, 0x7f, 0x70, 0x50, 0xd4, 0x61, 0xd6, 0x02, 0x50, 0xb4, 0x61, 0xcc, 0x05, 0x50, 0x94,
  0x7f, 0x71, 0x50, 0xd5, 0x61, 0x4c, 0x04, 0x50, 0xb5, 0x62, 0x7c, 0x50, 0xb3, 0x7b, 0x50, 0xd0,
  0x61, 0x4f, 0x04, 0x50, 0x8f, 0x70, 0x50, 0x08, 0x7a, 0x50, 0xb4, 0x76, 0x50, 0xdf, 0x61, 0xd4,
  0x02, 0x50, 0x8e, 0x70, 0x50, 0x08, 0x7f, 0x70, 0x50, 0xd2, 0x61, 0xd6, 0x02, 0x50, 0x8d, 0x70,
  0x50, 0x08, 0x61, 0xf8, 0x02, 0x50, 0xd3, 0x61, 0x67, 0x01, 0x50, 0xb5, 0x61, 0x73, 0x01, 0x50,
  0x8c, 0x50, 0x08, 0x74, 0x50, 0x95, 0x61, 0x74, 0x01, 0x50, 0xb3, 0x61, 0x70, 0x01, 0x50, 0x8b,
  0x50, 0x08, 0x7f, 0x50, 0xd4, 0x61, 0xd9, 0x02, 0x50, 0x8c, 0x70, 0x50, 0x08, 0x7a, 0x50, 0xb4,
  0x61, 0xdd, 0x02, 0x50, 0x8d, 0x70, 0x50, 0x08, 0x61, 0xf8, 0x02, 0x50, 0xd5, 0x61, 0xd9, 0x02,
  0x50, 0x8e, 0x70, 0x50, 0x08, 0x61, 0x76, 0x01, 0x50, 0xb5, 0x61, 0x72, 0x01, 0x50, 0x8f, 0x70,
  0x50, 0x08, 0x61, 0x79, 0x01, 0x50, 0xb3, 0x78, 0x50, 0xe4, 0x70, 0x50, 0xdf, 0x76, 0x50, 0xf1,
  0x70, 0x50, 0xe5, 0x61, 0x5e, 0x01, 0x50, 0x8e, 0x70, 0x50, 0x08, 0x62, 0x77, 0x50, 0x8d, 0x70,
  0x50, 0x08, 0x76, 0x50, 0xb4, 0x76, 0x50, 0xff, 0x62, 0x76, 0x50, 0xf4, 0x61, 0xde, 0x02, 0x50,
  0x8c, 0x70, 0x50, 0x08, 0x62, 0x78, 0x50, 0x8b, 0x70, 0x50, 0x08, 0x7b, 0x50, 0xf5, 0x61, 0x6a,
  0x01, 0x50, 0xb5, 0x61, 0x72, 0x01, 0x50, 0x8c, 0x70, 0x50, 0x08, 0x61, 0x76, 0x01, 0x50, 0xb6,
  0x61, 0x72, 0x01, 0x50, 0x8d, 0x70, 0x50, 0x08, 0x61, 0xf8, 0x02, 0x50, 0xf6, 0x61, 0xda, 0x02,
  0x50, 0x8e, 0x70, 0x50, 0x08, 0x76, 0x50, 0xb7, 0x62, 0x71, 0x50, 0x8f, 0x70, 0x50, 0x08, 0x62,
  0x78, 0x50, 0x8e, 0x70, 0x50, 0x08, 0x77, 0x50, 0xb8, 0x79, 0x50, 0xf7, 0x61, 0xd6, 0x02, 0x50,
  0x8d, 0x70, 0x50, 0x08, 0x7c, 0x50, 0xff, 0x77, 0x50, 0xd1, 0x78, 0x50, 0xd2, 0x61, 0xd0, 0x02,
  0x50, 0xb9, 0x62, 0x73, 0x50, 0x8c, 0x70, 0x50, 0x08, 0x78, 0x50, 0xa6, 0x70, 0x50, 0x0d, 0x61,
  0xde, 0x02, 0x50, 0x8b, 0x70, 0x50, 0x08, 0x76, 0x50, 0xa5, 0x70, 0x50, 0x0d, 0x62, 0x71, 0x50,
  0x8c, 0x70, 0x50, 0x08, 0x75, 0x50, 0xa4, 0x70, 0x50, 0x0d, 0x7e, 0x50, 0xd3, 0x61, 0xd2, 0x02,
  0x50, 0x8d, 0x70, 0x50, 0x08, 0x75, 0x50, 0xa3, 0x70, 0x50, 0x0d, 0x73, 0x50, 0xba, 0x62, 0x71,
  0x50, 0xa2, 0x70, 0x50, 0x0d, 0x7e, 0x50, 0xd4, 0x61, 0xd5, 0x02, 0x50, 0x8e, 0x70, 0x50, 0x08,
  0x75, 0x50, 0xa1, 0x70, 0x50, 0x0d, 0x73, 0x50, 0xbb, 0x61, 0xdd, 0x02, 0x50, 0x8f, 0x70, 0x50,
  0x08, 0x75, 0x50, 0xa2, 0x70, 0x50, 0x0d, 0x62, 0x72, 0x50, 0x8e, 0x70, 0x50, 0x08, 0x75, 0x50,
  0xa3, 0x50, 0x0d, 0x74, 0x50, 0xbc, 0x7a, 0x50, 0xd5, 0x61, 0xd1, 0x02, 0x50, 0x8d, 0x70, 0x50,
  0x08, 0x75, 0x50, 0xa4, 0x70, 0x50, 0x0d, 0x62, 0x7a, 0x50, 0xa5, 0x70, 0x50, 0x0d, 0x73, 0x50,
  0xbd, 0x61, 0xdb, 0x02, 0x50, 0x8c, 0x70, 0x50, 0x08, 0x78, 0x50, 0xb3, 0x71, 0x50, 0xa9, 0x70,
  0x50, 0x0a, 0x78, 0x50, 0xdf, 0x77, 0x50, 0xd0, 0x61, 0xcc, 0x02, 0x50, 0x8b, 0x50, 0x08, 0x77,
  0x50, 0xb4, 0x77, 0x50, 0xdf, 0x61, 0xd9, 0x02, 0x50, 0x8c, 0x70, 0x50, 0x08, 0x7e, 0x50, 0xd2,
  0x61, 0xd9, 0x02, 0x50, 0x8d, 0x70, 0x50, 0x08, 0x61, 0xf9, 0x02, 0x50, 0xd3, 0x61, 0xd8, 0x02,
  0x50, 0x8e, 0x70, 0x50, 0x08, 0x75, 0x50, 0xb5, 0x61, 0x72, 0x01, 0x50, 0xb3, 0x72, 0x50, 0xae,
  0x50, 0x08, 0x61, 0x6d, 0x01, 0x50, 0x8f, 0x50, 0x08, 0x7b, 0x50, 0xd4, 0x61, 0xdd, 0x02, 0x50,
  0x8e, 0x70, 0x50, 0x08, 0x76, 0x50, 0xb4, 0x62, 0x71, 0x50, 0x8d, 0x70, 0x50, 0x08, 0x61, 0xf4,
  0x02, 0x50, 0xd5, 0x61, 0xdd, 0x02, 0x50, 0x8c, 0x70, 0x50, 0x08, 0x61, 0x76, 0x01, 0x50, 0xb5,
  0x61, 0x72, 0x01, 0x50, 0x8b, 0x70, 0x50, 0x08, 0x61, 0x7a, 0x01, 0x50, 0xb3, 0x71, 0x50, 0xaa,
  0x70, 0x50, 0x06, 0x75, 0x50, 0xdf, 0x77, 0x50, 0xd1, 0x61, 0x5e, 0x01, 0x50, 0x8c, 0x70, 0x50,
  0x08, 0x7b, 0x50, 0xd2, 0x61, 0xdc, 0x02, 0x50, 0x8d, 0x50, 0x08, 0x77, 0x50, 0xb4, 0x75, 0x50,
  0xd3, 0x61, 0xc4, 0x05, 0x50, 0x8e, 0x70, 0x50, 0x08, 0x7c, 0x50, 0xd4, 0x61, 0xdb, 0x02, 0x50,
  0x8f, 0x70, 0x50, 0x08, 0x61, 0x76, 0x01, 0x50, 0xb5, 0x61, 0x72, 0x01, 0x50, 0x8e, 0x70, 0x50,
  0x08, 0x61, 0x76, 0x01, 0x50, 0xb6, 0x79, 0x50, 0xd1, 0x61, 0x68, 0x01, 0x50, 0x8d, 0x70, 0x50,
  0x08, 0x7d, 0x50, 0xd2, 0x62, 0x76, 0x50, 0xd3, 0x61, 0xdd, 0x02, 0x50, 0x8c, 0x70, 0x50, 0x08,
  0x76, 0x50, 0xb7, 0x62, 0x71, 0x50, 0x8b, 0x70, 0x50, 0x08, 0x7d, 0x50, 0xd4, 0x61, 0xdb, 0x02,
  0x50, 0x8c, 0x70, 0x50, 0x08, 0x76, 0x50, 0xb8, 0x61, 0x6e, 0x01, 0x50, 0xb9, 0x61, 0x73, 0x01,
  0x50, 0x8d, 0x70, 0x50, 0x08, 0x61, 0x7a, 0x01, 0x50, 0xb3, 0x71, 0x50, 0xa9, 0x70, 0x50, 0x0a,
  0x74, 0x50, 0xe4, 0x70, 0x50, 0xdf, 0x77, 0x50, 0xf1, 0x70, 0x50, 0xe5, 0x61, 0x45, 0x04, 0x50,
  0x8e, 0x70, 0x50, 0x08, 0x76, 0x50, 0xb4, 0x75, 0x50, 0xff, 0x61, 0xdb, 0x02, 0x50, 0x8f, 0x70,
  0x50, 0x08, 0x7c, 0x50, 0xf4, 0x61, 0xdc, 0x02, 0x50, 0x8e, 0x70, 0x50, 0x08, 0x7f, 0x70, 0x50,
  0xf5, 0x61, 0xd7, 0x02, 0x50, 0x8d, 0x50, 0x08, 0x75, 0x50, 0xb5, 0x62, 0x7a, 0x50, 0xb3, 0x71,
  0x50, 0xae, 0x70, 0x50, 0x08, 0x62, 0x50, 0x8c, 0x70, 0x50, 0x08, 0x76, 0x50, 0xb4, 0x79, 0x50,
  0xf6, 0x61, 0xd7, 0x02, 0x50, 0x8b, 0x70, 0x50, 0x08, 0x62, 0x79, 0x50, 0x8c, 0x70, 0x50, 0x08,
  0x62, 0x77, 0x50, 0x8d, 0x70, 0x50, 0x08, 0x7f, 0x71, 0x50, 0xf7, 0x61, 0xdb, 0x02, 0x50, 0xb5,
  0x62, 0x75, 0x50, 0x8e, 0x50, 0x08, 0x79, 0x50, 0xb3, 0x72, 0x50, 0xaa, 0x50, 0x06, 0x79, 0x50,
  0xff, 0x76, 0x50, 0xd1, 0x78, 0x50, 0xd2, 0x61, 0xc5, 0x02, 0x50, 0x8f, 0x70, 0x50, 0x08, 0x77,
  0x50, 0xb4, 0x61, 0xdd, 0x02, 0x50, 0x8e, 0x70, 0x50, 0x08, 0x62, 0x78, 0x50, 0x8d, 0x70, 0x50,
  0x08, 0x61, 0xf9, 0x02, 0x50, 0xd3, 0x61, 0xd8, 0x02, 0x50, 0x8c, 0x70, 0x50, 0x08, 0x62, 0x78,
  0x50, 0x8b, 0x70, 0x50, 0x08, 0x7f, 0x72, 0x50, 0xd4, 0x61, 0xd6, 0x02, 0x50, 0x8c, 0x70, 0x50,
  0x08, 0x62, 0x77, 0x50, 0x8d, 0x70, 0x50, 0x08, 0x62, 0x7e, 0x50, 0xb5, 0x7b, 0x50, 0xd5, 0x61,
  0xd8, 0x02, 0x50, 0x8e, 0x50, 0x08, 0x62, 0x79, 0x50, 0x96, 0x73, 0x50, 0x8f, 0x70, 0x50, 0x08,
  0x79, 0x50, 0xb6, 0x61, 0xda, 0x02, 0x50, 0x97, 0x74, 0x50, 0x8e, 0x70, 0x50, 0x08, 0x7c, 0x50,
  0xb3, 0x71, 0x50, 0xa4, 0x70, 0x50, 0x06, 0x77, 0x50, 0xdf, 0x77, 0x50, 0xd0, 0x72, 0x50, 0xca,
  0x70, 0x50, 0x21, 0x61, 0xbf, 0x02, 0x50, 0x8d, 0x70, 0x50, 0x08, 0x73, 0x50, 0x98, 0x76, 0x50,
  0xb4, 0x77, 0x50, 0xdf, 0x62, 0x75, 0x50, 0xd2, 0x61, 0xd9, 0x02, 0x50, 0x8c, 0x70, 0x50, 0x08,
  0x73, 0x50, 0x99, 0x62, 0x74, 0x50, 0x8b, 0x70, 0x50, 0x08, 0x7f, 0x70, 0x50, 0xd3, 0x61, 0xd8,
  0x02, 0x50, 0x8c, 0x50, 0x08, 0x74, 0x50, 0x9a, 0x62, 0x73, 0x50, 0x8d, 0x70, 0x50, 0x08, 0x7f,
  0x70, 0x50, 0xd4, 0x61, 0xc0, 0x05, 0x50, 0x8e, 0x70, 0x50, 0x08, 0x62, 0x78, 0x50, 0x8f, 0x70,
  0x50, 0x08, 0x74, 0x50, 0x9b, 0x75, 0x50, 0xb5, 0x76, 0x50, 0xd5, 0x61, 0xd7, 0x02, 0x50, 0x8e,
  0x70, 0x50, 0x08, 0x61, 0x73, 0x01, 0x50, 0x9c, 0x61, 0x75, 0x01, 0x50, 0x8d, 0x50, 0x08, 0x74,
  0x50, 0x9d, 0x61, 0x72, 0x01, 0x50, 0x92, 0x72, 0x50, 0x80, 0x50, 0x0a, 0x7a, 0x50, 0xd0, 0x61,
  0x4e, 0x04, 0x50, 0x93, 0x7f, 0x71, 0x50, 0xdf, 0x62, 0x76, 0x50, 0xd2, 0x61, 0xc9, 0x05, 0x50,
  0xa3, 0x70, 0x50, 0x06, 0x79, 0x50, 0xd3, 0x62, 0x71, 0x50, 0xb6, 0x62, 0x76, 0x50, 0xa2, 0x70,
  0x50, 0x06, 0x7a, 0x50, 0xd4, 0x61, 0xde, 0x02, 0x50, 0xa3, 0x50, 0x06, 0x61, 0xcc, 0x05, 0x50,
  0x94, 0x74, 0x50, 0xa4, 0x70, 0x50, 0x06, 0x7a, 0x50, 0xd5, 0x61, 0xd0, 0x05, 0x50, 0xe4, 0x70,
  0x50, 0xdf, 0x76, 0x50, 0xf1, 0x70, 0x50, 0xe5, 0x61, 0xde, 0x02, 0x50, 0xff, 0x61, 0xde, 0x02,
  0x50, 0x81, 0x70, 0x50, 0x0a, 0x7e, 0x50, 0xf4, 0x61, 0xd7, 0x02, 0x50, 0x80, 0x70, 0x50, 0x0a,
  0x79, 0x50, 0xa3, 0x70, 0x50, 0x06, 0x61, 0xdd, 0x02, 0x50, 0x8f, 0x70, 0x50, 0x09, 0x7f, 0x71,
  0x50, 0xf5, 0x61, 0xde, 0x02, 0x50, 0xa2, 0x70, 0x50, 0x06, 0x62, 0x70, 0x50, 0x8e, 0x70, 0x50,
  0x09, 0x73, 0x50, 0x95, 0x75, 0x50, 0xa3, 0x70, 0x50, 0x06, 0x61, 0xdd, 0x02, 0x50, 0x8d, 0x70,
  0x50, 0x09, 0x7f, 0x72, 0x50, 0xf6, 0x61, 0xd6, 0x02, 0x50, 0x8e, 0x70, 0x50, 0x09, 0x79, 0x50,
  0xa4, 0x50, 0x06, 0x61, 0xde, 0x02, 0x50, 0x8f, 0x50, 0x09, 0x61, 0xfa, 0x02, 0x50, 0xf7, 0x61,
  0xd8, 0x02, 0x50, 0x96, 0x73, 0x50, 0x80, 0x70, 0x50, 0x0a, 0x62, 0x77, 0x50, 0x92, 0x71, 0x50,
  0x8e, 0x70, 0x50, 0x08, 0x7c, 0x50, 0xff, 0x77, 0x50, 0xd1, 0x78, 0x50, 0xd2, 0x61, 0xc6, 0x02,
  0x50, 0x93, 0x75, 0x50, 0xa3, 0x70, 0x50, 0x06, 0x61, 0xd1, 0x05, 0x50, 0xa2, 0x70, 0x50, 0x06,
  0x62, 0x79, 0x50, 0xa3, 0x70, 0x50, 0x06, 0x7a, 0x50, 0xd3, 0x61, 0xc6, 0x05, 0x50, 0xa4, 0x50,
  0x06, 0x7b, 0x50, 0xd4, 0x61, 0xa9, 0x08, 0x50, 0x94, 0x7f, 0x50, 0xd5, 0x61, 0x4c, 0x04, 0x50,
  0x95, 0x61, 0x7b, 0x01, 0x50, 0xa3, 0x70, 0x50, 0x06, 0x73, 0x50, 0xb7, 0x61, 0x6c, 0x01, 0x50,
  0x92, 0x72, 0x50, 0x86, 0x50, 0x08, 0x79, 0x50, 0xb3, 0x72, 0x50, 0xa0, 0x50, 0x0a, 0x75, 0x50,
  0xdf, 0x77, 0x50, 0xd0, 0x61, 0x3e, 0x04, 0x50, 0x93, 0x76, 0x50, 0xb4, 0x76, 0x50, 0xdf, 0x62,
  0x79, 0x50, 0xd2, 0x61, 0xd2, 0x05, 0x50, 0xd3, 0x61, 0x68, 0x01, 0x50, 0xb5, 0x62, 0x7c, 0x50,
  0xb3, 0x71, 0x50, 0xa6, 0x70, 0x50, 0x08, 0x61, 0x79, 0x01, 0x50, 0xd4, 0x62, 0x75, 0x50, 0xb4,
  0x61, 0xcb, 0x05, 0x50, 0x94, 0x7c, 0x50, 0xd5, 0x61, 0x52, 0x04, 0x50, 0xb5, 0x62, 0x7d, 0x50,
  0xb3, 0x71, 0x50, 0xa4, 0x70, 0x50, 0x06, 0x74, 0x50, 0xdf, 0x78, 0x50, 0xd1, 0x61, 0x6a, 0x01,
  0x50, 0xd2, 0x62, 0x50, 0x87, 0x70, 0x50, 0x08, 0x7a, 0x50, 0xb4, 0x75, 0x50, 0xd3, 0x61, 0xd5,
  0x02, 0x50, 0x86, 0x70, 0x50, 0x08, 0x62, 0x77, 0x50, 0x85, 0x70, 0x50, 0x08, 0x7f, 0x71, 0x50,
  0xd4, 0x61, 0x4b, 0x04, 0x50, 0x95, 0x76, 0x50, 0xb5, 0x61, 0x6e, 0x01, 0x50, 0x84, 0x70, 0x50,
  0x08, 0x73, 0x50, 0x96, 0x61, 0x72, 0x01, 0x50, 0x92, 0x72, 0x50, 0x8e, 0x70, 0x50, 0x08, 0x75,
  0x50, 0xb6, 0x78, 0x50, 0xd1, 0x61, 0x71, 0x01, 0x50, 0xd2, 0x61, 0xd9, 0x02, 0x50, 0x93, 0x61,
  0xf0, 0x02, 0x50, 0xb7, 0x7a, 0x50, 0xd3, 0x61, 0xc6, 0x05, 0x50, 0xb8, 0x75, 0x50, 0xb9, 0x62,
  0x77, 0x50, 0xb3, 0x71, 0x50, 0xa0, 0x70, 0x50, 0x0a, 0x77, 0x50, 0xe4, 0x70, 0x50, 0xdf, 0x77,
  0x50, 0xf1, 0x70, 0x50, 0xe5, 0x61, 0xd2, 0x02, 0x50, 0xb4, 0x76, 0x50, 0xff, 0x62, 0x78, 0x50,
  0xf4, 0x61, 0xc5, 0x05, 0x50, 0x94, 0x7f, 0x70, 0x50, 0xf5, 0x61, 0xdd, 0x02, 0x50, 0xb5, 0x62,
  0x7c, 0x50, 0xb3, 0x72, 0x50, 0xa6, 0x50, 0x08, 0x62, 0x75, 0x50, 0xb4, 0x79, 0x50, 0xf6, 0x61,
  0xd9, 0x02, 0x50, 0x8f, 0x70, 0x50, 0x08, 0x62, 0x76, 0x50, 0x8e, 0x70, 0x50, 0x08, 0x62, 0x78,
  0x50, 0x8d, 0x70, 0x50, 0x08, 0x7f, 0x74, 0x50, 0xf7, 0x61, 0xd3, 0x02, 0x50, 0x95, 0x76, 0x50,
  0x96, 0x74, 0x50, 0xb5, 0x62, 0x70, 0x50, 0x92, 0x71, 0x50, 0x80, 0x70, 0x50, 0x0a, 0x7c, 0x50,
  0xb3, 0x71, 0x50, 0xa4, 0x70, 0x50, 0x06, 0x78, 0x50, 0xff, 0x77, 0x50, 0xd1, 0x78, 0x50, 0xd2,
  0x61, 0xbb, 0x02, 0x50, 0x93, 0x76, 0x50, 0xb4, 0x61, 0xc6, 0x08, 0x50, 0xd3, 0x61, 0xcd, 0x05,
  0x50, 0xd4, 0x61, 0xae, 0x08, 0x50, 0x94, 0x76, 0x50, 0xb5, 0x75, 0x50, 0xd5, 0x61, 0x50, 0x04,
  0x50, 0x95, 0x75, 0x50, 0xb6, 0x62, 0x76, 0x50, 0x92, 0x71, 0x50, 0x8e, 0x70, 0x50, 0x08, 0x79,
  0x50, 0xb3, 0x71, 0x50, 0xa5, 0x70, 0x50, 0x0d, 0x74, 0x50, 0xdf, 0x77, 0x50, 0xd0, 0x72, 0x50,
  0xca, 0x50, 0x23, 0x61, 0x3c, 0x04, 0x50, 0x93, 0x75, 0x50, 0xb4, 0x77, 0x50, 0xdf, 0x62, 0x78,
  0x50, 0xd2, 0x61, 0xd2, 0x05, 0x50, 0xd3, 0x61, 0x68, 0x01, 0x50, 0xb5, 0x62, 0x7c, 0x50, 0xb3,
  0x61, 0x7c, 0x01, 0x50, 0xd4, 0x62, 0x75, 0x50, 0xb4, 0x61, 0xcc, 0x05, 0x50, 0x94, 0x7c, 0x50,
  0xd5, 0x61, 0x51, 0x04, 0x50, 0xb5, 0x62, 0x7c, 0x50, 0xb3, 0x7b, 0x50, 0xd0, 0x61, 0x4f, 0x04,
  0x50, 0x8f, 0x70, 0x50, 0x08, 0x7a, 0x50, 0xb4, 0x76, 0x50, 0xdf, 0x61, 0xd5, 0x02, 0x50, 0x8e,
  0x50, 0x08, 0x7f, 0x72, 0x50, 0xd2, 0x61, 0xd5, 0x02, 0x50, 0x8d, 0x70, 0x50, 0x08, 0x7f, 0x76,
  0x50, 0xd3, 0x61, 0xd9, 0x02, 0x50, 0xb5, 0x62, 0x72, 0x50, 0x8c, 0x50, 0x08, 0x74, 0x50, 0x95,
  0x77, 0x50, 0xb3, 0x7f, 0x71, 0x50, 0xd4, 0x61, 0xca, 0x02, 0x50, 0x8b, 0x50, 0x08, 0x7b, 0x50,
  0xb4, 0x61, 0xdd, 0x02, 0x50, 0x8c, 0x70, 0x50, 0x08, 0x62, 0x78, 0x50, 0x8d, 0x70, 0x50, 0x08,
  0x7f, 0x75, 0x50, 0xd5, 0x61, 0xbb, 0x05, 0x50, 0x8e, 0x70, 0x50, 0x08, 0x79, 0x50, 0xb5, 0x61,
  0xde, 0x02, 0x50, 0x8f, 0x70, 0x50, 0x08, 0x7c, 0x50, 0xb3, 0x7b, 0x50, 0xe4, 0x70, 0x50, 0xdf,
  0x76, 0x50, 0xf1, 0x70, 0x50, 0xe5, 0x61, 0xc7, 0x02, 0x50, 0x8e, 0x70, 0x50, 0x08, 0x76, 0x50,
  0xb4, 0x76, 0x50, 0xff, 0x61, 0xd9, 0x02, 0x50, 0x8d, 0x70, 0x50, 0x08, 0x7d, 0x50, 0xf4, 0x61,
  0xc4, 0x05, 0x50, 0x8c, 0x50, 0x08, 0x7f, 0x71, 0x50, 0xf5, 0x61, 0xd7, 0x02, 0x50, 0x8b, 0x70,
  0x50, 0x08, 0x74, 0x50, 0xb5, 0x62, 0x73, 0x50, 0x8c, 0x70, 0x50, 0x08, 0x76, 0x50, 0xb6, 0x62,
  0x71, 0x50, 0x8d, 0x70, 0x50, 0x08, 0x7f, 0x70, 0x50, 0xf6, 0x61, 0xdd, 0x02, 0x50, 0xb7, 0x62,
  0x73, 0x50, 0x8e, 0x70, 0x50, 0x08, 0x62, 0x78, 0x50, 0x8f, 0x70, 0x50, 0x08, 0x77, 0x50, 0xb8,
  0x79, 0x50, 0xf7, 0x61, 0xd7, 0x02, 0x50, 0x8e, 0x70, 0x50, 0x08, 0x62, 0x78, 0x50, 0x8d, 0x50,
  0x08, 0x77, 0x50, 0xb9, 0x75, 0x50, 0xff, 0x76, 0x50, 0xd1, 0x79, 0x50, 0xd2, 0x61, 0xd0, 0x02,
  0x50, 0xa6, 0x70, 0x50, 0x0d, 0x62, 0x71, 0x50, 0x8c, 0x70, 0x50, 0x08, 0x75, 0x50, 0xa5, 0x70,
  0x50, 0x0d, 0x62, 0x71, 0x50, 0x8b, 0x70, 0x50, 0x08, 0x75, 0x50, 0xa4, 0x70, 0x50, 0x0d, 0x62,
  0x72, 0x50, 0x8c, 0x70, 0x50, 0x08, 0x75, 0x50, 0xa3, 0x50, 0x0d, 0x74, 0x50, 0xba, 0x75, 0x50,
  0xd3, 0x61, 0xd7, 0x02, 0x50, 0x8d, 0x70, 0x50, 0x08, 0x74, 0x50, 0xa2, 0x70, 0x50, 0x0d, 0x62,
  0x76, 0x50, 0xa1, 0x70, 0x50, 0x0d, 0x73, 0x50, 0xbb, 0x75, 0x50, 0xd4, 0x61, 0xda, 0x02, 0x50,
  0x8e, 0x70, 0x50, 0x08, 0x75, 0x50, 0xa2, 0x70, 0x50, 0x0d, 0x62, 0x71, 0x50, 0x8f, 0x70, 0x50,
  0x08, 0x75, 0x50, 0xa3, 0x50, 0x0d, 0x74, 0x50, 0xbc, 0x61, 0xde, 0x02, 0x50, 0x8e, 0x50, 0x08,
  0x75, 0x50, 0xa4, 0x70, 0x50, 0x0d, 0x7a, 0x50, 0xd5, 0x61, 0xd6, 0x02, 0x50, 0x8d, 0x70, 0x50,
  0x08, 0x75, 0x50, 0xa5, 0x50, 0x0d, 0x61, 0x6e, 0x01, 0x50, 0x96, 0x75, 0x50, 0xbd, 0x61, 0x76,
  0x01, 0x50, 0xa6, 0x70, 0x50, 0x0d, 0x61, 0x6f, 0x01, 0x50, 0x92, 0x71, 0x50, 0x85, 0x70, 0x50,
  0x0d, 0x79, 0x50, 0xb3, 0x71, 0x50, 0xad, 0x70, 0x50, 0x11, 0x75, 0x50, 0xdf, 0x77, 0x50, 0xd0,
  0x61, 0x3e, 0x04, 0x50, 0x93, 0x76, 0x50, 0xb4, 0x76, 0x50, 0xdf, 0x62, 0x78, 0x50, 0xd2, 0x61,
  0xd2, 0x05, 0x50, 0xd3, 0x61, 0x69, 0x01, 0x50, 0xb5, 0x62, 0x7c, 0x50, 0xb3, 0x61, 0x7b, 0x01,
  0x50, 0xd4, 0x62, 0x75, 0x50, 0xb4, 0x61, 0xcc, 0x05, 0x50, 0x94, 0x7c, 0x50, 0xd5, 0x62, 0x72,
  0x50, 0xb5, 0x62, 0x7a, 0x50, 0xb6, 0x7a, 0x50, 0xdf, 0x77, 0x50, 0xd1, 0x78, 0x50, 0xd2, 0x61,
  0xd9, 0x02, 0x50, 0xd3, 0x61, 0xd8, 0x02, 0x50, 0x86, 0x70, 0x50, 0x0d, 0x7a, 0x50, 0xb7, 0x61,
  0xdb, 0x02, 0x50, 0x85, 0x70, 0x50, 0x0d, 0x7f, 0x75, 0x50, 0xd4, 0x61, 0xd2, 0x02, 0x50, 0x84,
  0x50, 0x0d, 0x7b, 0x50, 0xb8, 0x61, 0xdd, 0x02, 0x50, 0x83, 0x70, 0x50, 0x0d, 0x62, 0x78, 0x50,
  0x82, 0x70, 0x50, 0x0d, 0x73, 0x50, 0x95, 0x76, 0x50, 0xb9, 0x78, 0x50, 0xd1, 0x78, 0x50, 0xd2,
  0x61, 0xcb, 0x02, 0x50, 0x81, 0x70, 0x50, 0x0d, 0x7f, 0x75, 0x50, 0xd3, 0x61, 0xd3, 0x02, 0x50,
  0x82, 0x50, 0x0d, 0x7c, 0x50, 0xae, 0x70, 0x50, 0x11, 0x61, 0xda, 0x02, 0x50, 0x83, 0x70, 0x50,
  0x0d, 0x79, 0x50, 0xad, 0x70, 0x50, 0x11, 0x7f, 0x50, 0xd4, 0x61, 0xcd, 0x02, 0x50, 0x84, 0x70,
  0x50, 0x0d, 0x79, 0x50, 0xac, 0x70, 0x50, 0x11, 0x73, 0x50, 0xba, 0x61, 0xd9, 0x02, 0x50, 0x96,
  0x74, 0x50, 0x85, 0x50, 0x0d, 0x79, 0x50, 0xbb, 0x74, 0x50, 0xaa, 0x50, 0x11, 0x61, 0xd8, 0x02,
  0x50, 0x92, 0x72, 0x50, 0x89, 0x50, 0x0a, 0x7c, 0x50, 0xb3, 0x72, 0x50, 0xa5, 0x50, 0x0d, 0x78,
  0x50, 0xe4, 0x70, 0x50, 0xdf, 0x76, 0x50, 0xf1, 0x71, 0x50, 0xe5, 0x61, 0xc2, 0x02, 0x50, 0x93,
  0x76, 0x50, 0xb4, 0x76, 0x50, 0xff, 0x62, 0x79, 0x50, 0xf4, 0x61, 0xd5, 0x05, 0x50, 0xf5, 0x61,
  0xde, 0x02, 0x50, 0xb5, 0x62, 0x7c, 0x50, 0xb3, 0x62, 0x78, 0x50, 0xb4, 0x79, 0x50, 0xf6, 0x61,
  0xc1, 0x05, 0x50, 0x94, 0x61, 0xf5, 0x02, 0x50, 0xf7, 0x61, 0x69, 0x01, 0x50, 0xb5, 0x62, 0x7a,
  0x50, 0xb6, 0x75, 0x50, 0xff, 0x77, 0x50, 0xd1, 0x61, 0x73, 0x01, 0x50, 0xd2, 0x61, 0xdc, 0x02,
  0x50, 0x8a, 0x70, 0x50, 0x0a, 0x62, 0x76, 0x50, 0x89, 0x70, 0x50, 0x0a, 0x7a, 0x50, 0xb7, 0x61,
  0xdd, 0x02, 0x50, 0x88, 0x70, 0x50, 0x0a, 0x62, 0x78, 0x50, 0x87, 0x70, 0x50, 0x0a, 0x7a, 0x50,
  0xb8, 0x75, 0x50, 0xd3, 0x61, 0xda, 0x02, 0x50, 0x95, 0x62, 0x76, 0x50, 0x86, 0x70, 0x50, 0x0a,
  0x7a, 0x50, 0xb9, 0x75, 0x50, 0xd4, 0x61, 0xd8, 0x02, 0x50, 0x87, 0x70, 0x50, 0x0a, 0x7b, 0x50,
  0xa6, 0x70, 0x50, 0x0d, 0x62, 0x73, 0x50, 0xa5, 0x50, 0x0d, 0x62, 0x71, 0x50, 0x88, 0x50, 0x0a,
  0x79, 0x50, 0xa4, 0x70, 0x50, 0x0d, 0x79, 0x50, 0xd5, 0x61, 0xd4, 0x02, 0x50, 0x89, 0x50, 0x0a,
  0x79, 0x50, 0xa3, 0x70, 0x50, 0x0d, 0x73, 0x50, 0xba, 0x61, 0x65, 0x01, 0x50, 0x96, 0x76, 0x50,
  0xbb, 0x61, 0x6e, 0x01, 0x50, 0x8a, 0x50, 0x0a, 0x79, 0x50, 0xa2, 0x70, 0x50, 0x0d, 0x61, 0x6c,
  0x01, 0x50, 0x92, 0x72, 0x50, 0x8e, 0x70, 0x50, 0x0b, 0x77, 0x50, 0xb3, 0x72, 0x50, 0xa0, 0x50,
  0x0a, 0x75, 0x50, 0xdf, 0x77, 0x50, 0xd0, 0x71, 0x50, 0xce, 0x70, 0x50, 0x2c, 0x61, 0x3c, 0x04,
  0x50, 0x93, 0x76, 0x50, 0xb4, 0x76, 0x50, 0xdf, 0x62, 0x79, 0x50, 0xd2, 0x61, 0xd2, 0x05, 0x50,
  0xd3, 0x61, 0x68, 0x01, 0x50, 0xb5, 0x61, 0x7d, 0x01, 0x50, 0xb3, 0x62, 0x78, 0x50, 0xb4, 0x7a,
  0x50, 0xd4, 0x61, 0xa9, 0x08, 0x50, 0x94, 0x7f, 0x71, 0x50, 0xd5, 0x61, 0xdc, 0x02, 0x50, 0xb5,
  0x62, 0x7a, 0x50, 0xb6, 0x7d, 0x50, 0xd0, 0x62, 0x74, 0x50, 0xdf, 0x61, 0xdc, 0x02, 0x50, 0x8f,
  0x50, 0x0b, 0x7b, 0x50, 0xb7, 0x76, 0x50, 0xd2, 0x61, 0xd3, 0x02, 0x50, 0x8e, 0x70, 0x50, 0x0b,
  0x62, 0x78, 0x50, 0x8d, 0x70, 0x50, 0x0b, 0x7a, 0x50, 0xb8, 0x7a, 0x50, 0xd3, 0x61, 0xd2, 0x02,
  0x50, 0x8c, 0x70, 0x50, 0x0b, 0x62, 0x78, 0x50, 0x8b, 0x70, 0x50, 0x0b, 0x73, 0x50, 0x95, 0x77,
  0x50, 0xb9, 0x7a, 0x50, 0xd4, 0x61, 0xd1, 0x02, 0x50, 0x8a, 0x70, 0x50, 0x0b, 0x7c, 0x50, 0xa1,
  0x70, 0x50, 0x0a, 0x61, 0xdb, 0x02, 0x50, 0x8b, 0x70, 0x50, 0x0b, 0x79, 0x50, 0xa0, 0x70, 0x50,
  0x0a, 0x61, 0xdd, 0x02, 0x50, 0x8c, 0x50, 0x0b, 0x79, 0x50, 0xaf, 0x70, 0x50, 0x09, 0x7e, 0x50,
  0xd5, 0x61, 0xcf, 0x02, 0x50, 0x8d, 0x70, 0x50, 0x0b, 0x7b, 0x50, 0xba, 0x61, 0xdc, 0x02, 0x50,
  0x8e, 0x70, 0x50, 0x0b, 0x79, 0x50, 0xae, 0x50, 0x09, 0x61, 0xde, 0x02, 0x50, 0x8f, 0x70, 0x50,
  0x0b, 0x79, 0x50, 0xad, 0x70, 0x50, 0x09, 0x73, 0x50, 0xbb, 0x74, 0x50, 0xe4, 0x70, 0x50, 0xdf,
  0x77, 0x50, 0xf1, 0x70, 0x50, 0xe5, 0x61, 0xcb, 0x02, 0x50, 0x8e, 0x50, 0x0b, 0x76, 0x50, 0xae,
  0x70, 0x50, 0x09, 0x7a, 0x50, 0xff, 0x61, 0xd5, 0x02, 0x50, 0x8d, 0x70, 0x50, 0x0b, 0x75, 0x50,
  0xaf, 0x70, 0x50, 0x09, 0x73, 0x50, 0xbc, 0x76, 0x50, 0xf4, 0x61, 0xd6, 0x02, 0x50, 0x8c, 0x70,
  0x50, 0x0b, 0x62, 0x78, 0x50, 0x8b, 0x70, 0x50, 0x0b, 0x74, 0x50, 0xa0, 0x70, 0x50, 0x0a, 0x79,
  0x50, 0xf5, 0x61, 0xd8, 0x02, 0x50, 0x8a, 0x70, 0x50, 0x0b, 0x74, 0x50, 0xa1, 0x70, 0x50, 0x0a,
  0x62, 0x73, 0x50, 0x8b, 0x50, 0x0b, 0x76, 0x50, 0xa0, 0x50, 0x0a, 0x74, 0x50, 0xbd, 0x61, 0xdc,
  0x02, 0x50, 0x8c, 0x70, 0x50, 0x0b, 0x75, 0x50, 0xaf, 0x70, 0x50, 0x09, 0x79, 0x50, 0xf6, 0x61,
  0xd7, 0x02, 0x50, 0x8d, 0x70, 0x50, 0x0b, 0x78, 0x50, 0xbe, 0x62, 0x70, 0x50, 0x8e, 0x50, 0x0b,
  0x75, 0x50, 0xae, 0x70, 0x50, 0x09, 0x62, 0x72, 0x50, 0x8f, 0x50, 0x0b, 0x75, 0x50, 0xad, 0x70,
  0x50, 0x09, 0x73, 0x50, 0xbf, 0x75, 0x50, 0xf7, 0x61, 0x63, 0x01, 0x50, 0x96, 0x61, 0x75, 0x01,
  0x50, 0x8e, 0x70, 0x50, 0x0b, 0x79, 0x50, 0xae, 0x70, 0x50, 0x09, 0x61, 0x6b, 0x01, 0x50, 0x92,
  0x72, 0x50, 0x80, 0x70, 0x50, 0x0a, 0x77, 0x50, 0xb3, 0x72, 0x50, 0xae, 0x50, 0x0b, 0x76, 0x50,
  0xff, 0x76, 0x50, 0xd1, 0x61, 0x60, 0x01, 0x50, 0xd2, 0x62, 0x50, 0x93, 0x76, 0x50, 0xb4, 0x61,
  0xc2, 0x08, 0x50, 0xd3, 0x61, 0x66, 0x01, 0x50, 0x94, 0x62, 0x7a, 0x50, 0x95, 0x61, 0x75, 0x01,
  0x50, 0x96, 0x7c, 0x50, 0xd4, 0x61, 0xb5, 0x08, 0x50, 0xb5, 0x75, 0x50, 0xd5, 0x61, 0xdd, 0x02,
  0x50, 0x97, 0x61, 0x73, 0x01, 0x50, 0x98, 0x75, 0x50, 0xb6, 0x62, 0x76, 0x50, 0x92, 0x71, 0x50,
  0x86, 0x70, 0x50, 0x08, 0x78, 0x50, 0xb3, 0x71, 0x50, 0xa0, 0x70, 0x50, 0x0a, 0x74, 0x50, 0xdf,
  0x77, 0x50, 0xd0, 0x61, 0x40, 0x04, 0x50, 0x93, 0x76, 0x50, 0xb4, 0x77, 0x50, 0xdf, 0x62, 0x79,
  0x50, 0xd2, 0x62, 0x7d, 0x50, 0xd3, 0x61, 0xd2, 0x05, 0x50, 0xd4, 0x61, 0xbb, 0x08, 0x50, 0xd5,
  0x61, 0xd7, 0x02, 0x50, 0x94, 0x76, 0x50, 0xb5, 0x62, 0x71, 0x50, 0x95, 0x7a, 0x50, 0xb6, 0x62,
  0x71, 0x50, 0x92, 0x71, 0x50, 0x87, 0x70, 0x50, 0x07, 0x7a, 0x50, 0xb3, 0x72, 0x50, 0xae, 0x70,
  0x50, 0x08, 0x77, 0x50, 0xdf, 0x77, 0x50, 0xd1, 0x78, 0x50, 0xd2, 0x61, 0xbd, 0x02, 0x50, 0x93,
  0x76, 0x50, 0xb4, 0x7a, 0x50, 0xd3, 0x61, 0xd2, 0x05, 0x50, 0xd4, 0x61, 0xb9, 0x08, 0x50, 0xd1,
  0x78, 0x50, 0xd2, 0x62, 0x72, 0x50, 0xd3, 0x61, 0xc0, 0x05, 0x50, 0x94, 0x76, 0x50, 0xb5, 0x7b,
  0x50, 0xd4, 0x62, 0x62, 0x50, 0x95, 0x7a, 0x50, 0xb6, 0x61, 0x6c, 0x01, 0x50, 0x92, 0x72, 0x50,
  0x86, 0x70, 0x50, 0x08, 0x77, 0x50, 0xb3, 0x72, 0x50, 0xa0, 0x50, 0x0a, 0x75, 0x50, 0xe4, 0x70,
  0x50, 0xdf, 0x76, 0x50, 0xf1, 0x71, 0x50, 0xe5, 0x61, 0x3d, 0x04, 0x50, 0x93, 0x76, 0x50, 0xb4,
  0x76, 0x50, 0xff, 0x62, 0x78, 0x50, 0xf4, 0x61, 0xd2, 0x05, 0x50, 0xf5, 0x61, 0xbb, 0x08, 0x50,
  0xf6, 0x61, 0xc6, 0x05, 0x50, 0x94, 0x76, 0x50, 0xb5, 0x62, 0x7f, 0x50, 0xf7, 0x61, 0x67, 0x01,
  0x50, 0x95, 0x75, 0x50, 0xb6, 0x62, 0x76, 0x50, 0x92, 0x71, 0x50, 0x87, 0x70, 0x50, 0x07, 0x78,
  0x50, 0xb3, 0x71, 0x50, 0xae, 0x70, 0x50, 0x08, 0x75, 0x50, 0xff, 0x76, 0x50, 0xd1, 0x61, 0x60,
  0x01, 0x50, 0xd2, 0x62, 0x70, 0x50, 0x93, 0x75, 0x50, 0xb4, 0x61, 0xc2, 0x08, 0x50, 0xd3, 0x61,
  0xd2, 0x05, 0x50, 0xd4, 0x61, 0xaf, 0x08, 0x50, 0x94, 0x76, 0x50, 0xb5, 0x7a, 0x50, 0xd5, 0x61,
  0xd6, 0x02, 0x50, 0x95, 0x7a, 0x50, 0xb6, 0x62, 0x71, 0x50, 0x92, 0x71, 0x50, 0x8e, 0x70, 0x50,
  0x08, 0x7c, 0x50, 0xb3, 0x71, 0x50, 0xa9, 0x70, 0x50, 0x0a, 0x77, 0x50, 0xdf, 0x77, 0x50, 0xd0,
  0x72, 0x50, 0xca, 0x70, 0x50, 0x23, 0x61, 0xc1, 0x02, 0x50, 0x93, 0x76, 0x50, 0xb4, 0x76, 0x50,
  0xdf, 0x62, 0x79, 0x50, 0xd2, 0x61, 0xd6, 0x05, 0x50, 0xd3, 0x61, 0xd2, 0x05, 0x50, 0xd4, 0x61,
  0xa9, 0x08, 0x50, 0x94, 0x76, 0x50, 0xb5, 0x7a, 0x50, 0xd5, 0x61, 0xb9, 0x08, 0x50, 0xd0, 0x61,
  0xdb, 0x02, 0x50, 0x8f, 0x70, 0x50, 0x08, 0x7c, 0x50, 0xaa, 0x50, 0x0a, 0x7b, 0x50, 0xdf, 0x61,
  0xcd, 0x02, 0x50, 0x8e, 0x70, 0x50, 0x08, 0x79, 0x50, 0xa9, 0x70, 0x50, 0x0a, 0x7b, 0x50, 0xd2,
  0x61, 0xd1, 0x02, 0x50, 0x8d, 0x50, 0x08, 0x79, 0x50, 0xa8, 0x70, 0x50, 0x0a, 0x62, 0x76, 0x50,
  0xa7, 0x70, 0x50, 0x0a, 0x7e, 0x50, 0xd3, 0x61, 0xd1, 0x02, 0x50, 0x8c, 0x70, 0x50, 0x08, 0x73,
  0x50, 0x95, 0x77, 0x50, 0xb6, 0x61, 0xdc, 0x02, 0x50, 0x8b, 0x70, 0x50, 0x08, 0x79, 0x50, 0xa6,
  0x70, 0x50, 0x0a, 0x7e, 0x50, 0xd4, 0x61, 0xcf, 0x02, 0x50, 0x8c, 0x50, 0x08, 0x7a, 0x50, 0xa7,
  0x70, 0x50, 0x0a, 0x61, 0xdc, 0x02, 0x50, 0x8d, 0x70, 0x50, 0x08, 0x61, 0xf0, 0x02, 0x50, 0xa8,
  0x50, 0x0a, 0x7a, 0x50, 0xd5, 0x61, 0xd6, 0x02, 0x50, 0x8e, 0x70, 0x50, 0x08, 0x78, 0x50, 0xa9,
  0x70, 0x50, 0x0a, 0x61, 0xde, 0x02, 0x50, 0x8f, 0x70, 0x50, 0x08, 0x79, 0x50, 0xaa, 0x50, 0x0a,
  0x61, 0x6e, 0x01, 0x50, 0xe4, 0x70, 0x50, 0xdf, 0x76, 0x50, 0xf1, 0x70, 0x50, 0xe5, 0x61, 0x68,
  0x01, 0x50, 0x8e, 0x70, 0x50, 0x08, 0x75, 0x50, 0xa9, 0x50, 0x0a, 0x62, 0x71, 0x50, 0x8d, 0x70,
  0x50, 0x08, 0x75, 0x50, 0xa8, 0x70, 0x50, 0x0a, 0x76, 0x50, 0xff, 0x61, 0xde, 0x02, 0x50, 0xa7,
  0x70, 0x50, 0x0a, 0x76, 0x50, 0xf4, 0x61, 0xdd, 0x02, 0x50, 0x8c, 0x70, 0x50, 0x08, 0x62, 0x79,
  0x50, 0x8b, 0x50, 0x08, 0x75, 0x50, 0xa6, 0x70, 0x50, 0x0a, 0x75, 0x50, 0xf5, 0x61, 0xdc, 0x02,
  0x50, 0x8c, 0x70, 0x50, 0x08, 0x75, 0x50, 0xa7, 0x70, 0x50, 0x0a, 0x62, 0x71, 0x50, 0x8d, 0x70,
  0x50, 0x08, 0x62, 0x7c, 0x50, 0xa8, 0x70, 0x50, 0x0a, 0x75, 0x50, 0xf6, 0x61, 0xde, 0x02, 0x50,
  0x8e, 0x70, 0x50, 0x08, 0x75, 0x50, 0xa9, 0x50, 0x0a, 0x62, 0x72, 0x50, 0x8f, 0x70, 0x50, 0x08,
  0x75, 0x50, 0xaa, 0x70, 0x50, 0x0a, 0x62, 0x72, 0x50, 0x8e, 0x70, 0x50, 0x08, 0x75, 0x50, 0xa9,
  0x70, 0x50, 0x0a, 0x75, 0x50, 0xf7, 0x61, 0xda, 0x02, 0x50, 0x8d, 0x70, 0x50, 0x08, 0x75, 0x50,
  0xa8, 0x70, 0x50, 0x0a, 0x61, 0x72, 0x01, 0x50, 0xff, 0x76, 0x50, 0xd1, 0x61, 0x6d, 0x01, 0x50,
  0xa7, 0x50, 0x0a, 0x77, 0x50, 0xd2, 0x61, 0xdd, 0x02, 0x50, 0x8c, 0x50, 0x08, 0x62, 0x79, 0x50,
  0x8b, 0x70, 0x50, 0x08, 0x74, 0x50, 0xa6, 0x70, 0x50, 0x0a, 0x62, 0x72, 0x50, 0x8c, 0x70, 0x50,
  0x08, 0x75, 0x50, 0xa7, 0x70, 0x50, 0x0a, 0x62, 0x72, 0x50, 0x8d, 0x50, 0x08, 0x7f, 0x50, 0xd3,
  0x61, 0xdd, 0x02, 0x50, 0xa8, 0x70, 0x50, 0x0a, 0x62, 0x74, 0x50, 0x8e, 0x70, 0x50, 0x08, 0x75,
  0x50, 0xa9, 0x50, 0x0a, 0x7b, 0x50, 0xd4, 0x61, 0xd6, 0x02, 0x50, 0x8f, 0x70, 0x50, 0x08, 0x75,
  0x50, 0xaa, 0x70, 0x50, 0x0a, 0x62, 0x71, 0x50, 0x8e, 0x70, 0x50, 0x08, 0x76, 0x50, 0xa9, 0x70,
  0x50, 0x0a, 0x62, 0x70, 0x50, 0x8d, 0x70, 0x50, 0x08, 0x75, 0x50, 0xa8, 0x70, 0x50, 0x0a, 0x7a,
  0x50, 0xd5, 0x61, 0xdb, 0x02, 0x50, 0xa7, 0x70, 0x50, 0x0a, 0x62, 0x73, 0x50, 0x8c, 0x70, 0x50,
  0x08, 0x79, 0x50, 0xdf, 0x77, 0x50, 0xd0, 0x61, 0xd6, 0x02, 0x50, 0x8b, 0x70, 0x50, 0x08, 0x75,
  0x50, 0xa6, 0x70, 0x50, 0x0a, 0x77, 0x50, 0xdf, 0x61, 0xda, 0x02, 0x50, 0x8c, 0x70, 0x50, 0x08,
  0x76, 0x50, 0xa7, 0x50, 0x0a, 0x77, 0x50, 0xd2, 0x61, 0xd9, 0x02, 0x50, 0x8d, 0x50, 0x08, 0x62,
  0x7d, 0x50, 0xa8, 0x70, 0x50, 0x0a, 0x7b, 0x50, 0xd3, 0x61, 0xd8, 0x02, 0x50, 0x8e, 0x70, 0x50,
  0x08, 0x75, 0x50, 0xa9, 0x70, 0x50, 0x0a, 0x62, 0x71, 0x50, 0x8f, 0x70, 0x50, 0x08, 0x75, 0x50,
  0xaa, 0x70, 0x50, 0x0a, 0x7a, 0x50, 0xd4, 0x61, 0xd7, 0x02, 0x50, 0x8e, 0x50, 0x08, 0x76, 0x50,
  0xa9, 0x70, 0x50, 0x0a, 0x62, 0x70, 0x50, 0x8d, 0x70, 0x50, 0x08, 0x75, 0x50, 0xa8, 0x70, 0x50,
  0x0a, 0x62, 0x76, 0x50, 0xa7, 0x70, 0x50, 0x0a, 0x7a, 0x50, 0xd5, 0x61, 0xd8, 0x02, 0x50, 0x8c,
  0x70, 0x50, 0x08, 0x62, 0x78, 0x50, 0x8b, 0x70, 0x50, 0x08, 0x75, 0x50, 0xa6, 0x70, 0x50, 0x0a,
  0x62, 0x72, 0x50, 0x8c, 0x70, 0x50, 0x08, 0x76, 0x50, 0xa7, 0x50, 0x0a, 0x75, 0x50, 0xdf, 0x77,
  0x50, 0xd1, 0x79, 0x50, 0xd2, 0x61, 0xc9, 0x02, 0x50, 0x8d, 0x70, 0x50, 0x08, 0x7f, 0x50, 0xd3,
  0x61, 0xdc, 0x02, 0x50, 0xa8, 0x70, 0x50, 0x0a, 0x62, 0x74, 0x50, 0x8e, 0x50, 0x08, 0x75, 0x50,
  0xa9, 0x70, 0x50, 0x0a, 0x76, 0x50, 0xd4, 0x61, 0xdb, 0x02, 0x50, 0x8f, 0x70, 0x50, 0x08, 0x74,
  0x50, 0xaa, 0x70, 0x50, 0x0a, 0x62, 0x72, 0x50, 0x8e, 0x70, 0x50, 0x08, 0x75, 0x50, 0xa9, 0x70,
  0x50, 0x0a, 0x61, 0x74, 0x01, 0x50, 0xd1, 0x61, 0x6d, 0x01, 0x50, 0x8d, 0x70, 0x50, 0x08, 0x74,
  0x50, 0xa8, 0x70, 0x50, 0x0a, 0x77, 0x50, 0xd2, 0x61, 0xde, 0x02, 0x50, 0xa7, 0x70, 0x50, 0x0a,
  0x76, 0x50, 0xd3, 0x61, 0xdd, 0x02, 0x50, 0x8c, 0x70, 0x50, 0x08, 0x62, 0x78, 0x50, 0x8b, 0x70,
  0x50, 0x08, 0x75, 0x50, 0xa6, 0x50, 0x0a, 0x76, 0x50, 0xd4, 0x61, 0xdc, 0x02, 0x50, 0x8c, 0x70,
  0x50, 0x08, 0x75, 0x50, 0xa7, 0x70, 0x50, 0x0a, 0x62, 0x70, 0x50, 0x8d, 0x70, 0x50, 0x08, 0x78,
  0x50, 0xb7, 0x61, 0x70, 0x01, 0x50, 0xb3, 0x71, 0x50, 0xa9, 0x70, 0x50, 0x0a, 0x75, 0x50, 0xe4,
  0x70, 0x50, 0xdf, 0x76, 0x50, 0xf1, 0x70, 0x50, 0xe5, 0x61, 0x47, 0x04, 0x50, 0x8e, 0x50, 0x08,
  0x77, 0x50, 0xb4, 0x75, 0x50, 0xff, 0x61, 0xdb, 0x02, 0x50, 0x8f, 0x70, 0x50, 0x08, 0x7c, 0x50,
  0xf4, 0x61, 0xdb, 0x02, 0x50, 0x8e, 0x70, 0x50, 0x08, 0x62, 0x78, 0x50, 0x8d, 0x70, 0x50, 0x08,
  0x7c, 0x50, 0xf5, 0x61, 0x69, 0x01, 0x50, 0xb5, 0x62, 0x7c, 0x50, 0xb3, 0x71, 0x50, 0xaf, 0x70,
  0x50, 0x07, 0x61, 0x6c, 0x01, 0x50, 0x8c, 0x70, 0x50, 0x08, 0x62, 0x78, 0x50, 0x8b, 0x70, 0x50,
  0x08, 0x76, 0x50, 0xb4, 0x75, 0x50, 0xf6, 0x61, 0xdc, 0x02, 0x50, 0x8c, 0x70, 0x50, 0x08, 0x62,
  0x78, 0x50, 0x8d, 0x50, 0x08, 0x61, 0xf4, 0x02, 0x50, 0xf7, 0x61, 0x6b, 0x01, 0x50, 0xb5, 0x61,
  0x73, 0x01, 0x50, 0x8e, 0x70, 0x50, 0x08, 0x61, 0x7a, 0x01, 0x50, 0xb3, 0x71, 0x50, 0xaa, 0x70,
  0x50, 0x06, 0x75, 0x50, 0xff, 0x76, 0x50, 0xd1, 0x61, 0x5e, 0x01, 0x50, 0x8f, 0x70, 0x50, 0x08,
  0x7c, 0x50, 0xd2, 0x61, 0xdc, 0x02, 0x50, 0x8e, 0x70, 0x50, 0x08, 0x76, 0x50, 0xb4, 0x62, 0x71,
  0x50, 0x8d, 0x50, 0x08, 0x61, 0xfa, 0x02, 0x50, 0xd3, 0x61, 0xd8, 0x02, 0x50, 0x8c, 0x70, 0x50,
  0x08, 0x62, 0x78, 0x50, 0x8b, 0x70, 0x50, 0x08, 0x7f, 0x71, 0x50, 0xd4, 0x61, 0xd7, 0x02, 0x50,
  0x8c, 0x50, 0x08, 0x62, 0x78, 0x50, 0x8d, 0x70, 0x50, 0x08, 0x61, 0xf9, 0x02, 0x50, 0xd5, 0x61,
  0xd8, 0x02, 0x50, 0x8e, 0x70, 0x50, 0x08, 0x77, 0x50, 0xb5, 0x62, 0x70, 0x50, 0x96, 0x74, 0x50,
  0x8f, 0x70, 0x50, 0x08, 0x62, 0x74, 0x50, 0x97, 0x74, 0x50, 0x8e, 0x70, 0x50, 0x08, 0x7f, 0x50,
  0xdf, 0x77, 0x50, 0xd0, 0x72, 0x50, 0xca, 0x70, 0x50, 0x21, 0x61, 0xc7, 0x02, 0x50, 0x8d, 0x70,
  0x50, 0x08, 0x73, 0x50, 0x98, 0x7e, 0x50, 0xdf, 0x62, 0x7a, 0x50, 0xd2, 0x61, 0xd4, 0x02, 0x50,
  0x8c, 0x70, 0x50, 0x08, 0x73, 0x50, 0x99, 0x62, 0x74, 0x50, 0x8b, 0x70, 0x50, 0x08, 0x7f, 0x77,
  0x50, 0xd3, 0x61, 0xd1, 0x02, 0x50, 0x8c, 0x70, 0x50, 0x08, 0x73, 0x50, 0x9a, 0x75, 0x50, 0xa9,
  0x50, 0x06, 0x61, 0xdd, 0x02, 0x50, 0x8d, 0x70, 0x50, 0x08, 0x7c, 0x50, 0xb6, 0x7a, 0x50, 0xd4,
  0x61, 0xd9, 0x02, 0x50, 0xa8, 0x70, 0x50, 0x06, 0x62, 0x70, 0x50, 0x8e, 0x50, 0x08, 0x7a, 0x50,
  0xa9, 0x70, 0x50, 0x06, 0x61, 0xdd, 0x02, 0x50, 0x8f, 0x70, 0x50, 0x08, 0x73, 0x50, 0x9b, 0x7f,
  0x72, 0x50, 0xd5, 0x61, 0xd1, 0x02, 0x50, 0x8e, 0x70, 0x50, 0x08, 0x79, 0x50, 0xaa, 0x70, 0x50,
  0x06, 0x61, 0xdc, 0x02, 0x50, 0x8d, 0x70, 0x50, 0x08, 0x74, 0x50, 0x9c, 0x61, 0x76, 0x01, 0x50,
  0xd0, 0x61, 0x57, 0x04, 0x50, 0x8c, 0x70, 0x50, 0x08, 0x73, 0x50, 0x9d, 0x7b, 0x50, 0xdf, 0x61,
  0xd8, 0x02, 0x50, 0x8b, 0x70, 0x50, 0x08, 0x7e, 0x50, 0xd2, 0x61, 0xd9, 0x02, 0x50, 0x8c, 0x70,
  0x50, 0x08, 0x74, 0x50, 0x9e, 0x74, 0x50, 0xa9, 0x70, 0x50, 0x06, 0x61, 0xdd, 0x02, 0x50, 0x8d,
  0x70, 0x50, 0x08, 0x7e, 0x50, 0xd3, 0x61, 0xdc, 0x02, 0x50, 0x9f, 0x74, 0x50, 0xa8, 0x70, 0x50,
  0x06, 0x62, 0x70, 0x50, 0x8e, 0x70, 0x50, 0x08, 0x79, 0x50, 0xa9, 0x70, 0x50, 0x06, 0x76, 0x50,
  0xd4, 0x61, 0xd6, 0x02, 0x50, 0x8f, 0x70, 0x50, 0x08, 0x62, 0x79, 0x50, 0x8e, 0x70, 0x50, 0x08,
  0x75, 0x50, 0xaa, 0x70, 0x50, 0x06, 0x62, 0x71, 0x50, 0x8d, 0x50, 0x08, 0x7b, 0x50, 0xd5, 0x61,
  0xc6, 0x05, 0x50, 0x8c, 0x70, 0x50, 0x08, 0x61, 0x77, 0x01, 0x50, 0x92, 0x71, 0x50, 0x80, 0x70,
  0x50, 0x0a, 0x76, 0x50, 0xe4, 0x70, 0x50, 0xdf, 0x77, 0x50, 0xf1, 0x70, 0x50, 0xe5, 0x61, 0x48,
  0x04, 0x50, 0x93, 0x74, 0x50, 0xa9, 0x50, 0x06, 0x77, 0x50, 0xff, 0x62, 0x76, 0x50, 0xf4, 0x62,
  0x74, 0x50, 0xa8, 0x70, 0x50, 0x06, 0x62, 0x78, 0x50, 0xa9, 0x70, 0x50, 0x06, 0x75, 0x50, 0xf5,
  0x61, 0xcb, 0x05, 0x50, 0xaa, 0x70, 0x50, 0x06, 0x62, 0x7d, 0x50, 0xf6, 0x61, 0xc9, 0x05, 0x50,
  0x94, 0x62, 0x77, 0x50, 0x95, 0x7f, 0x74, 0x50, 0xf7, 0x61, 0xd7, 0x02, 0x50, 0x92, 0x72, 0x50,
  0x8e, 0x50, 0x08, 0x78, 0x50, 0xa9, 0x70, 0x50, 0x06, 0x76, 0x50, 0xff, 0x76, 0x50, 0xd1, 0x78,
  0x50, 0xd2, 0x61, 0xc4, 0x02, 0x50, 0x93, 0x62, 0x7f, 0x50, 0xa8, 0x70, 0x50, 0x06, 0x62, 0x79,
  0x50, 0xa9, 0x50, 0x06, 0x61, 0xf2, 0x02, 0x50, 0xd3, 0x62, 0x50, 0xaa, 0x70, 0x50, 0x06, 0x61,
  0xf2, 0x02, 0x50, 0xd4, 0x61, 0xac, 0x08, 0x50, 0x94, 0x7f, 0x50, 0xd5, 0x62, 0x50, 0xa9, 0x70,
  0x50, 0x06, 0x62, 0x71, 0x50, 0x95, 0x7f, 0x71, 0x50, 0xb7, 0x61, 0xda, 0x02, 0x50, 0x92, 0x71,
  0x50, 0x86, 0x70, 0x50, 0x08, 0x7c, 0x50, 0xb3, 0x71, 0x50, 0xa0, 0x70, 0x50, 0x0a, 0x77, 0x50,
  0xdf, 0x77, 0x50, 0xd0, 0x61, 0xc5, 0x02, 0x50, 0x93, 0x76, 0x50, 0xb4, 0x77, 0x50, 0xdf, 0x62,
  0x78, 0x50, 0xd2, 0x61, 0xd6, 0x05, 0x50, 0xd3, 0x61, 0xd2, 0x05, 0x50, 0xd4, 0x61, 0xa9, 0x08,
  0x50, 0x94, 0x76, 0x50, 0xb5, 0x75, 0x50, 0xd5, 0x61, 0x50, 0x04, 0x50, 0x95, 0x75, 0x50, 0xb6,
  0x62, 0x76, 0x50, 0x92, 0x71, 0x50, 0x87, 0x70, 0x50, 0x07, 0x77, 0x50, 0xb3, 0x72, 0x50, 0xae,
  0x50, 0x08, 0x75, 0x50, 0xdf, 0x77, 0x50, 0xd1, 0x61, 0x60, 0x01, 0x50, 0xd2, 0x62, 0x70, 0x50,
  0x93, 0x75, 0x50, 0xb4, 0x75, 0x50, 0xd3, 0x61, 0xd3, 0x05, 0x50, 0xd4, 0x61, 0x3f, 0x07, 0x50,
  0xd1, 0x61, 0x7d, 0x01, 0x50, 0xd2, 0x62, 0x78, 0x50, 0xd3, 0x61, 0xc5, 0x05, 0x50, 0x94, 0x76,
  0x50, 0xb5, 0x75, 0x50, 0xd4, 0x61, 0x50, 0x04, 0x50, 0x95, 0x75, 0x50, 0xb6, 0x62, 0x76, 0x50,
  0x92, 0x71, 0x50, 0x86, 0x70, 0x50, 0x08, 0x78, 0x50, 0xb3, 0x71, 0x50, 0xa0, 0x70, 0x50, 0x0a,
  0x74, 0x50, 0xe4, 0x70, 0x50, 0xdf, 0x77, 0x50, 0xf1, 0x70, 0x50, 0xe5, 0x61, 0x3e, 0x04, 0x50,
  0x93, 0x75, 0x50, 0xb4, 0x76, 0x50, 0xff, 0x62, 0x78, 0x50, 0xf4, 0x61, 0xf4, 0x02, 0x50, 0xf5,
  0x61, 0xb6, 0x08, 0x50, 0xf6, 0x61, 0xaa, 0x08, 0x50, 0x94, 0x76, 0x50, 0xb5, 0x79, 0x50, 0xf7,
  0x61, 0xd7, 0x02, 0x50, 0x95, 0x7a, 0x50, 0xb6, 0x62, 0x71, 0x50, 0x92, 0x71, 0x50, 0x87, 0x70,
  0x50, 0x07, 0x7b, 0x50, 0xb3, 0x71, 0x50, 0xae, 0x70, 0x50, 0x08, 0x78, 0x50, 0xff, 0x76, 0x50,
  0xd1, 0x79, 0x50, 0xd2, 0x61, 0xbc, 0x02, 0x50, 0x93, 0x76, 0x50, 0xb4, 0x61, 0xc6, 0x08, 0x50,
  0xd3, 0x61, 0xd2, 0x05, 0x50, 0xd4, 0x61, 0xaa, 0x08, 0x50, 0x94, 0x76, 0x50, 0xb5, 0x7a, 0x50,
  0xd5, 0x62, 0x62, 0x50, 0x95, 0x7a, 0x50, 0xb6, 0x62, 0x71, 0x50, 0x92, 0x71, 0x50, 0x8e, 0x70,
  0x50, 0x08, 0x7b, 0x50, 0xb3, 0x71, 0x50, 0xa9, 0x70, 0x50, 0x0a, 0x77, 0x50, 0xdf, 0x78, 0x50,
  0xd0, 0x71, 0x50, 0xca, 0x70, 0x50, 0x23, 0x61, 0xc2, 0x02, 0x50, 0x93, 0x76, 0x50, 0xb4, 0x77,
  0x50, 0xdf, 0x62, 0x78, 0x50, 0xd2, 0x61, 0xd1, 0x05, 0x50, 0xd3, 0x61, 0xd2, 0x05, 0x50, 0xd4,
  0x61, 0xaf, 0x08, 0x50, 0x94, 0x75, 0x50, 0xb5, 0x75, 0x50, 0xd5, 0x61, 0x40, 0x07, 0x50, 0xd0,
  0x61, 0x59, 0x04, 0x50, 0x8f, 0x70, 0x50, 0x08, 0x7b, 0x50, 0xaa, 0x70, 0x50, 0x0a, 0x7b, 0x50,
  0xdf, 0x61, 0xcd, 0x02, 0x50, 0x8e, 0x70, 0x50, 0x08, 0x79, 0x50, 0xa9, 0x70, 0x50, 0x0a, 0x7a,
  0x50, 0xd2, 0x61, 0xd2, 0x02, 0x50, 0x8d, 0x50, 0x08, 0x79, 0x50, 0xa8, 0x70, 0x50, 0x0a, 0x62,
  0x76, 0x50, 0xa7, 0x50, 0x0a, 0x7a, 0x50, 0xd3, 0x61, 0xd6, 0x02, 0x50, 0x8c, 0x70, 0x50, 0x08,
  0x73, 0x50, 0x95, 0x77, 0x50, 0xb6, 0x61, 0xdc, 0x02, 0x50, 0x8b, 0x70, 0x50, 0x08, 0x78, 0x50,
  0xa6, 0x70, 0x50, 0x0a, 0x7a, 0x50, 0xd4, 0x61, 0xd4, 0x02, 0x50, 0x8c, 0x50, 0x08, 0x79, 0x50,
  0xa7, 0x70, 0x50, 0x0a, 0x61, 0xdd, 0x02, 0x50, 0x8d, 0x70, 0x50, 0x08, 0x61, 0xf7, 0x02, 0x50,
  0xa8, 0x50, 0x0a, 0x7a, 0x50, 0xd5, 0x61, 0xcf, 0x02, 0x50, 0x8e, 0x70, 0x50, 0x08, 0x79, 0x50,
  0xa9, 0x70, 0x50, 0x0a, 0x61, 0xde, 0x02, 0x50, 0x8f, 0x70, 0x50, 0x08, 0x79, 0x50, 0xaa, 0x70,
  0x50, 0x0a, 0x79, 0x50, 0xe4, 0x70, 0x50, 0xdf, 0x76, 0x50, 0xf1, 0x70, 0x50, 0xe5, 0x61, 0xcb,
  0x02, 0x50, 0x8e, 0x50, 0x08, 0x76, 0x50, 0xa9, 0x70, 0x50, 0x0a, 0x76, 0x50, 0xff, 0x61, 0xd9,
  0x02, 0x50, 0x8d, 0x70, 0x50, 0x08, 0x75, 0x50, 0xa8, 0x70, 0x50, 0x0a, 0x76, 0x50, 0xf4, 0x62,
  0x50, 0xa7, 0x70, 0x50, 0x0a, 0x62, 0x73, 0x50, 0x8c, 0x70, 0x50, 0x08, 0x7e, 0x50, 0xf5, 0x61,
  0xda, 0x02, 0x50, 0x8b, 0x50, 0x08, 0x76, 0x50, 0xa6, 0x50, 0x0a, 0x62, 0x72, 0x50, 0x8c, 0x70,
  0x50, 0x08, 0x76, 0x50, 0xa7, 0x50, 0x0a, 0x62, 0x71, 0x50, 0x8d, 0x70, 0x50, 0x08, 0x7d, 0x50,
  0xf6, 0x61, 0xde, 0x02, 0x50, 0xa8, 0x70, 0x50, 0x0a, 0x62, 0x74, 0x50, 0x8e, 0x70, 0x50, 0x08,
  0x75, 0x50, 0xa9, 0x70, 0x50, 0x0a, 0x62, 0x71, 0x50, 0x8f, 0x70, 0x50, 0x08, 0x75, 0x50, 0xaa,
  0x70, 0x50, 0x0a, 0x79, 0x50, 0xf7, 0x61, 0xd8, 0x02, 0x50, 0x8e, 0x70, 0x50, 0x08, 0x75, 0x50,
  0xa9, 0x70, 0x50, 0x0a, 0x62, 0x70, 0x50, 0x8d, 0x70, 0x50, 0x08, 0x75, 0x50, 0xa8, 0x70, 0x50,
  0x0a, 0x75, 0x50, 0xff, 0x77, 0x50, 0xd1, 0x78, 0x50, 0xd2, 0x61, 0xcf, 0x02, 0x50, 0xa7, 0x70,
  0x50, 0x0a, 0x62, 0x74, 0x50, 0x8c, 0x50, 0x08, 0x62, 0x79, 0x50, 0x8b, 0x50, 0x08, 0x76, 0x50,
  0xa6, 0x50, 0x0a, 0x62, 0x72, 0x50, 0x8c, 0x70, 0x50, 0x08, 0x76, 0x50, 0xa7, 0x70, 0x50, 0x0a,
  0x7a, 0x50, 0xd3, 0x61, 0xd5, 0x02, 0x50, 0x8d, 0x70, 0x50, 0x08, 0x62, 0x7c, 0x50, 0xa8, 0x70,
  0x50, 0x0a, 0x7b, 0x50, 0xd4, 0x61, 0xd8, 0x02, 0x50, 0x8e, 0x70, 0x50, 0x08, 0x75, 0x50, 0xa9,
  0x70, 0x50, 0x0a, 0x62, 0x71, 0x50, 0x8f, 0x70, 0x50, 0x08, 0x75, 0x50, 0xaa, 0x70, 0x50, 0x0a,
  0x62, 0x72, 0x50, 0x8e, 0x70, 0x50, 0x08, 0x75, 0x50, 0xa9, 0x70, 0x50, 0x0a, 0x7b, 0x50, 0xd5,
  0x61, 0xd4, 0x02, 0x50, 0x8d, 0x70, 0x50, 0x08, 0x75, 0x50, 0xa8, 0x50, 0x0a, 0x61, 0x6e, 0x01,
  0x50, 0x96, 0x61, 0x7c, 0x01, 0x50, 0xa7, 0x70, 0x50, 0x0a, 0x73, 0x50, 0xb7, 0x61, 0x6c, 0x01,
  0x50, 0x92, 0x71, 0x50, 0x8a, 0x70, 0x50, 0x06, 0x78, 0x50, 0xb3, 0x71, 0x50, 0xae, 0x70, 0x50,
  0x08, 0x74, 0x50, 0xdf, 0x78, 0x50, 0xd0, 0x61, 0x3e, 0x04, 0x50, 0x93, 0x75, 0x50, 0xb4, 0x77,
  0x50, 0xdf, 0x62, 0x78, 0x50, 0xd2, 0x61, 0xd2, 0x05, 0x50, 0xd3, 0x61, 0xd2, 0x05, 0x50, 0xd4,
  0x61, 0xaf, 0x08, 0x50, 0x94, 0x75, 0x50, 0xb5, 0x76, 0x50, 0xd5, 0x61, 0x3c, 0x07, 0x50, 0xdf,
  0x77, 0x50, 0xd1, 0x61, 0x78, 0x01, 0x50, 0xd2, 0x62, 0x77, 0x50, 0xaf, 0x70, 0x50, 0x08, 0x7a,
  0x50, 0xd3, 0x61, 0xd9, 0x02, 0x50, 0xae, 0x50, 0x08, 0x62, 0x7f, 0x50, 0xad, 0x70, 0x50, 0x08,
  0x79, 0x50, 0xd4, 0x61, 0xcf, 0x02, 0x50, 0x89, 0x70, 0x50, 0x06, 0x62, 0x7b, 0x50, 0x95, 0x74,
  0x50, 0xac, 0x70, 0x50, 0x08, 0x73, 0x50, 0xb6, 0x61, 0x6f, 0x01, 0x50, 0xd1, 0x61, 0x6d, 0x01,
  0x50, 0x88, 0x70, 0x50, 0x06, 0x79, 0x50, 0xab, 0x50, 0x08, 0x7b, 0x50, 0xd2, 0x61, 0xd3, 0x02,
  0x50, 0x89, 0x70, 0x50, 0x06, 0x7a, 0x50, 0xac, 0x70, 0x50, 0x08, 0x7e, 0x50, 0xd3, 0x61, 0xd5,
  0x02, 0x50, 0xad, 0x70, 0x50, 0x08, 0x62, 0x70, 0x50, 0x8a, 0x70, 0x50, 0x06, 0x7f, 0x77, 0x50,
  0xd4, 0x61, 0xd9, 0x02, 0x50, 0xae, 0x50, 0x08, 0x62, 0x79, 0x50, 0xaf, 0x70, 0x50, 0x08, 0x78,
  0x50, 0xe4, 0x71, 0x50, 0xdf, 0x76, 0x50, 0xf1, 0x70, 0x50, 0xe5, 0x61, 0xd2, 0x02, 0x50, 0xae,
  0x70, 0x50, 0x08, 0x76, 0x50, 0xff, 0x62, 0x70, 0x50, 0xad, 0x70, 0x50, 0x08, 0x76, 0x50, 0xf4,
  0x61, 0xdd, 0x02, 0x50, 0x89, 0x70, 0x50, 0x06, 0x62, 0x7c, 0x50, 0xac, 0x70, 0x50, 0x08, 0x79,
  0x50, 0xf5, 0x61, 0xda, 0x02, 0x50, 0x88, 0x70, 0x50, 0x06, 0x75, 0x50, 0xab, 0x70, 0x50, 0x08,
  0x62, 0x72, 0x50, 0x89, 0x50, 0x06, 0x76, 0x50, 0xac, 0x70, 0x50, 0x08, 0x62, 0x75, 0x50, 0xad,
  0x50, 0x08, 0x7a, 0x50, 0xf6, 0x61, 0xd9, 0x02, 0x50, 0x8a, 0x70, 0x50, 0x06, 0x62, 0x7d, 0x50,
  0xae, 0x70, 0x50, 0x08, 0x62, 0x78, 0x50, 0xaf, 0x70, 0x50, 0x08, 0x79, 0x50, 0xf7, 0x62, 0x50,
  0xae, 0x70, 0x50, 0x08, 0x62, 0x77, 0x50, 0xad, 0x70, 0x50, 0x08, 0x75, 0x50, 0xff, 0x77, 0x50,
  0xd1, 0x78, 0x50, 0xd2, 0x61, 0xcd, 0x02, 0x50, 0x89, 0x70, 0x50, 0x06, 0x62, 0x7c, 0x50, 0xac,
  0x70, 0x50, 0x08, 0x62, 0x74, 0x50, 0x88, 0x70, 0x50, 0x06, 0x75, 0x50, 0xab, 0x70, 0x50, 0x08,
  0x62, 0x72, 0x50, 0x89, 0x50, 0x06, 0x76, 0x50, 0xac, 0x70, 0x50, 0x08, 0x7b, 0x50, 0xd3, 0x61,
  0xd9, 0x02, 0x50, 0xad, 0x70, 0x50, 0x08, 0x62, 0x73, 0x50, 0x8a, 0x70, 0x50, 0x06, 0x7a, 0x50,
  0xd4, 0x62, 0x71, 0x50, 0xae, 0x70, 0x50, 0x08, 0x62, 0x78, 0x50, 0xaf, 0x70, 0x50, 0x08, 0x62,
  0x79, 0x50, 0xae, 0x70, 0x50, 0x08, 0x76, 0x50, 0xd5, 0x62, 0x70, 0x50, 0xad, 0x70, 0x50, 0x08,
  0x61, 0x70, 0x01, 0x50, 0x96, 0x61, 0x75, 0x01, 0x50, 0x89, 0x50, 0x06, 0x7c, 0x50, 0xb7, 0x61,
  0x6c, 0x01, 0x50, 0x92, 0x71, 0x50, 0x87, 0x70, 0x50, 0x07, 0x77, 0x50, 0xb3, 0x72, 0x50, 0xa8,
  0x50, 0x07, 0x75, 0x50, 0xdf, 0x77, 0x50, 0xd0, 0x71, 0x50, 0xce, 0x70, 0x50, 0x2c, 0x61, 0x3b,
  0x04, 0x50, 0x93, 0x76, 0x50, 0xb4, 0x76, 0x50, 0xdf, 0x62, 0x79, 0x50, 0xd2, 0x61, 0xd2, 0x05,
  0x50, 0xd3, 0x61, 0x68, 0x01, 0x50, 0xb5, 0x62, 0x7c, 0x50, 0xb3, 0x61, 0x7c, 0x01, 0x50, 0xd4,
  0x62, 0x75, 0x50, 0xb4, 0x61, 0xcb, 0x05, 0x50, 0x94, 0x7c, 0x50, 0xd5, 0x61, 0x52, 0x04, 0x50,
  0xb5, 0x62, 0x79, 0x50, 0xb6, 0x79, 0x50, 0xd0, 0x61, 0x54, 0x04, 0x50, 0x88, 0x70, 0x50, 0x07,
  0x7f, 0x71, 0x50, 0xdf, 0x61, 0xd4, 0x02, 0x50, 0x87, 0x70, 0x50, 0x07, 0x7a, 0x50, 0xb7, 0x77,
  0x50, 0xd2, 0x61, 0xd5, 0x02, 0x50, 0x86, 0x70, 0x50, 0x07, 0x7f, 0x75, 0x50, 0xd3, 0x61, 0xdc,
  0x02, 0x50, 0xb8, 0x62, 0x50, 0x85, 0x70, 0x50, 0x07, 0x73, 0x50, 0x95, 0x7f, 0x71, 0x50, 0xd4,
  0x61, 0xdc, 0x02, 0x50, 0xb9, 0x62, 0x7b, 0x50, 0xa9, 0x70, 0x50, 0x07, 0x61, 0xdc, 0x02, 0x50,
  0x86, 0x70, 0x50, 0x07, 0x7a, 0x50, 0xa8, 0x70, 0x50, 0x07, 0x7e, 0x50, 0xd5, 0x61, 0xd6, 0x02,
  0x50, 0xa7, 0x50, 0x07, 0x62, 0x71, 0x50, 0x87, 0x50, 0x07, 0x79, 0x50, 0xba, 0x76, 0x50, 0xbb,
  0x61, 0xd8, 0x02, 0x50, 0x88, 0x70, 0x50, 0x07, 0x7b, 0x50, 0xb3, 0x72, 0x50, 0xa3, 0x70, 0x50,
  0x0b, 0x77, 0x50, 0xe4, 0x70, 0x50, 0xdf, 0x77, 0x50, 0xf1, 0x70, 0x50, 0xe5, 0x61, 0xc6, 0x02,
  0x50, 0x87, 0x70, 0x50, 0x07, 0x77, 0x50, 0xb4, 0x76, 0x50, 0xff, 0x61, 0xd9, 0x02, 0x50, 0x86,
  0x70, 0x50, 0x07, 0x7d, 0x50, 0xf4, 0x61, 0xc3, 0x05, 0x50, 0x85, 0x70, 0x50, 0x07, 0x7f, 0x70,
  0x50, 0xf5, 0x61, 0xdc, 0x02, 0x50, 0xb5, 0x62, 0x7c, 0x50, 0xb3, 0x62, 0x72, 0x50, 0x86, 0x50,
  0x07, 0x77, 0x50, 0xb4, 0x79, 0x50, 0xf6, 0x61, 0xc0, 0x05, 0x50, 0x87, 0x70, 0x50, 0x07, 0x62,
  0x78, 0x50, 0x88, 0x70, 0x50, 0x07, 0x7f, 0x70, 0x50, 0xf7, 0x61, 0xd7, 0x02, 0x50, 0x87, 0x70,
  0x50, 0x07, 0x75, 0x50, 0xb5, 0x62, 0x72, 0x50, 0x86, 0x70, 0x50, 0x07, 0x76, 0x50, 0xb6, 0x7a,
  0x50, 0xff, 0x77, 0x50, 0xd1, 0x78, 0x50, 0xd2, 0x61, 0xae, 0x05, 0x50, 0x85, 0x70, 0x50, 0x07,
  0x76, 0x50, 0xb7, 0x61, 0xd0, 0x05, 0x50, 0xb8, 0x75, 0x50, 0xd3, 0x61, 0xdd, 0x02, 0x50, 0x86,
  0x70, 0x50, 0x07, 0x62, 0x7e, 0x50, 0xb9, 0x75, 0x50, 0xd4, 0x61, 0xdd, 0x02, 0x50, 0x87, 0x70,
  0x50, 0x07, 0x78, 0x50, 0xa4, 0x50, 0x0b, 0x62, 0x70, 0x50, 0x88, 0x50, 0x07, 0x76, 0x50, 0xa3,
  0x50, 0x0b, 0x62, 0x72, 0x50, 0x87, 0x70, 0x50, 0x07, 0x75, 0x50, 0xa2, 0x50, 0x0b, 0x7a, 0x50,
  0xd5, 0x61, 0xd7, 0x02, 0x50, 0x86, 0x70, 0x50, 0x07, 0x74, 0x50, 0xa1, 0x70, 0x50, 0x0b, 0x73,
  0x50, 0xba, 0x61, 0x6a, 0x01, 0x50, 0x96, 0x75, 0x50, 0xbb, 0x62, 0x76, 0x50, 0x92, 0x71, 0x50,
  0x86, 0x70, 0x50, 0x08, 0x77, 0x50, 0xb3, 0x72, 0x50, 0xa6, 0x70, 0x50, 0x08, 0x74, 0x50, 0xdf,
  0x77, 0x50, 0xd0, 0x61, 0x40, 0x04, 0x50, 0x93, 0x75, 0x50, 0xb4, 0x77, 0x50, 0xdf, 0x62, 0x78,
  0x50, 0xd2, 0x61, 0xd2, 0x05, 0x50, 0xd3, 0x61, 0x68, 0x01, 0x50, 0xb5, 0x62, 0x7c, 0x50, 0xb3,
  0x61, 0x7c, 0x01, 0x50, 0xd4, 0x62, 0x75, 0x50, 0xb4, 0x61, 0xcc, 0x05, 0x50, 0x94, 0x7c, 0x50,
  0xd5, 0x62, 0x71, 0x50, 0xb5, 0x62, 0x7a, 0x50, 0xb6, 0x7a, 0x50, 0xdf, 0x77, 0x50, 0xd1, 0x79,
  0x50, 0xd2, 0x61, 0xd8, 0x02, 0x50, 0xd3, 0x61, 0xd9, 0x02, 0x50, 0x87, 0x70, 0x50, 0x08, 0x7a,
  0x50, 0xb7, 0x61, 0xdb, 0x02, 0x50, 0x86, 0x50, 0x08, 0x7f, 0x76, 0x50, 0xd4, 0x61, 0xd1, 0x02,
  0x50, 0x85, 0x70, 0x50, 0x08, 0x7a, 0x50, 0xb8, 0x61, 0xc6, 0x05, 0x50, 0x84, 0x70, 0x50, 0x08,
  0x74, 0x50, 0x95, 0x76, 0x50, 0xb9, 0x77, 0x50, 0xd1, 0x79, 0x50, 0xd2, 0x62, 0x50, 0xd3, 0x62,
  0x70, 0x50, 0xa7, 0x70, 0x50, 0x08, 0x61, 0xdd, 0x02, 0x50, 0x85, 0x70, 0x50, 0x08, 0x79, 0x50,
  0xa6, 0x70, 0x50, 0x08, 0x7e, 0x50, 0xd4, 0x61, 0xd6, 0x02, 0x50, 0xa5, 0x70, 0x50, 0x08, 0x73,
  0x50, 0xba, 0x61, 0xdc, 0x02, 0x50, 0x96, 0x73, 0x50, 0x86, 0x70, 0x50, 0x08, 0x79, 0x50, 0xbb,
  0x61, 0xdd, 0x02, 0x50, 0x92, 0x71, 0x50, 0x87, 0x70, 0x50, 0x07, 0x7b, 0x50, 0xb3, 0x71, 0x50,
  0xa3, 0x70, 0x50, 0x0b, 0x77, 0x50, 0xe4, 0x70, 0x50, 0xdf, 0x77, 0x50, 0xf1, 0x70, 0x50, 0xe5,
  0x61, 0xc4, 0x02, 0x50, 0x93, 0x76, 0x50, 0xb4, 0x76, 0x50, 0xff, 0x62, 0x78, 0x50, 0xf4, 0x61,
  0xd6, 0x05, 0x50, 0xf5, 0x61, 0xde, 0x02, 0x50, 0xb5, 0x62, 0x7b, 0x50, 0xb3, 0x62, 0x78, 0x50,
  0xb4, 0x79, 0x50, 0xf6, 0x61, 0xc1, 0x05, 0x50, 0x94, 0x61, 0xf5, 0x02, 0x50, 0xf7, 0x61, 0x6a,
  0x01, 0x50, 0xb5, 0x62, 0x7c, 0x50, 0xb3, 0x71, 0x50, 0xae, 0x70, 0x50, 0x0b, 0x75, 0x50, 0xff,
  0x76, 0x50, 0xd1, 0x61, 0x6c, 0x01, 0x50, 0xd2, 0x62, 0x50, 0x88, 0x70, 0x50, 0x07, 0x7a, 0x50,
  0xb4, 0x61, 0xdb, 0x02, 0x50, 0x87, 0x50, 0x07, 0x62, 0x78, 0x50, 0x86, 0x70, 0x50, 0x07, 0x61,
  0xf8, 0x02, 0x50, 0xd3, 0x61, 0x67, 0x01, 0x50, 0xb5, 0x61, 0x73, 0x01, 0x50, 0x85, 0x50, 0x07,
  0x74, 0x50, 0x95, 0x61, 0x74, 0x01, 0x50, 0xb3, 0x72, 0x50, 0xa9, 0x50, 0x0c, 0x61, 0x7a, 0x01,
  0x50, 0xd4, 0x62, 0x76, 0x50, 0xb4, 0x62, 0x50, 0x86, 0x70, 0x50, 0x07, 0x61, 0xf8, 0x02, 0x50,
  0xd5, 0x61, 0xd9, 0x02, 0x50, 0x87, 0x70, 0x50, 0x07, 0x61, 0x74, 0x01, 0x50, 0x96, 0x75, 0x50,
  0xb5, 0x61, 0x6e, 0x01, 0x50, 0x88, 0x70, 0x50, 0x07, 0x61, 0x78, 0x01, 0x50, 0x92, 0x72, 0x50,
  0x8e, 0x50, 0x08, 0x78, 0x50, 0xb3, 0x71, 0x50, 0xa5, 0x70, 0x50, 0x0d, 0x75, 0x50, 0xdf, 0x77,
  0x50, 0xd0, 0x71, 0x50, 0xca, 0x70, 0x50, 0x23, 0x61, 0x3b, 0x04, 0x50, 0x93, 0x75, 0x50, 0xb4,
  0x77, 0x50, 0xdf, 0x62, 0x78, 0x50, 0xd2, 0x61, 0xd2, 0x05, 0x50, 0xd3, 0x61, 0xd8, 0x05, 0x50,
  0xd4, 0x61, 0xa9, 0x08, 0x50, 0x94, 0x76, 0x50, 0xb5, 0x7a, 0x50, 0xd5, 0x61, 0xd0, 0x05, 0x50,
  0xd0, 0x62, 0x79, 0x50, 0xdf, 0x61, 0xdb, 0x02, 0x50, 0x8f, 0x70, 0x50, 0x08, 0x7b, 0x50, 0xa6,
  0x70, 0x50, 0x0d, 0x7b, 0x50, 0xd2, 0x61, 0xcd, 0x02, 0x50, 0x8e, 0x70, 0x50, 0x08, 0x79, 0x50,
  0xa5, 0x70, 0x50, 0x0d, 0x61, 0xdd, 0x02, 0x50, 0x8d, 0x50, 0x08, 0x79, 0x50, 0xa4, 0x70, 0x50,
  0x0d, 0x7e, 0x50, 0xd3, 0x61, 0xd7, 0x02, 0x50, 0xa3, 0x70, 0x50, 0x0d, 0x62, 0x70, 0x50, 0x8c,
  0x70, 0x50, 0x08, 0x73, 0x50, 0x95, 0x74, 0x50, 0xa2, 0x70, 0x50, 0x0d, 0x74, 0x50, 0xb6, 0x7a,
  0x50, 0xd4, 0x61, 0xce, 0x02, 0x50, 0x8b, 0x70, 0x50, 0x08, 0x79, 0x50, 0xa1, 0x50, 0x0d, 0x61,
  0xde, 0x02, 0x50, 0x8c, 0x70, 0x50, 0x08, 0x7a, 0x50, 0xa2, 0x70, 0x50, 0x0d, 0x61, 0xdc, 0x02,
  0x50, 0x8d, 0x70, 0x50, 0x08, 0x79, 0x50, 0xa3, 0x70, 0x50, 0x0d, 0x7e, 0x50, 0xd5, 0x61, 0xd7,
  0x02, 0x50, 0xa4, 0x50, 0x0d, 0x62, 0x70, 0x50, 0x8e, 0x70, 0x50, 0x08, 0x79, 0x50, 0xa5, 0x70,
  0x50, 0x0d, 0x61, 0xde, 0x02, 0x50, 0x8f, 0x50, 0x08, 0x7a, 0x50, 0xa6, 0x50, 0x0d, 0x79, 0x50,
  0xe4, 0x70, 0x50, 0xdf, 0x77, 0x50, 0xf1, 0x70, 0x50, 0xe5, 0x61, 0xca, 0x02, 0x50, 0x8e, 0x70,
  0x50, 0x08, 0x75, 0x50, 0xa5, 0x70, 0x50, 0x0d, 0x77, 0x50, 0xff, 0x61, 0xd9, 0x02, 0x50, 0x8d,
  0x70, 0x50, 0x08, 0x75, 0x50, 0xa4, 0x50, 0x0d, 0x76, 0x50, 0xf4, 0x62, 0x50, 0xa3, 0x70, 0x50,
  0x0d, 0x62, 0x74, 0x50, 0x8c, 0x70, 0x50, 0x08, 0x75, 0x50, 0xa2, 0x70, 0x50, 0x0d, 0x79, 0x50,
  0xf5, 0x61, 0xd7, 0x02, 0x50, 0x8b, 0x50, 0x08, 0x75, 0x50, 0xa1, 0x70, 0x50, 0x0d, 0x62, 0x72,
  0x50, 0x8c, 0x70, 0x50, 0x08, 0x75, 0x50, 0xa2, 0x70, 0x50, 0x0d, 0x62, 0x71, 0x50, 0x8d, 0x70,
  0x50, 0x08, 0x74, 0x50, 0xa3, 0x70, 0x50, 0x0d, 0x75, 0x50, 0xf6, 0x62, 0x70, 0x50, 0xa4, 0x70,
  0x50, 0x0d, 0x62, 0x74, 0x50, 0x8e, 0x70, 0x50, 0x08, 0x74, 0x50, 0xa5, 0x70, 0x50, 0x0d, 0x62,
  0x72, 0x50, 0x8f, 0x70, 0x50, 0x08, 0x75, 0x50, 0xa6, 0x50, 0x0d, 0x76, 0x50, 0xf7, 0x61, 0xdc,
  0x02, 0x50, 0x8e, 0x70, 0x50, 0x08, 0x75, 0x50, 0xa5, 0x50, 0x0d, 0x61, 0x71, 0x01, 0x50, 0xff,
  0x77, 0x50, 0xd1, 0x61, 0x68, 0x01, 0x50, 0x8d, 0x70, 0x50, 0x08, 0x75, 0x50, 0xa4, 0x70, 0x50,
  0x0d, 0x76, 0x50, 0xd2, 0x62, 0x50, 0xa3, 0x50, 0x0d, 0x62, 0x75, 0x50, 0x8c, 0x50, 0x08, 0x75,
  0x50, 0xa2, 0x70, 0x50, 0x0d, 0x62, 0x72, 0x50, 0x8b, 0x70, 0x50, 0x08, 0x74, 0x50, 0xa1, 0x70,
  0x50, 0x0d, 0x62, 0x72, 0x50, 0x8c, 0x70, 0x50, 0x08, 0x75, 0x50, 0xa2, 0x70, 0x50, 0x0d, 0x76,
  0x50, 0xd3, 0x61, 0xda, 0x02, 0x50, 0x8d, 0x70, 0x50, 0x08, 0x74, 0x50, 0xa3, 0x70, 0x50, 0x0d,
  0x62, 0x76, 0x50, 0xa4, 0x70, 0x50, 0x0d, 0x76, 0x50, 0xd4, 0x61, 0xdd, 0x02, 0x50, 0x8e, 0x70,
  0x50, 0x08, 0x75, 0x50, 0xa5, 0x50, 0x0d, 0x62, 0x72, 0x50, 0x8f, 0x70, 0x50, 0x08, 0x75, 0x50,
  0xa6, 0x70, 0x50, 0x0d, 0x62, 0x72, 0x50, 0x8e, 0x70, 0x50, 0x08, 0x75, 0x50, 0xa5, 0x70, 0x50,
  0x0d, 0x76, 0x50, 0xd5, 0x61, 0xd9, 0x02, 0x50, 0x8d, 0x70, 0x50, 0x08, 0x75, 0x50, 0xa4, 0x70,
  0x50, 0x0d, 0x62, 0x76, 0x50, 0xa3, 0x70, 0x50, 0x0d, 0x61, 0x73, 0x01, 0x50, 0xdf, 0x77, 0x50,
  0xd0, 0x61, 0x69, 0x01, 0x50, 0x8c, 0x70, 0x50, 0x08, 0x74, 0x50, 0xa2, 0x70, 0x50, 0x0d, 0x62,
  0x72, 0x50, 0x8b, 0x70, 0x50, 0x08, 0x75, 0x50, 0xa1, 0x70, 0x50, 0x0d, 0x77, 0x50, 0xdf, 0x61,
  0xda, 0x02, 0x50, 0x8c, 0x70, 0x50, 0x08, 0x75, 0x50, 0xa2, 0x70, 0x50, 0x0d, 0x77, 0x50, 0xd2,
  0x61, 0xd9, 0x02, 0x50, 0x8d, 0x50, 0x08, 0x76, 0x50, 0xa3, 0x50, 0x0d, 0x7b, 0x50, 0xd3, 0x61,
  0xda, 0x02, 0x50, 0xa4, 0x70, 0x50, 0x0d, 0x62, 0x74, 0x50, 0x8e, 0x70, 0x50, 0x08, 0x75, 0x50,
  0xa5, 0x50, 0x0d, 0x7b, 0x50, 0xd4, 0x61, 0xd6, 0x02, 0x50, 0x8f, 0x70, 0x50, 0x08, 0x75, 0x50,
  0xa6, 0x70, 0x50, 0x0d, 0x62, 0x71, 0x50, 0x8e, 0x70, 0x50, 0x08, 0x76, 0x50, 0xa5, 0x70, 0x50,
  0x0d, 0x62, 0x70, 0x50, 0x8d, 0x70, 0x50, 0x08, 0x75, 0x50, 0xa4, 0x70, 0x50, 0x0d, 0x7a, 0x50,
  0xd5, 0x61, 0xdb, 0x02, 0x50, 0xa3, 0x70, 0x50, 0x0d, 0x62, 0x73, 0x50, 0x96, 0x73, 0x50, 0x8c,
  0x70, 0x50, 0x08, 0x7d, 0x50, 0xa2, 0x70, 0x50, 0x0d, 0x74, 0x50, 0xb7, 0x61, 0xd3, 0x02, 0x50,
  0x92, 0x72, 0x50, 0x80, 0x50, 0x0a, 0x7b, 0x50, 0xb3, 0x71, 0x50, 0xa5, 0x70, 0x50, 0x0d, 0x78,
  0x50, 0xdf, 0x77, 0x50, 0xd1, 0x78, 0x50, 0xd2, 0x61, 0xbc, 0x02, 0x50, 0x93, 0x76, 0x50, 0xb4,
  0x7a, 0x50, 0xd3, 0x61, 0xd2, 0x05, 0x50, 0xd4, 0x61, 0xbf, 0x05, 0x50, 0x94, 0x7a, 0x50, 0xb5,
  0x62, 0x50, 0x95, 0x75, 0x50, 0x96, 0x75, 0x50, 0xb6, 0x7d, 0x50, 0xd1, 0x78, 0x50, 0xd2, 0x61,
  0xd9, 0x02, 0x50, 0xd3, 0x61, 0xde, 0x02, 0x50, 0xb7, 0x61, 0xf4, 0x02, 0x50, 0xd4, 0x61, 0xd7,
  0x02, 0x50, 0x97, 0x76, 0x50, 0xb8, 0x62, 0x71, 0x50, 0x98, 0x7a, 0x50, 0xb9, 0x61, 0x6c, 0x01,
  0x50, 0x92, 0x7b, 0x50, 0xb3, 0x77, 0x50, 0xe4, 0x71, 0x50, 0xdf, 0x76, 0x50, 0xf1, 0x70, 0x50,
  0xe5, 0x61, 0x3e, 0x04, 0x50, 0x93, 0x76, 0x50, 0xb4, 0x75, 0x50, 0xff, 0x62, 0x79, 0x50, 0xf4,
  0x61, 0xd1, 0x05, 0x50, 0xf5, 0x61, 0x68, 0x01, 0x50, 0x94, 0x75, 0x50, 0xb5, 0x62, 0x76, 0x50,
  0x92, 0x7a, 0x50, 0xb3, 0x61, 0x51, 0x04, 0x50, 0x93, 0x75, 0x50, 0xb4, 0x75, 0x50, 0xf6, 0x61,
  0xbb, 0x08, 0x50, 0xf7, 0x61, 0x67, 0x01, 0x50, 0x94, 0x75, 0x50, 0xb5, 0x62, 0x76, 0x50, 0x92,
  0x7b, 0x50, 0xb3, 0x79, 0x50, 0xff, 0x76, 0x50, 0xd1, 0x61, 0x60, 0x01, 0x50, 0xd2, 0x62, 0x50,
  0x93, 0x76, 0x50, 0xb4, 0x61, 0xc2, 0x08, 0x50, 0xd3, 0x61, 0x66, 0x01, 0x50, 0x94, 0x75, 0x50,
  0xb5, 0x62, 0x76, 0x50, 0x92, 0x7b, 0x50, 0xb3, 0x61, 0x70, 0x01, 0x50, 0xd4, 0x62, 0x70, 0x50,
  0x93, 0x76, 0x50, 0xb4, 0x61, 0xde, 0x05, 0x50, 0xd5, 0x61, 0xd5, 0x02, 0x50, 0x94, 0x7a, 0x50,
  0xb5, 0x62, 0x74, 0x50, 0x92, 0x71, 0x50, 0x89, 0x70, 0x50, 0x0a, 0x7e, 0x50, 0xb3, 0x7d, 0x50,
  0xe4, 0x70, 0x50, 0xdf, 0x77, 0x50, 0xf1, 0x70, 0x50, 0xe5, 0x61, 0xbb, 0x02, 0x50, 0x93, 0x76,
  0x50, 0xb4, 0x76, 0x50, 0xff, 0x62, 0x79, 0x50, 0xf4, 0x61, 0xd5, 0x05, 0x50, 0xf5, 0x61, 0xd7,
  0x02, 0x50, 0x94, 0x7a, 0x50, 0xb5, 0x62, 0x50, 0x95, 0x75, 0x50, 0x96, 0x76, 0x50, 0xb6, 0x62,
  0x7e, 0x50, 0xf6, 0x62, 0x50, 0xb7, 0x61, 0xcb, 0x05, 0x50, 0x97, 0x76, 0x50, 0xb8, 0x79, 0x50,
  0xf7, 0x61, 0xc1, 0x05, 0x50, 0x98, 0x77, 0x50, 0xb9, 0x79, 0x50, 0xf8, 0x61, 0xd9, 0x02, 0x50,
  0x8a, 0x50, 0x0a, 0x7c, 0x50, 0xa6, 0x70, 0x50, 0x0d, 0x61, 0xd8, 0x02, 0x50, 0x89, 0x70, 0x50,
  0x0a, 0x74, 0x50, 0x99, 0x75, 0x50, 0xa5, 0x50, 0x0d, 0x61, 0xdd, 0x02, 0x50, 0x88, 0x70, 0x50,
  0x0a, 0x79, 0x50, 0xa4, 0x70, 0x50, 0x0d, 0x79, 0x50, 0xf9, 0x61, 0xd3, 0x02, 0x50, 0x87, 0x70,
  0x50, 0x0a, 0x73, 0x50, 0x9a, 0x75, 0x50, 0xa3, 0x70, 0x50, 0x0d, 0x73, 0x50, 0xba, 0x62, 0x72,
  0x50, 0xa2, 0x50, 0x0d, 0x62, 0x70, 0x50, 0x86, 0x70, 0x50, 0x0a, 0x79, 0x50, 0xa1, 0x70, 0x50,
  0x0d, 0x73, 0x50, 0xbb, 0x76, 0x50, 0xfa, 0x61, 0xd3, 0x02, 0x50, 0x87, 0x70, 0x50, 0x0a, 0x79,
  0x50, 0xa2, 0x70, 0x50, 0x0d, 0x62, 0x50, 0x9b, 0x74, 0x50, 0xa3, 0x70, 0x50, 0x0d, 0x73, 0x50,
  0xbc, 0x75, 0x50, 0xfb, 0x61, 0xd6, 0x02, 0x50, 0x88, 0x70, 0x50, 0x0a, 0x79, 0x50, 0xa4, 0x70,
  0x50, 0x0d, 0x61, 0xde, 0x02, 0x50, 0x89, 0x50, 0x0a, 0x74, 0x50, 0x9c, 0x74, 0x50, 0xa5, 0x70,
  0x50, 0x0d, 0x61, 0xde, 0x02, 0x50, 0x8a, 0x50, 0x0a, 0x79, 0x50, 0xa6, 0x70, 0x50, 0x0d, 0x79,
  0x50, 0xfc, 0x61, 0xd4, 0x02, 0x50, 0x89, 0x70, 0x50, 0x0a, 0x73, 0x50, 0x9d, 0x75, 0x50, 0xa5,
  0x70, 0x50, 0x0d, 0x73, 0x50, 0xbd, 0x61, 0xd9, 0x02, 0x50, 0x88, 0x70, 0x50, 0x0a, 0x78, 0x50,
  0xa4, 0x70, 0x50, 0x0d, 0x61, 0xde, 0x02, 0x50, 0x87, 0x70, 0x50, 0x0a, 0x73, 0x50, 0x9e, 0x74,
  0x50, 0xa3, 0x70, 0x50, 0x0d, 0x74, 0x50, 0xbe, 0x74, 0x50, 0xfd, 0x61, 0xdc, 0x02, 0x50, 0xa2,
  0x70, 0x50, 0x0d, 0x62, 0x70, 0x50, 0x86, 0x70, 0x50, 0x0a, 0x73, 0x50, 0x9f, 0x74, 0x50, 0xa1,
  0x70, 0x50, 0x0d, 0x74, 0x50, 0xbf, 0x74, 0x50, 0xfe, 0x61, 0xd5, 0x02, 0x50, 0x87, 0x70, 0x50,
  0x0a, 0x79, 0x50, 0xa2, 0x70, 0x50, 0x0d, 0x62, 0x71, 0x50, 0xa3, 0x70, 0x50, 0x0d, 0x62, 0x74,
  0x50, 0x88, 0x50, 0x0a, 0x76, 0x50, 0xa4, 0x70, 0x50, 0x0d, 0x76, 0x50, 0xff, 0x61, 0xda, 0x02,
  0x50, 0x89, 0x50, 0x0a, 0x76, 0x50, 0xa5, 0x70, 0x50, 0x0d, 0x62, 0x71, 0x50, 0x8a, 0x70, 0x50,
  0x0a, 0x75, 0x50, 0xa6, 0x70, 0x50, 0x0d, 0x62, 0x71, 0x50, 0x89, 0x70, 0x50, 0x0a, 0x76, 0x50,
  0xa5, 0x70, 0x50, 0x0d, 0x62, 0x70, 0x50, 0x88, 0x70, 0x50, 0x0a, 0x75, 0x50, 0xa4, 0x70, 0x50,
  0x0d, 0x62, 0x71, 0x50, 0x87, 0x70, 0x50, 0x0a, 0x75, 0x50, 0xa3, 0x70, 0x50, 0x0d, 0x62, 0x76,
  0x50, 0xa2, 0x70, 0x50, 0x0d, 0x62, 0x73, 0x50, 0x86, 0x70, 0x50, 0x0a, 0x76, 0x50, 0xa1, 0x50,
  0x0d, 0x62, 0x72, 0x50, 0x87, 0x70, 0x50, 0x0a, 0x76, 0x50, 0xa2, 0x70, 0x50, 0x0d, 0x62, 0x74,
  0x50, 0xa3, 0x70, 0x50, 0x0d, 0x62, 0x74, 0x50, 0x88, 0x70, 0x50, 0x0a, 0x76, 0x50, 0xa4, 0x70,
  0x50, 0x0d, 0x62, 0x70, 0x50, 0x89, 0x70, 0x50, 0x0a, 0x76, 0x50, 0xa5, 0x70, 0x50, 0x0d, 0x62,
  0x70, 0x50, 0x8a, 0x70, 0x50, 0x0a, 0x76, 0x50, 0xa6, 0x70, 0x50, 0x0d, 0x62, 0x71, 0x50, 0x89,
  0x70, 0x50, 0x0a, 0x76, 0x50, 0xa5, 0x70, 0x50, 0x0d, 0x62, 0x70, 0x50, 0x88, 0x50, 0x0a, 0x76,
  0x50, 0xa4, 0x70, 0x50, 0x0d, 0x62, 0x75, 0x50, 0x87, 0x70, 0x50, 0x0a, 0x7a, 0x50, 0xa3, 0x70,
  0x50, 0x0d, 0x62, 0x70, 0x50, 0x92, 0x72, 0x50, 0x83, 0x70, 0x50, 0x15, 0x79, 0x50, 0x93, 0x7f,
  0x71, 0x50, 0xb2, 0x71, 0x50, 0xab, 0x70, 0x50, 0x1a, 0x7f, 0x71, 0x50, 0xd0, 0x71, 0x50, 0xc6,
  0x70, 0x50, 0x35, 0x61, 0xa9, 0x02, 0x50, 0x84, 0x70, 0x50, 0x15, 0x73, 0x50, 0x94, 0x76, 0x50,
  0xb3, 0x77, 0x50, 0xdf, 0x61, 0xd6, 0x02, 0x50, 0x83, 0x50, 0x15, 0x7f, 0x72, 0x50, 0xd2, 0x61,
  0xa7, 0x08, 0x50, 0x82, 0x70, 0x50, 0x15, 0x7b, 0x50, 0xb4, 0x61, 0xc6, 0x05, 0x50, 0x81, 0x50,
  0x15, 0x61, 0xd5, 0x05, 0x50, 0x95, 0x76, 0x50, 0xb5, 0x62, 0x50, 0x82, 0x70, 0x50, 0x15, 0x61,
  0xd1, 0x05, 0x50, 0x83, 0x70, 0x50, 0x15, 0x61, 0xf2, 0x02, 0x50, 0xb6, 0x61, 0xc8, 0x05, 0x50,
  0x84, 0x70, 0x50, 0x15, 0x62, 0x79, 0x50, 0x83, 0x70, 0x50, 0x15, 0x7c, 0x50, 0xd3, 0x62, 0x71,
  0x50, 0xaa, 0x70, 0x50, 0x1a, 0x62, 0x76, 0x50, 0xab, 0x70, 0x50, 0x1a, 0x76, 0x50, 0xd4, 0x61,
  0xdc, 0x02, 0x50, 0x82, 0x70, 0x50, 0x15, 0x75, 0x50, 0xac, 0x70, 0x50, 0x1a, 0x62, 0x76, 0x50,
  0xad, 0x50, 0x1a, 0x62, 0x75, 0x50, 0x81, 0x70, 0x50, 0x15, 0x74, 0x50, 0xae, 0x70, 0x50, 0x1a,
  0x76, 0x50, 0xd5, 0x62, 0x50, 0xa0, 0x70, 0x50, 0x1b, 0x61, 0x70, 0x01, 0x50, 0x97, 0x75, 0x50,
  0xb8, 0x61, 0x77, 0x01, 0x50, 0xae, 0x70, 0x50, 0x1a, 0x73, 0x50, 0xb9, 0x61, 0x6a, 0x01, 0x50,
  0x92, 0x71, 0x50, 0x80, 0x70, 0x50, 0x14, 0x77, 0x50, 0xb2, 0x72, 0x50, 0xad, 0x70, 0x50, 0x17,
  0x77, 0x50, 0xd0, 0x61, 0x60, 0x01, 0x50, 0x93, 0x62, 0x73, 0x50, 0x81, 0x70, 0x50, 0x14, 0x73,
  0x50, 0x94, 0x76, 0x50, 0xb3, 0x76, 0x50, 0xdf, 0x61, 0xd7, 0x02, 0x50, 0x80, 0x70, 0x50, 0x14,
  0x7f, 0x70, 0x50, 0xd2, 0x61, 0xa9, 0x08, 0x50, 0x8f, 0x50, 0x13, 0x7a, 0x50, 0xb4, 0x61, 0xc7,
  0x05, 0x50, 0x8e, 0x70, 0x50, 0x13, 0x61, 0xd4, 0x05, 0x50, 0x95, 0x76, 0x50, 0xb5, 0x62, 0x50,
  0x8f, 0x70, 0x50, 0x13, 0x61, 0xd2, 0x05, 0x50, 0x80, 0x70, 0x50, 0x14, 0x61, 0xf2, 0x02, 0x50,
  0xb6, 0x61, 0xc8, 0x05, 0x50, 0x81, 0x70, 0x50, 0x14, 0x7f, 0x72, 0x50, 0xd3, 0x61, 0xd6, 0x02,
  0x50, 0x80, 0x70, 0x50, 0x14, 0x62, 0x7f, 0x50, 0xac, 0x50, 0x17, 0x7b, 0x50, 0xd4, 0x61, 0xdb,
  0x02, 0x50, 0xad, 0x50, 0x17, 0x62, 0x74, 0x50, 0x8f, 0x70, 0x50, 0x13, 0x75, 0x50, 0xae, 0x70,
  0x50, 0x17, 0x62, 0x75, 0x50, 0xaf, 0x70, 0x50, 0x17, 0x7b, 0x50, 0xd5, 0x61, 0xd8, 0x02, 0x50,
  0x8e, 0x70, 0x50, 0x13, 0x75, 0x50, 0xa0, 0x70, 0x50, 0x18, 0x62, 0x71, 0x50, 0x97, 0x7c, 0x50,
  0xb8, 0x73, 0x50, 0xa1, 0x70, 0x50, 0x18, 0x73, 0x50, 0xb9, 0x61, 0xd6, 0x02, 0x50, 0x92, 0x71,
  0x50, 0x8c, 0x70, 0x50, 0x17, 0x76, 0x50, 0x8d, 0x50, 0x17, 0x75, 0x50, 0x93, 0x78, 0x50, 0xb2,
  0x71, 0x50, 0xad, 0x70, 0x50, 0x1f, 0x78, 0x50, 0xdf, 0x76, 0x50, 0xd0, 0x72, 0x50, 0xc9, 0x70,
  0x50, 0x2f, 0x61, 0xb9, 0x02, 0x50, 0x94, 0x76, 0x50, 0xb3, 0x77, 0x50, 0xdf, 0x62, 0x79, 0x50,
  0xd2, 0x61, 0xd7, 0x02, 0x50, 0x8c, 0x70, 0x50, 0x17, 0x62, 0x79, 0x50, 0x8b, 0x70, 0x50, 0x17,
  0x7f, 0x75, 0x50, 0xd3, 0x61, 0xdb, 0x02, 0x50, 0xb4, 0x62, 0x70, 0x50, 0x8a, 0x70, 0x50, 0x17,
  0x7f, 0x75, 0x50, 0xd4, 0x61, 0xbb, 0x05, 0x50, 0x89, 0x70, 0x50, 0x17, 0x62, 0x79, 0x50, 0x8a,
  0x50, 0x17, 0x74, 0x50, 0x95, 0x76, 0x50, 0xb5, 0x7a, 0x50, 0xd5, 0x61, 0xba, 0x05, 0x50, 0x8b,
  0x70, 0x50, 0x17, 0x61, 0x77, 0x01, 0x50, 0xdf, 0x77, 0x50, 0xd1, 0x61, 0x7a, 0x01, 0x50, 0xd2,
  0x61, 0xd8, 0x02, 0x50, 0x8c, 0x70, 0x50, 0x17, 0x7a, 0x50, 0xb6, 0x61, 0xdd, 0x02, 0x50, 0x8d,
  0x70, 0x50, 0x17, 0x61, 0xde, 0x05, 0x50, 0xd3, 0x61, 0xdd, 0x02, 0x50, 0x8c, 0x50, 0x17, 0x78,
  0x50, 0xac, 0x50, 0x1f, 0x62, 0x70, 0x50, 0x8b, 0x70, 0x50, 0x17, 0x75, 0x50, 0xad, 0x70, 0x50,
  0x1f, 0x76, 0x50, 0xd4, 0x61, 0xde, 0x02, 0x50, 0xae, 0x70, 0x50, 0x1f, 0x62, 0x74, 0x50, 0x8a,
  0x70, 0x50, 0x17, 0x74, 0x50, 0xa0, 0x70, 0x50, 0x20, 0x62, 0x76, 0x50, 0xa1, 0x70, 0x50, 0x20,
  0x76, 0x50, 0xd5, 0x61, 0xdd, 0x02, 0x50, 0x89, 0x70, 0x50, 0x17, 0x75, 0x50, 0xa2, 0x70, 0x50,
  0x20, 0x62, 0x72, 0x50, 0x8a, 0x70, 0x50, 0x17, 0x75, 0x50, 0xa1, 0x70, 0x50, 0x20, 0x61, 0x70,
  0x01, 0x50, 0xe4, 0x70, 0x50, 0xdf, 0x76, 0x50, 0xf1, 0x70, 0x50, 0xe5, 0x61, 0x6b, 0x01, 0x50,
  0xa0, 0x70, 0x50, 0x20, 0x62, 0x75, 0x50, 0x8b, 0x50, 0x17, 0x75, 0x50, 0xae, 0x70, 0x50, 0x1f,
  0x76, 0x50, 0xff, 0x62, 0x50, 0xad, 0x50, 0x1f, 0x76, 0x50, 0xf4, 0x61, 0xde, 0x02, 0x50, 0x8c,
  0x70, 0x50, 0x17, 0x74, 0x50, 0xac, 0x70, 0x50, 0x1f, 0x62, 0x72, 0x50, 0x8d, 0x70, 0x50, 0x17,
  0x75, 0x50, 0xad, 0x70, 0x50, 0x1f, 0x75, 0x50, 0xf5, 0x62, 0x50, 0xae, 0x70, 0x50, 0x1f, 0x62,
  0x79, 0x50, 0xa0, 0x50, 0x20, 0x62, 0x74, 0x50, 0x8c, 0x70, 0x50, 0x17, 0x75, 0x50, 0xa1, 0x70,
  0x50, 0x20, 0x75, 0x50, 0xf6, 0x61, 0xdc, 0x02, 0x50, 0x8b, 0x70, 0x50, 0x17, 0x75, 0x50, 0xa2,
  0x70, 0x50, 0x20, 0x62, 0x76, 0x50, 0xa1, 0x70, 0x50, 0x20, 0x62, 0x73, 0x50, 0x8a, 0x70, 0x50,
  0x17, 0x75, 0x50, 0xa0, 0x70, 0x50, 0x20, 0x79, 0x50, 0xf7, 0x61, 0xdc, 0x02, 0x50, 0xae, 0x50,
  0x1f, 0x76, 0x50, 0xff, 0x76, 0x50, 0xd1, 0x71, 0x50, 0xc6, 0x70, 0x50, 0x35, 0x75, 0x50, 0xd2,
  0x61, 0xcd, 0x02, 0x50, 0x89, 0x70, 0x50, 0x17, 0x75, 0x50, 0xad, 0x70, 0x50, 0x1f, 0x62, 0x72,
  0x50, 0x8a, 0x70, 0x50, 0x17, 0x75, 0x50, 0xac, 0x70, 0x50, 0x1f, 0x62, 0x75, 0x50, 0xad, 0x70,
  0x50, 0x1f, 0x62, 0x74, 0x50, 0x8b, 0x70, 0x50, 0x17, 0x75, 0x50, 0xae, 0x50, 0x1f, 0x7b, 0x50,
  0xd3, 0x61, 0xda, 0x02, 0x50, 0xa0, 0x70, 0x50, 0x20, 0x62, 0x74, 0x50, 0x8c, 0x70, 0x50, 0x17,
  0x75, 0x50, 0xa1, 0x70, 0x50, 0x20, 0x7a, 0x50, 0xd4, 0x61, 0xd6, 0x02, 0x50, 0x8d, 0x70, 0x50,
  0x17, 0x75, 0x50, 0xa2, 0x70, 0x50, 0x20, 0x62, 0x76, 0x50, 0xa1, 0x70, 0x50, 0x20, 0x62, 0x78,
  0x50, 0xa0, 0x70, 0x50, 0x20, 0x7b, 0x50, 0xd5, 0x61, 0xd7, 0x02, 0x50, 0x8c, 0x70, 0x50, 0x17,
  0x75, 0x50, 0xae, 0x70, 0x50, 0x1f, 0x62, 0x71, 0x50, 0x8b, 0x70, 0x50, 0x17, 0x75, 0x50, 0xad,
  0x70, 0x50, 0x1f, 0x62, 0x76, 0x50, 0xac, 0x70, 0x50, 0x1f, 0x76, 0x50, 0xdf, 0x77, 0x50, 0xd0,
  0x71, 0x50, 0xc9, 0x70, 0x50, 0x38, 0x61, 0xd2, 0x02, 0x50, 0x8a, 0x50, 0x17, 0x76, 0x50, 0xad,
  0x70, 0x50, 0x1f, 0x77, 0x50, 0xdf, 0x61, 0xdd, 0x02, 0x50, 0xae, 0x70, 0x50, 0x1f, 0x77, 0x50,
  0xd2, 0x61, 0xdc, 0x02, 0x50, 0x89, 0x70, 0x50, 0x17, 0x75, 0x50, 0xa0, 0x70, 0x50, 0x20, 0x62,
  0x71, 0x50, 0x8a, 0x70, 0x50, 0x17, 0x75, 0x50, 0xa1, 0x70, 0x50, 0x20, 0x7b, 0x50, 0xd3, 0x61,
  0xda, 0x02, 0x50, 0xa2, 0x50, 0x20, 0x62, 0x74, 0x50, 0x8b, 0x70, 0x50, 0x17, 0x76, 0x50, 0xa1,
  0x50, 0x20, 0x7b, 0x50, 0xd4, 0x61, 0xd9, 0x02, 0x50, 0xa0, 0x70, 0x50, 0x20, 0x62, 0x74, 0x50,
  0x8c, 0x70, 0x50, 0x17, 0x75, 0x50, 0xae, 0x50, 0x1f, 0x62, 0x72, 0x50, 0x8d, 0x70, 0x50, 0x17,
  0x75, 0x50, 0xad, 0x50, 0x1f, 0x76, 0x50, 0xd5, 0x62, 0x50, 0xac, 0x70, 0x50, 0x1f, 0x62, 0x79,
  0x50, 0xad, 0x70, 0x50, 0x1f, 0x61, 0x76, 0x01, 0x50, 0xd0, 0x61, 0x6d, 0x01, 0x50, 0x8c, 0x70,
  0x50, 0x17, 0x75, 0x50, 0xae, 0x70, 0x50, 0x1f, 0x62, 0x72, 0x50, 0x8b, 0x50, 0x17, 0x75, 0x50,
  0xa0, 0x70, 0x50, 0x20, 0x77, 0x50, 0xdf, 0x61, 0xde, 0x02, 0x50, 0xa1, 0x50, 0x20, 0x77, 0x50,
  0xd2, 0x61, 0xdd, 0x02, 0x50, 0x8a, 0x70, 0x50, 0x17, 0x74, 0x50, 0xa2, 0x70, 0x50, 0x20, 0x62,
  0x76, 0x50, 0xa1, 0x70, 0x50, 0x20, 0x76, 0x50, 0xd3, 0x61, 0xdd, 0x02, 0x50, 0x89, 0x70, 0x50,
  0x17, 0x74, 0x50, 0xa0, 0x70, 0x50, 0x20, 0x62, 0x73, 0x50, 0x8a, 0x50, 0x17, 0x75, 0x50, 0xae,
  0x70, 0x50, 0x1f, 0x76, 0x50, 0xd4, 0x61, 0xde, 0x02, 0x50, 0xad, 0x70, 0x50, 0x1f, 0x62, 0x74,
  0x50, 0x8b, 0x70, 0x50, 0x17, 0x75, 0x50, 0xac, 0x70, 0x50, 0x1f, 0x62, 0x76, 0x50, 0xad, 0x70,
  0x50, 0x1f, 0x76, 0x50, 0xd5, 0x61, 0xdd, 0x02, 0x50, 0x8c, 0x50, 0x17, 0x75, 0x50, 0xae, 0x70,
  0x50, 0x1f, 0x62, 0x72, 0x50, 0x8d, 0x70, 0x50, 0x17, 0x74, 0x50, 0xa0, 0x70, 0x50, 0x20, 0x61,
  0x71, 0x01, 0x50, 0xe4, 0x70, 0x50, 0xdf, 0x77, 0x50, 0xf1, 0x70, 0x50, 0xe5, 0x61, 0x6b, 0x01,
  0x50, 0xa1, 0x70, 0x50, 0x20, 0x62, 0x78, 0x50, 0xa2, 0x70, 0x50, 0x20, 0x76, 0x50, 0xff, 0x61,
  0xdd, 0x02, 0x50, 0x8c, 0x70, 0x50, 0x17, 0x75, 0x50, 0xa1, 0x70, 0x50, 0x20, 0x75, 0x50, 0xf4,
  0x61, 0xdb, 0x02, 0x50, 0x8b, 0x70, 0x50, 0x17, 0x75, 0x50, 0xa0, 0x50, 0x20, 0x62, 0x77, 0x50,
  0xae, 0x70, 0x50, 0x1f, 0x79, 0x50, 0xf5, 0x61, 0xda, 0x02, 0x50, 0x8a, 0x70, 0x50, 0x17, 0x75,
  0x50, 0xad, 0x70, 0x50, 0x1f, 0x62, 0x75, 0x50, 0xac, 0x70, 0x50, 0x1f, 0x62, 0x74, 0x50, 0x89,
  0x70, 0x50, 0x17, 0x76, 0x50, 0xad, 0x50, 0x1f, 0x7a, 0x50, 0xf6, 0x61, 0xd7, 0x02, 0x50, 0x8a,
  0x50, 0x17, 0x76, 0x50, 0xae, 0x50, 0x1f, 0x62, 0x76, 0x50, 0xa0, 0x70, 0x50, 0x20, 0x62, 0x73,
  0x50, 0x8b, 0x70, 0x50, 0x17, 0x75, 0x50, 0xa1, 0x70, 0x50, 0x20, 0x7a, 0x50, 0xf7, 0x61, 0xdb,
  0x02, 0x50, 0xa2, 0x70, 0x50, 0x20, 0x78, 0x50, 0xf1, 0x70, 0x50, 0xe5, 0x61, 0xda, 0x02, 0x50,
  0x8c, 0x50, 0x17, 0x76, 0x50, 0xa1, 0x70, 0x50, 0x20, 0x77, 0x50, 0xff, 0x61, 0xd9, 0x02, 0x50,
  0x8d, 0x70, 0x50, 0x17, 0x75, 0x50, 0xa0, 0x50, 0x20, 0x76, 0x50, 0xf4, 0x62, 0x50, 0xae, 0x70,
  0x50, 0x1f, 0x62, 0x79, 0x50, 0xad, 0x70, 0x50, 0x1f, 0x79, 0x50, 0xf5, 0x61, 0xdd, 0x02, 0x50,
  0x8c, 0x50, 0x17, 0x76, 0x50, 0xac, 0x50, 0x1f, 0x61, 0xde, 0x02, 0x50, 0x8b, 0x70, 0x50, 0x17,
  0x76, 0x50, 0xad, 0x50, 0x1f, 0x62, 0x76, 0x50, 0xae, 0x70, 0x50, 0x1f, 0x79, 0x50, 0xf6, 0x61,
  0xda, 0x02, 0x50, 0x8a, 0x50, 0x17, 0x76, 0x50, 0xa0, 0x50, 0x20, 0x62, 0x76, 0x50, 0xa1, 0x70,
  0x50, 0x20, 0x62, 0x74, 0x50, 0x89, 0x50, 0x17, 0x76, 0x50, 0xa2, 0x50, 0x20, 0x7a, 0x50, 0xf7,
  0x61, 0xd7, 0x02, 0x50, 0x97, 0x74, 0x50, 0x8a, 0x50, 0x17, 0x79, 0x50, 0xb8, 0x74, 0x50, 0xa1,
  0x70, 0x50, 0x20, 0x73, 0x50, 0xb9, 0x61, 0xd0, 0x02, 0x50, 0x9a, 0x7f, 0x50, 0xb2, 0x71, 0x50,
  0xab, 0x70, 0x50, 0x23, 0x78, 0x50, 0xff, 0x76, 0x50, 0xd0, 0x72, 0x50, 0xca, 0x50, 0x23, 0x61,
  0xc3, 0x02, 0x50, 0x8b, 0x70, 0x50, 0x17, 0x7a, 0x50, 0xb3, 0x77, 0x50, 0xdf, 0x62, 0x76, 0x50,
  0xd2, 0x61, 0xd8, 0x02, 0x50, 0x8c, 0x70, 0x50, 0x17, 0x62, 0x78, 0x50, 0x8d, 0x70, 0x50, 0x17,
  0x73, 0x50, 0x9b, 0x7c, 0x50, 0xd3, 0x62, 0x70, 0x50, 0xb4, 0x61, 0xf0, 0x02, 0x50, 0xd4, 0x61,
  0xd9, 0x02, 0x50, 0x8c, 0x70, 0x50, 0x17, 0x62, 0x78, 0x50, 0x8b, 0x70, 0x50, 0x17, 0x74, 0x50,
  0x9c, 0x62, 0x7d, 0x50, 0xb5, 0x75, 0x50, 0xd5, 0x61, 0xda, 0x02, 0x50, 0x8a, 0x50, 0x17, 0x61,
  0x61, 0x04, 0x50, 0xdf, 0x77, 0x50, 0xd1, 0x61, 0x69, 0x01, 0x50, 0x89, 0x70, 0x50, 0x17, 0x73,
  0x50, 0x9d, 0x7d, 0x50, 0xd2, 0x61, 0xd6, 0x02, 0x50, 0x8a, 0x70, 0x50, 0x17, 0x7a, 0x50, 0xb6,
  0x61, 0xc6, 0x05, 0x50, 0x8b, 0x70, 0x50, 0x17, 0x62, 0x7b, 0x50, 0x9e, 0x7c, 0x50, 0xd3, 0x61,
  0xd9, 0x02, 0x50, 0x8c, 0x70, 0x50, 0x17, 0x7b, 0x50, 0xaa, 0x70, 0x50, 0x23, 0x61, 0xdc, 0x02,
  0x50, 0x8d, 0x50, 0x17, 0x79, 0x50, 0xab, 0x70, 0x50, 0x23, 0x76, 0x50, 0xd4, 0x61, 0xde, 0x02,
  0x50, 0xad, 0x70, 0x50, 0x23, 0x62, 0x74, 0x50, 0x9f, 0x74, 0x50, 0xae, 0x70, 0x50, 0x23, 0x62,
  0x70, 0x50, 0x8c, 0x70, 0x50, 0x17, 0x78, 0x50, 0xa0, 0x70, 0x50, 0x24, 0x76, 0x50, 0xd5, 0x61,
  0xd7, 0x02, 0x50, 0x8b, 0x70, 0x50, 0x17, 0x78, 0x50, 0xa1, 0x70, 0x50, 0x24, 0x62, 0x77, 0x50,
  0xa0, 0x70, 0x50, 0x24, 0x75, 0x50, 0xe4, 0x70, 0x50, 0xdf, 0x76, 0x50, 0xf1, 0x70, 0x50, 0xe5,
  0x61, 0xd1, 0x02, 0x50, 0x8a, 0x50, 0x17, 0x76, 0x50, 0xae, 0x70, 0x50, 0x23, 0x77, 0x50, 0xff,
  0x61, 0xde, 0x02, 0x50, 0xad, 0x70, 0x50, 0x23, 0x76, 0x50, 0xf4, 0x61, 0xdc, 0x02, 0x50, 0x89,
  0x70, 0x50, 0x17, 0x76, 0x50, 0xab, 0x50, 0x23, 0x62, 0x72, 0x50, 0x8a, 0x50, 0x17, 0x76, 0x50,
  0xaa, 0x70, 0x50, 0x23, 0x79, 0x50, 0xf5, 0x61, 0xdc, 0x02, 0x50, 0xab, 0x70, 0x50, 0x23, 0x62,
  0x72, 0x50, 0x8b, 0x70, 0x50, 0x17, 0x76, 0x50, 0xad, 0x70, 0x50, 0x23, 0x62, 0x76, 0x50, 0xae,
  0x50, 0x23, 0x7a, 0x50, 0xf6, 0x61, 0xd8, 0x02, 0x50, 0x8c, 0x70, 0x50, 0x17, 0x76, 0x50, 0xa0,
  0x70, 0x50, 0x24, 0x62, 0x71, 0x50, 0x8d, 0x50, 0x17, 0x76, 0x50, 0xa1, 0x70, 0x50, 0x24, 0x62,
  0x76, 0x50, 0xa0, 0x70, 0x50, 0x24, 0x7a, 0x50, 0xf7, 0x62, 0x72, 0x50, 0xae, 0x70, 0x50, 0x23,
  0x61, 0xde, 0x02, 0x50, 0x8c, 0x70, 0x50, 0x17, 0x76, 0x50, 0xad, 0x50, 0x23, 0x76, 0x50, 0xff,
  0x76, 0x50, 0xd1, 0x71, 0x50, 0xc8, 0x70, 0x50, 0x3f, 0x75, 0x50, 0xd2, 0x61, 0xca, 0x02, 0x50,
  0x8b, 0x70, 0x50, 0x17, 0x76, 0x50, 0xab, 0x70, 0x50, 0x23, 0x62, 0x75, 0x50, 0xaa, 0x70, 0x50,
  0x23, 0x62, 0x73, 0x50, 0x8a, 0x70, 0x50, 0x17, 0x77, 0x50, 0xab, 0x50, 0x23, 0x62, 0x76, 0x50,
  0xad, 0x70, 0x50, 0x23, 0x7a, 0x50, 0xd3, 0x61, 0xd7, 0x02, 0x50, 0x89, 0x70, 0x50, 0x17, 0x76,
  0x50, 0xae, 0x70, 0x50, 0x23, 0x62, 0x71, 0x50, 0x8a, 0x70, 0x50, 0x17, 0x76, 0x50, 0xa0, 0x70,
  0x50, 0x24, 0x7a, 0x50, 0xd4, 0x61, 0xda, 0x02, 0x50, 0xa1, 0x70, 0x50, 0x24, 0x62, 0x73, 0x50,
  0x8b, 0x70, 0x50, 0x17, 0x76, 0x50, 0xa0, 0x70, 0x50, 0x24, 0x62, 0x75, 0x50, 0xae, 0x70, 0x50,
  0x23, 0x7b, 0x50, 0xd5, 0x61, 0xd7, 0x02, 0x50, 0x8c, 0x50, 0x17, 0x76, 0x50, 0xad, 0x70, 0x50,
  0x23, 0x61, 0x73, 0x01, 0x50, 0xb8, 0x61, 0x6e, 0x01, 0x50, 0x8d, 0x50, 0x17, 0x76, 0x50, 0xab,
  0x70, 0x50, 0x23, 0x73, 0x50, 0xb9, 0x61, 0x6b, 0x01, 0x50, 0x92, 0x72, 0x50, 0x83, 0x50, 0x15,
  0x78, 0x50, 0xb2, 0x71, 0x50, 0xa5, 0x70, 0x50, 0x1c, 0x75, 0x50, 0xdf, 0x77, 0x50, 0xd0, 0x71,
  0x50, 0xc9, 0x70, 0x50, 0x38, 0x61, 0x58, 0x01, 0x50, 0x93, 0x62, 0x73, 0x50, 0x84, 0x70, 0x50,
  0x15, 0x73, 0x50, 0x94, 0x76, 0x50, 0xb3, 0x76, 0x50, 0xdf, 0x61, 0xd7, 0x02, 0x50, 0x83, 0x50,
  0x15, 0x7f, 0x71, 0x50, 0xd2, 0x61, 0xcf, 0x05, 0x50, 0xd3, 0x61, 0xd9, 0x02, 0x50, 0x82, 0x70,
  0x50, 0x15, 0x7a, 0x50, 0xb4, 0x62, 0x7d, 0x50, 0xd4, 0x61, 0xda, 0x02, 0x50, 0x81, 0x50, 0x15,
  0x61, 0xd5, 0x05, 0x50, 0x95, 0x76, 0x50, 0xb5, 0x75, 0x50, 0xd5, 0x61, 0xd9, 0x02, 0x50, 0x82,
  0x70, 0x50, 0x15, 0x61, 0x64, 0x04, 0x50, 0xd0, 0x61, 0x6d, 0x01, 0x50, 0x83, 0x70, 0x50, 0x15,
  0x61, 0xf2, 0x02, 0x50, 0xb6, 0x76, 0x50, 0xdf, 0x62, 0x79, 0x50, 0xd2, 0x61, 0xd8, 0x02, 0x50,
  0x84, 0x70, 0x50, 0x15, 0x62, 0x79, 0x50, 0x83, 0x70, 0x50, 0x15, 0x7d, 0x50, 0xd3, 0x62, 0x70,
  0x50, 0xa4, 0x70, 0x50, 0x1c, 0x62, 0x76, 0x50, 0xa5, 0x70, 0x50, 0x1c, 0x76, 0x50, 0xd4, 0x61,
  0xdd, 0x02, 0x50, 0x82, 0x70, 0x50, 0x15, 0x75, 0x50, 0xa6, 0x70, 0x50, 0x1c, 0x62, 0x76, 0x50,
  0xa7, 0x70, 0x50, 0x1c, 0x62, 0x74, 0x50, 0x81, 0x50, 0x15, 0x76, 0x50, 0xa9, 0x50, 0x1c, 0x7b,
  0x50, 0xd5, 0x61, 0xd6, 0x02, 0x50, 0x97, 0x7b, 0x50, 0xb8, 0x74, 0x50, 0xaa, 0x50, 0x1c, 0x74,
  0x50, 0xb9, 0x61, 0xd6, 0x02, 0x50, 0x92, 0x71, 0x50, 0x80, 0x70, 0x50, 0x14, 0x79, 0x50, 0x93,
  0x78, 0x50, 0xb2, 0x72, 0x50, 0xab, 0x50, 0x1a, 0x78, 0x50, 0xe4, 0x70, 0x50, 0xdf, 0x77, 0x50,
  0xf1, 0x70, 0x50, 0xe5, 0x61, 0xba, 0x02, 0x50, 0x81, 0x70, 0x50, 0x14, 0x73, 0x50, 0x94, 0x76,
  0x50, 0xb3, 0x76, 0x50, 0xff, 0x61, 0xd7, 0x02, 0x50, 0x80, 0x50, 0x14, 0x7f, 0x71, 0x50, 0xf4,
  0x61, 0xd3, 0x05, 0x50, 0xf5, 0x61, 0xda, 0x02, 0x50, 0x8f, 0x70, 0x50, 0x13, 0x7a, 0x50, 0xb4,
  0x61, 0xc2, 0x05, 0x50, 0x8e, 0x50, 0x13, 0x7f, 0x75, 0x50, 0xf6, 0x61, 0xbf, 0x05, 0x50, 0x95,
  0x76, 0x50, 0xb5, 0x62, 0x50, 0x8f, 0x70, 0x50, 0x13, 0x7f, 0x74, 0x50, 0xf7, 0x61, 0xbc, 0x05,
  0x50, 0x80, 0x70, 0x50, 0x14, 0x7f, 0x73, 0x50, 0xf1, 0x70, 0x50, 0xe5, 0x61, 0xdd, 0x02, 0x50,
  0xb6, 0x76, 0x50, 0xff, 0x62, 0x79, 0x50, 0xf4, 0x61, 0xd9, 0x02, 0x50, 0x81, 0x50, 0x14, 0x62,
  0x79, 0x50, 0x80, 0x70, 0x50, 0x14, 0x7f, 0x71, 0x50, 0xf5, 0x61, 0xdd, 0x02, 0x50, 0xaa, 0x70,
  0x50, 0x1a, 0x62, 0x75, 0x50, 0xab, 0x70, 0x50, 0x1a, 0x62, 0x74, 0x50, 0x8f, 0x50, 0x13, 0x75,
  0x50, 0xac, 0x70, 0x50, 0x1a, 0x75, 0x50, 0xf6, 0x62, 0x70, 0x50, 0xad, 0x70, 0x50, 0x1a, 0x62,
  0x74, 0x50, 0x8e, 0x70, 0x50, 0x13, 0x74, 0x50, 0xae, 0x70, 0x50, 0x1a, 0x62, 0x76, 0x50, 0xa0,
  0x70, 0x50, 0x1b, 0x75, 0x50, 0xf7, 0x61, 0x6a, 0x01, 0x50, 0x97, 0x75, 0x50, 0xb8, 0x61, 0x77,
  0x01, 0x50, 0xae, 0x70, 0x50, 0x1a, 0x73, 0x50, 0xb9, 0x61, 0x6a, 0x01, 0x50, 0x92, 0x71, 0x50,
  0x8b, 0x70, 0x50, 0x1a, 0x79, 0x50, 0xb2, 0x71, 0x50, 0xab, 0x70, 0x50, 0x23, 0x76, 0x50, 0xff,
  0x76, 0x50, 0xd0, 0x71, 0x50, 0xc6, 0x70, 0x50, 0x35, 0x61, 0x53, 0x01, 0x50, 0x8c, 0x70, 0x50,
  0x1a, 0x74, 0x50, 0x93, 0x62, 0x73, 0x50, 0x94, 0x76, 0x50, 0xb3, 0x76, 0x50, 0xdf, 0x62, 0x79,
  0x50, 0xd2, 0x61, 0xd9, 0x02, 0x50, 0x8b, 0x50, 0x1a, 0x62, 0x79, 0x50, 0x8a, 0x50, 0x1a, 0x7f,
  0x71, 0x50, 0xd3, 0x62, 0x70, 0x50, 0xb4, 0x62, 0x70, 0x50, 0x89, 0x70, 0x50, 0x1a, 0x7f, 0x70,
  0x50, 0xd4, 0x61, 0xc0, 0x05, 0x50, 0x88, 0x70, 0x50, 0x1a, 0x62, 0x79, 0x50, 0x89, 0x70, 0x50,
  0x1a, 0x73, 0x50, 0x95, 0x76, 0x50, 0xb5, 0x75, 0x50, 0xd5, 0x61, 0xbf, 0x05, 0x50, 0x8a, 0x70,
  0x50, 0x1a, 0x61, 0x78, 0x01, 0x50, 0xdf, 0x77, 0x50, 0xd1, 0x61, 0x79, 0x01, 0x50, 0xd2, 0x61,
  0xd9, 0x02, 0x50, 0x8b, 0x50, 0x1a, 0x7a, 0x50, 0xb6, 0x61, 0xde, 0x02, 0x50, 0x8c, 0x70, 0x50,
  0x1a, 0x61, 0xf9, 0x02, 0x50, 0xd3, 0x61, 0xc2, 0x05, 0x50, 0x8b, 0x50, 0x1a, 0x78, 0x50, 0xaa,
  0x70, 0x50, 0x23, 0x7b, 0x50, 0xd4, 0x61, 0xd3, 0x02, 0x50, 0x8a, 0x70, 0x50, 0x1a, 0x75, 0x50,
  0xab, 0x70, 0x50, 0x23, 0x62, 0x75, 0x50, 0xad, 0x70, 0x50, 0x23, 0x62, 0x74, 0x50, 0x89, 0x70,
  0x50, 0x1a, 0x75, 0x50, 0xae, 0x70, 0x50, 0x23, 0x7a, 0x50, 0xd5, 0x61, 0xdb, 0x02, 0x50, 0xa0,
  0x50, 0x24, 0x62, 0x74, 0x50, 0x88, 0x70, 0x50, 0x1a, 0x75, 0x50, 0xa1, 0x70, 0x50, 0x24, 0x62,
  0x72, 0x50, 0x89, 0x70, 0x50, 0x1a, 0x75, 0x50, 0xa0, 0x70, 0x50, 0x24, 0x75, 0x50, 0xe4, 0x70,
  0x50, 0xdf, 0x76, 0x50, 0xf1, 0x70, 0x50, 0xe5, 0x61, 0xd6, 0x02, 0x50, 0xae, 0x70, 0x50, 0x23,
  0x76, 0x50, 0xff, 0x61, 0xdd, 0x02, 0x50, 0x8a, 0x50, 0x1a, 0x75, 0x50, 0xad, 0x70, 0x50, 0x23,
  0x76, 0x50, 0xf4, 0x62, 0x50, 0xab, 0x70, 0x50, 0x23, 0x62, 0x74, 0x50, 0x8b, 0x50, 0x1a, 0x76,
  0x50, 0xaa, 0x50, 0x23, 0x7a, 0x50, 0xf5, 0x61, 0xd7, 0x02, 0x50, 0x8c, 0x70, 0x50, 0x1a, 0x75,
  0x50, 0xab, 0x70, 0x50, 0x23, 0x62, 0x75, 0x50, 0xad, 0x70, 0x50, 0x23, 0x62, 0x79, 0x50, 0xae,
  0x70, 0x50, 0x23, 0x79, 0x50, 0xf6, 0x61, 0xd9, 0x02, 0x50, 0x8b, 0x70, 0x50, 0x1a, 0x75, 0x50,
  0xa0, 0x70, 0x50, 0x24, 0x62, 0x71, 0x50, 0x8a, 0x70, 0x50, 0x1a, 0x75, 0x50, 0xa1, 0x70, 0x50,
  0x24, 0x62, 0x76, 0x50, 0xa0, 0x70, 0x50, 0x24, 0x7a, 0x50, 0xf7, 0x61, 0xd9, 0x02, 0x50, 0x89,
  0x50, 0x1a, 0x75, 0x50, 0xae, 0x70, 0x50, 0x23, 0x62, 0x76, 0x50, 0xad, 0x70, 0x50, 0x23, 0x76,
  0x50, 0xff, 0x77, 0x50, 0xd1, 0x71, 0x50, 0xc9, 0x70, 0x50, 0x38, 0x75, 0x50, 0xd2, 0x61, 0xcc,
  0x02, 0x50, 0x88, 0x70, 0x50, 0x1a, 0x75, 0x50, 0xab, 0x50, 0x23, 0x62, 0x72, 0x50, 0x89, 0x70,
  0x50, 0x1a, 0x74, 0x50, 0xaa, 0x70, 0x50, 0x23, 0x62, 0x76, 0x50, 0xab, 0x70, 0x50, 0x23, 0x62,
  0x74, 0x50, 0x8a, 0x50, 0x1a, 0x75, 0x50, 0xad, 0x70, 0x50, 0x23, 0x76, 0x50, 0xd3, 0x62, 0x50,
  0xae, 0x70, 0x50, 0x23, 0x62, 0x74, 0x50, 0x8b, 0x70, 0x50, 0x1a, 0x74, 0x50, 0xa0, 0x70, 0x50,
  0x24, 0x76, 0x50, 0xd4, 0x61, 0xdb, 0x02, 0x50, 0x8c, 0x70, 0x50, 0x1a, 0x74, 0x50, 0xa1, 0x70,
  0x50, 0x24, 0x62, 0x76, 0x50, 0xa0, 0x70, 0x50, 0x24, 0x62, 0x79, 0x50, 0xae, 0x70, 0x50, 0x23,
  0x75, 0x50, 0xd5, 0x61, 0xdd, 0x02, 0x50, 0x8b, 0x70, 0x50, 0x1a, 0x75, 0x50, 0xad, 0x70, 0x50,
  0x23, 0x61, 0x6d, 0x01, 0x50, 0x97, 0x61, 0x74, 0x01, 0x50, 0x8a, 0x70, 0x50, 0x1a, 0x79, 0x50,
  0xab, 0x50, 0x23, 0x61, 0x6d, 0x01, 0x50, 0x92, 0x71, 0x50, 0x8d, 0x70, 0x50, 0x11, 0x77, 0x50,
  0xdf, 0x77, 0x50, 0xd0, 0x71, 0x50, 0xc8, 0x70, 0x50, 0x3f, 0x61, 0x62, 0x01, 0x50, 0x93, 0x74,
  0x50, 0xaa, 0x70, 0x50, 0x23, 0x61, 0xdd, 0x02, 0x50, 0x8e, 0x50, 0x11, 0x74, 0x50, 0x94, 0x74,
  0x50, 0xab, 0x70, 0x50, 0x23, 0x77, 0x50, 0xdf, 0x61, 0xd6, 0x02, 0x50, 0x8d, 0x70, 0x50, 0x11,
  0x78, 0x50, 0xad, 0x70, 0x50, 0x23, 0x77, 0x50, 0xd2, 0x61, 0xde, 0x02, 0x50, 0xae, 0x50, 0x23,
  0x62, 0x79, 0x50, 0xa0, 0x70, 0x50, 0x24, 0x76, 0x50, 0xd3, 0x61, 0xd9, 0x02, 0x50, 0x8c, 0x70,
  0x50, 0x11, 0x78, 0x50, 0xa1, 0x70, 0x50, 0x24, 0x62, 0x76, 0x50, 0xa0, 0x70, 0x50, 0x24, 0x76,
  0x50, 0xd4, 0x62, 0x71, 0x50, 0xae, 0x70, 0x50, 0x23, 0x62, 0x70, 0x50, 0x8b, 0x70, 0x50, 0x11,
  0x79, 0x50, 0xad, 0x50, 0x23, 0x62, 0x50, 0x8c, 0x70, 0x50, 0x11, 0x73, 0x50, 0x95, 0x74, 0x50,
  0xab, 0x70, 0x50, 0x23, 0x76, 0x50, 0xd5, 0x62, 0x50, 0xaa, 0x70, 0x50, 0x23, 0x62, 0x79, 0x50,
  0xab, 0x70, 0x50, 0x23, 0x78, 0x50, 0xd0, 0x61, 0xd6, 0x02, 0x50, 0x8d, 0x70, 0x50, 0x11, 0x79,
  0x50, 0xad, 0x70, 0x50, 0x23, 0x77, 0x50, 0xdf, 0x61, 0xde, 0x02, 0x50, 0xae, 0x70, 0x50, 0x23,
  0x76, 0x50, 0xd2, 0x62, 0x71, 0x50, 0xa0, 0x70, 0x50, 0x24, 0x62, 0x70, 0x50, 0x8e, 0x70, 0x50,
  0x11, 0x75, 0x50, 0xa1, 0x50, 0x24, 0x7b, 0x50, 0xd3, 0x61, 0xd6, 0x02, 0x50, 0x8d, 0x70, 0x50,
  0x11, 0x76, 0x50, 0xa0, 0x70, 0x50, 0x24, 0x62, 0x74, 0x50, 0xae, 0x70, 0x50, 0x23, 0x7b, 0x50,
  0xd4, 0x61, 0xdd, 0x02, 0x50, 0xad, 0x50, 0x23, 0x62, 0x74, 0x50, 0x8c, 0x70, 0x50, 0x11, 0x75,
  0x50, 0xab, 0x70, 0x50, 0x23, 0x62, 0x76, 0x50, 0xaa, 0x70, 0x50, 0x23, 0x7a, 0x50, 0xd5, 0x61,
  0xdd, 0x02, 0x50, 0xab, 0x70, 0x50, 0x23, 0x62, 0x73, 0x50, 0x8b, 0x70, 0x50, 0x11, 0x75, 0x50,
  0xad, 0x70, 0x50, 0x23, 0x62, 0x72, 0x50, 0x8c, 0x70, 0x50, 0x11, 0x75, 0x50, 0xae, 0x70, 0x50,
  0x23, 0x75, 0x50, 0xe4, 0x70, 0x50, 0xdf, 0x76, 0x50, 0xf1, 0x70, 0x50, 0xe5, 0x61, 0xd6, 0x02,
  0x50, 0xa0, 0x70, 0x50, 0x24, 0x77, 0x50, 0xff, 0x62, 0x70, 0x50, 0xa1, 0x70, 0x50, 0x24, 0x76,
  0x50, 0xf4, 0x61, 0xdd, 0x02, 0x50, 0x8d, 0x70, 0x50, 0x11, 0x75, 0x50, 0xa0, 0x70, 0x50, 0x24,
  0x62, 0x75, 0x50, 0xae, 0x70, 0x50, 0x23, 0x7a, 0x50, 0xf5, 0x61, 0xde, 0x02, 0x50, 0xad, 0x50,
  0x23, 0x62, 0x74, 0x50, 0x8e, 0x70, 0x50, 0x11, 0x75, 0x50, 0xab, 0x70, 0x50, 0x23, 0x62, 0x72,
  0x50, 0x8d, 0x70, 0x50, 0x11, 0x75, 0x50, 0xaa, 0x70, 0x50, 0x23, 0x79, 0x50, 0xf6, 0x61, 0xdc,
  0x02, 0x50, 0xab, 0x50, 0x23, 0x62, 0x77, 0x50, 0xad, 0x70, 0x50, 0x23, 0x62, 0x74, 0x50, 0x8c,
  0x70, 0x50, 0x11, 0x75, 0x50, 0xae, 0x70, 0x50, 0x23, 0x75, 0x50, 0xf7, 0x62, 0x50, 0xa0, 0x70,
  0x50, 0x24, 0x61, 0x77, 0x01, 0x50, 0xf1, 0x70, 0x50, 0xe5, 0x61, 0x71, 0x01, 0x50, 0xa1, 0x50,
  0x24, 0x62, 0x75, 0x50, 0x8b, 0x50, 0x11, 0x76, 0x50, 0xa0, 0x50, 0x24, 0x76, 0x50, 0xff, 0x61,
  0xdb, 0x02, 0x50, 0x8c, 0x70, 0x50, 0x11, 0x75, 0x50, 0xae, 0x70, 0x50, 0x23, 0x75, 0x50, 0xf4,
  0x62, 0x50, 0xad, 0x70, 0x50, 0x23, 0x62, 0x78, 0x50, 0xab, 0x70, 0x50, 0x23, 0x75, 0x50, 0xf5,
  0x61, 0xde, 0x02, 0x50, 0x8d, 0x70, 0x50, 0x11, 0x75, 0x50, 0xaa, 0x50, 0x23, 0x62, 0x77, 0x50,
  0xab, 0x70, 0x50, 0x23, 0x62, 0x77, 0x50, 0xad, 0x70, 0x50, 0x23, 0x75, 0x50, 0xf6, 0x61, 0xde,
  0x02, 0x50, 0x8e, 0x70, 0x50, 0x11, 0x75, 0x50, 0xae, 0x70, 0x50, 0x23, 0x62, 0x72, 0x50, 0x8d,
  0x70, 0x50, 0x11, 0x75, 0x50, 0xa0, 0x50, 0x24, 0x62, 0x76, 0x50, 0xa1, 0x50, 0x24, 0x76, 0x50,
  0xf7, 0x61, 0x6c, 0x01, 0x50, 0xb8, 0x61, 0x76, 0x01, 0x50, 0xa0, 0x70, 0x50, 0x24, 0x74, 0x50,
  0xb9, 0x61, 0x71, 0x01, 0x50, 0xb2, 0x71, 0x50, 0xad, 0x70, 0x50, 0x11, 0x75, 0x50, 0xff, 0x76,
  0x50, 0xd0, 0x72, 0x50, 0xc0, 0x50, 0x28, 0x61, 0x5b, 0x01, 0x50, 0x8c, 0x70, 0x50, 0x11, 0x62,
  0x7e, 0x50, 0xb3, 0x76, 0x50, 0xdf, 0x62, 0x78, 0x50, 0xd2, 0x61, 0xdd, 0x02, 0x50, 0x8b, 0x70,
  0x50, 0x11, 0x62, 0x79, 0x50, 0x8c, 0x70, 0x50, 0x11, 0x7c, 0x50, 0xd3, 0x62, 0x70, 0x50, 0xb4,
  0x61, 0xf5, 0x02, 0x50, 0xd4, 0x61, 0xd8, 0x02, 0x50, 0x8d, 0x70, 0x50, 0x11, 0x61, 0xd7, 0x05,
  0x50, 0xb5, 0x7a, 0x50, 0xd5, 0x61, 0xd8, 0x02, 0x50, 0x8e, 0x70, 0x50, 0x11, 0x62, 0x79, 0x50,
  0x8d, 0x70, 0x50, 0x11, 0x7b, 0x50, 0xdf, 0x78, 0x50, 0xd1, 0x78, 0x50, 0xd2, 0x61, 0xb9, 0x05,
  0x50, 0xb6, 0x62, 0x73, 0x50, 0x8c, 0x70, 0x50, 0x11, 0x61, 0xf9, 0x02, 0x50, 0xd3, 0x61, 0xc1,
  0x05, 0x50, 0x8b, 0x70, 0x50, 0x11, 0x78, 0x50, 0xac, 0x70, 0x50, 0x11, 0x7a, 0x50, 0xd4, 0x61,
  0xd4, 0x02, 0x50, 0x8c, 0x70, 0x50, 0x11, 0x75, 0x50, 0xad, 0x70, 0x50, 0x11, 0x62, 0x75, 0x50,
  0xae, 0x70, 0x50, 0x11, 0x62, 0x78, 0x50, 0xaf, 0x70, 0x50, 0x11, 0x7b, 0x50, 0xd5, 0x61, 0xd8,
  0x02, 0x50, 0x8d, 0x70, 0x50, 0x11, 0x62, 0x7c, 0x50, 0xa0, 0x70, 0x50, 0x12, 0x62, 0x79, 0x50,
  0xaf, 0x70, 0x50, 0x11, 0x74, 0x50, 0xe4, 0x70, 0x50, 0xdf, 0x77, 0x50, 0xf1, 0x70, 0x50, 0xe5,
  0x61, 0xd4, 0x02, 0x50, 0x8e, 0x70, 0x50, 0x11, 0x7b, 0x50, 0xff, 0x61, 0xdd, 0x02, 0x50, 0x8d,
  0x70, 0x50, 0x11, 0x75, 0x50, 0xae, 0x70, 0x50, 0x11, 0x76, 0x50, 0xf4, 0x61, 0xde, 0x02, 0x50,
  0xad, 0x70, 0x50, 0x11, 0x62, 0x78, 0x50, 0xac, 0x70, 0x50, 0x11, 0x79, 0x50, 0xf5, 0x61, 0xd9,
  0x02, 0x50, 0x8c, 0x70, 0x50, 0x11, 0x75, 0x50, 0xad, 0x70, 0x50, 0x11, 0x62, 0x75, 0x50, 0xae,
  0x70, 0x50, 0x11, 0x62, 0x78, 0x50, 0xaf, 0x70, 0x50, 0x11, 0x75, 0x50, 0xf6, 0x61, 0xde, 0x02,
  0x50, 0x8b, 0x70, 0x50, 0x11, 0x62, 0x79, 0x50, 0x8c, 0x70, 0x50, 0x11, 0x75, 0x50, 0xa0, 0x50,
  0x12, 0x62, 0x76, 0x50, 0xaf, 0x70, 0x50, 0x11, 0x75, 0x50, 0xf7, 0x61, 0x58, 0x04, 0x50, 0xff,
  0x76, 0x50, 0xd1, 0x72, 0x50, 0xc6, 0x50, 0x2a, 0x61, 0x65, 0x01, 0x50, 0x8d, 0x70, 0x50, 0x11,
  0x74, 0x50, 0xae, 0x70, 0x50, 0x11, 0x77, 0x50, 0xd2, 0x61, 0xde, 0x02, 0x50, 0xad, 0x70, 0x50,
  0x11, 0x62, 0x78, 0x50, 0xac, 0x70, 0x50, 0x11, 0x62, 0x74, 0x50, 0x8e, 0x70, 0x50, 0x11, 0x75,
  0x50, 0xad, 0x70, 0x50, 0x11, 0x62, 0x72, 0x50, 0x8d, 0x70, 0x50, 0x11, 0x74, 0x50, 0xae, 0x70,
  0x50, 0x11, 0x76, 0x50, 0xd3, 0x62, 0x50, 0xaf, 0x50, 0x11, 0x62, 0x7e, 0x50, 0xd4, 0x62, 0x70,
  0x50, 0x8c, 0x50, 0x11, 0x75, 0x50, 0xa0, 0x70, 0x50, 0x12, 0x62, 0x76, 0x50, 0xaf, 0x70, 0x50,
  0x11, 0x62, 0x7d, 0x50, 0xd5, 0x62, 0x70, 0x50, 0x8b, 0x70, 0x50, 0x11, 0x74, 0x50, 0xae, 0x70,
  0x50, 0x11, 0x61, 0x6e, 0x01, 0x50, 0x97, 0x75, 0x50, 0xb8, 0x61, 0x6f, 0x01, 0x50, 0x8c, 0x50,
  0x11, 0x79, 0x50, 0xad, 0x70, 0x50, 0x11, 0x73, 0x50, 0xb9, 0x61, 0x68, 0x01, 0x50, 0x92, 0x71,
  0x50, 0x83, 0x70, 0x50, 0x15, 0x78, 0x50, 0xb2, 0x71, 0x50, 0xab, 0x70, 0x50, 0x1a, 0x74, 0x50,
  0xdf, 0x77, 0x50, 0xd0, 0x71, 0x50, 0xc9, 0x70, 0x50, 0x2f, 0x61, 0x58, 0x01, 0x50, 0x93, 0x62,
  0x73, 0x50, 0x84, 0x70, 0x50, 0x15, 0x74, 0x50, 0x94, 0x75, 0x50, 0xb3, 0x76, 0x50, 0xdf, 0x61,
  0xd7, 0x02, 0x50, 0x83, 0x70, 0x50, 0x15, 0x7f, 0x72, 0x50, 0xd2, 0x62, 0x7a, 0x50, 0xd3, 0x61,
  0xbd, 0x05, 0x50, 0x82, 0x70, 0x50, 0x15, 0x7b, 0x50, 0xb4, 0x7a, 0x50, 0xd4, 0x61, 0xbb, 0x05,
  0x50, 0x81, 0x50, 0x15, 0x61, 0xfd, 0x02, 0x50, 0xd5, 0x61, 0xd8, 0x02, 0x50, 0x95, 0x76, 0x50,
  0xb5, 0x62, 0x50, 0x82, 0x70, 0x50, 0x15, 0x61, 0xfa, 0x02, 0x50, 0xd0, 0x61, 0xd7, 0x02, 0x50,
  0x83, 0x70, 0x50, 0x15, 0x7f, 0x72, 0x50, 0xdf, 0x62, 0x50, 0xb6, 0x76, 0x50, 0xd2, 0x61, 0xc1,
  0x05, 0x50, 0x84, 0x70, 0x50, 0x15, 0x7f, 0x72, 0x50, 0xd3, 0x61, 0xd6, 0x02, 0x50, 0x83, 0x70,
  0x50, 0x15, 0x62, 0x7f, 0x50, 0xaa, 0x70, 0x50, 0x1a, 0x7a, 0x50, 0xd4, 0x61, 0xdb, 0x02, 0x50,
  0xab, 0x70, 0x50, 0x1a, 0x62, 0x73, 0x50, 0x82, 0x70, 0x50, 0x15, 0x75, 0x50, 0xac, 0x70, 0x50,
  0x1a, 0x62, 0x76, 0x50, 0xad, 0x50, 0x1a, 0x7b, 0x50, 0xd5, 0x61, 0xd8, 0x02, 0x50, 0x81, 0x70,
  0x50, 0x15, 0x75, 0x50, 0xae, 0x70, 0x50, 0x1a, 0x62, 0x71, 0x50, 0x97, 0x7c, 0x50, 0xb8, 0x73,
  0x50, 0xa0, 0x70, 0x50, 0x1b, 0x73, 0x50, 0xb9, 0x61, 0xd6, 0x02, 0x50, 0x92, 0x71, 0x50, 0x80,
  0x70, 0x50, 0x14, 0x79, 0x50, 0x93, 0x78, 0x50, 0xb2, 0x71, 0x50, 0xad, 0x70, 0x50, 0x17, 0x77,
  0x50, 0xe4, 0x70, 0x50, 0xdf, 0x77, 0x50, 0xf1, 0x70, 0x50, 0xe5, 0x61, 0xbb, 0x02, 0x50, 0x81,
  0x70, 0x50, 0x14, 0x73, 0x50, 0x94, 0x76, 0x50, 0xb3, 0x75, 0x50, 0xff, 0x61, 0xd8, 0x02, 0x50,
  0x80, 0x50, 0x14, 0x7f, 0x70, 0x50, 0xf4, 0x61, 0xcf, 0x05, 0x50, 0xf5, 0x61, 0xda, 0x02, 0x50,
  0x8f, 0x70, 0x50, 0x13, 0x7a, 0x50, 0xb4, 0x61, 0xc7, 0x05, 0x50, 0x8e, 0x50, 0x13, 0x7f, 0x70,
  0x50, 0xf6, 0x61, 0xc4, 0x05, 0x50, 0x95, 0x76, 0x50, 0xb5, 0x62, 0x50, 0x8f, 0x70, 0x50, 0x13,
  0x7f, 0x70, 0x50, 0xf7, 0x61, 0x52, 0x04, 0x50, 0xf1, 0x71, 0x50, 0xe5, 0x61, 0x6c, 0x01, 0x50,
  0x80, 0x70, 0x50, 0x14, 0x61, 0xf2, 0x02, 0x50, 0xb6, 0x75, 0x50, 0xff, 0x62, 0x79, 0x50, 0xf4,
  0x61, 0xda, 0x02, 0x50, 0x81, 0x50, 0x14, 0x62, 0x79, 0x50, 0x80, 0x70, 0x50, 0x14, 0x7c, 0x50,
  0xf5, 0x62, 0x72, 0x50, 0xac, 0x50, 0x17, 0x62, 0x76, 0x50, 0xad, 0x70, 0x50, 0x17, 0x62, 0x74,
  0x50, 0x8f, 0x70, 0x50, 0x13, 0x75, 0x50, 0xae, 0x50, 0x17, 0x76, 0x50, 0xf6, 0x62, 0x50, 0xaf,
  0x70, 0x50, 0x17, 0x62, 0x75, 0x50, 0x8e, 0x70, 0x50, 0x13, 0x75, 0x50, 0xa0, 0x70, 0x50, 0x18,
  0x62, 0x71, 0x50, 0x97, 0x7b, 0x50, 0xb8, 0x74, 0x50, 0xa1, 0x70, 0x50, 0x18, 0x73, 0x50, 0xb9,
  0x79, 0x50, 0xf7, 0x61, 0xcc, 0x02, 0x50, 0x92, 0x71, 0x50, 0x8c, 0x70, 0x50, 0x17, 0x75, 0x50,
  0x8d, 0x70, 0x50, 0x17, 0x75, 0x50, 0x93, 0x78, 0x50, 0xb2, 0x71, 0x50, 0xad, 0x70, 0x50, 0x1f,
  0x78, 0x50, 0xff, 0x76, 0x50, 0xd0, 0x61, 0xbd, 0x02, 0x50, 0x94, 0x76, 0x50, 0xb3, 0x77, 0x50,
  0xdf, 0x62, 0x79, 0x50, 0xd2, 0x61, 0xd7, 0x02, 0x50, 0x8c, 0x70, 0x50, 0x17, 0x62, 0x78, 0x50,
  0x8b, 0x70, 0x50, 0x17, 0x7f, 0x76, 0x50, 0xd3, 0x61, 0xdb, 0x02, 0x50, 0xb4, 0x62, 0x70, 0x50,
  0x8a, 0x50, 0x17, 0x7f, 0x76, 0x50, 0xd4, 0x61, 0xbb, 0x05, 0x50, 0x89, 0x70, 0x50, 0x17, 0x62,
  0x79, 0x50, 0x8a, 0x50, 0x17, 0x74, 0x50, 0x95, 0x76, 0x50, 0xb5, 0x7a, 0x50, 0xd5, 0x61, 0xba,
  0x05, 0x50, 0x8b, 0x70, 0x50, 0x17, 0x61, 0xf7, 0x02, 0x50, 0xdf, 0x77, 0x50, 0xd1, 0x78, 0x50,
  0xd2, 0x61, 0xc9, 0x02, 0x50, 0x8c, 0x70, 0x50, 0x17, 0x7b, 0x50, 0xb6, 0x61, 0xdd, 0x02, 0x50,
  0x8d, 0x50, 0x17, 0x61, 0xe4, 0x05, 0x50, 0xd3, 0x61, 0xd7, 0x02, 0x50, 0x8c, 0x70, 0x50, 0x17,
  0x77, 0x50, 0xac, 0x70, 0x50, 0x1f, 0x62, 0x50, 0x8b, 0x70, 0x50, 0x17, 0x75, 0x50, 0xad, 0x70,
  0x50, 0x1f, 0x7b, 0x50, 0xd4, 0x61, 0xda, 0x02, 0x50, 0xae, 0x50, 0x1f, 0x62, 0x74, 0x50, 0x8a,
  0x70, 0x50, 0x17, 0x74, 0x50, 0xa0, 0x70, 0x50, 0x20, 0x62, 0x76, 0x50, 0xa1, 0x70, 0x50, 0x20,
  0x76, 0x50, 0xd5, 0x61, 0xdd, 0x02, 0x50, 0x89, 0x70, 0x50, 0x17, 0x75, 0x50, 0xa2, 0x50, 0x20,
  0x62, 0x73, 0x50, 0x8a, 0x50, 0x17, 0x76, 0x50, 0xa1, 0x50, 0x20, 0x61, 0x71, 0x01, 0x50, 0xe4,
  0x70, 0x50, 0xdf, 0x76, 0x50, 0xf1, 0x70, 0x50, 0xe5, 0x61, 0x6b, 0x01, 0x50, 0xa0, 0x70, 0x50,
  0x20, 0x62, 0x74, 0x50, 0x8b, 0x70, 0x50, 0x17, 0x75, 0x50, 0xae, 0x70, 0x50, 0x1f, 0x76, 0x50,
  0xff, 0x61, 0xde, 0x02, 0x50, 0xad, 0x70, 0x50, 0x1f, 0x76, 0x50, 0xf4, 0x61, 0xde, 0x02, 0x50,
  0x8c, 0x50, 0x17, 0x75, 0x50, 0xac, 0x70, 0x50, 0x1f, 0x62, 0x72, 0x50, 0x8d, 0x70, 0x50, 0x17,
  0x75, 0x50, 0xad, 0x70, 0x50, 0x1f, 0x75, 0x50, 0xf5, 0x62, 0x50, 0xae, 0x70, 0x50, 0x1f, 0x62,
  0x79, 0x50, 0xa0, 0x50, 0x20, 0x62, 0x74, 0x50, 0x8c, 0x70, 0x50, 0x17, 0x74, 0x50, 0xa1, 0x70,
  0x50, 0x20, 0x76, 0x50, 0xf6, 0x61, 0xdb, 0x02, 0x50, 0x8b, 0x70, 0x50, 0x17, 0x75, 0x50, 0xa2,
  0x50, 0x20, 0x62, 0x77, 0x50, 0xa1, 0x70, 0x50, 0x20, 0x62, 0x73, 0x50, 0x8a, 0x70, 0x50, 0x17,
  0x75, 0x50, 0xa0, 0x70, 0x50, 0x20, 0x75, 0x50, 0xf7, 0x62, 0x50, 0xae, 0x70, 0x50, 0x1f, 0x61,
  0x75, 0x01, 0x50, 0xff, 0x76, 0x50, 0xd1, 0x71, 0x50, 0xc6, 0x70, 0x50, 0x35, 0x61, 0x66, 0x01,
  0x50, 0x89, 0x50, 0x17, 0x75, 0x50, 0xad, 0x70, 0x50, 0x1f, 0x77, 0x50, 0xd2, 0x61, 0xda, 0x02,
  0x50, 0x8a, 0x70, 0x50, 0x17, 0x75, 0x50, 0xac, 0x70, 0x50, 0x1f, 0x62, 0x75, 0x50, 0xad, 0x70,
  0x50, 0x1f, 0x62, 0x74, 0x50, 0x8b, 0x70, 0x50, 0x17, 0x74, 0x50, 0xae, 0x70, 0x50, 0x1f, 0x62,
  0x76, 0x50, 0xa0, 0x70, 0x50, 0x20, 0x76, 0x50, 0xd3, 0x61, 0xde, 0x02, 0x50, 0x8c, 0x50, 0x17,
  0x76, 0x50, 0xa1, 0x50, 0x20, 0x62, 0x72, 0x50, 0x8d, 0x70, 0x50, 0x17, 0x75, 0x50, 0xa2, 0x70,
  0x50, 0x20, 0x7a, 0x50, 0xd4, 0x61, 0xdb, 0x02, 0x50, 0xa1, 0x70, 0x50, 0x20, 0x62, 0x78, 0x50,
  0xa0, 0x70, 0x50, 0x20, 0x62, 0x73, 0x50, 0x8c, 0x70, 0x50, 0x17, 0x75, 0x50, 0xae, 0x70, 0x50,
  0x1f, 0x7a, 0x50, 0xd5, 0x61, 0xd6, 0x02, 0x50, 0x97, 0x73, 0x50, 0x8b, 0x70, 0x50, 0x17, 0x79,
  0x50, 0xb8, 0x73, 0x50, 0xad, 0x70, 0x50, 0x1f, 0x74, 0x50, 0xb9, 0x61, 0xd3, 0x02, 0x50, 0x92,
  0x71, 0x50, 0x8e, 0x70, 0x50, 0x0f, 0x79, 0x50, 0x93, 0x79, 0x50, 0xb2, 0x71, 0x50, 0xa0, 0x70,
  0x50, 0x14, 0x78, 0x50, 0xdf, 0x77, 0x50, 0xd0, 0x72, 0x50, 0xc9, 0x70, 0x50, 0x38, 0x61, 0xb7,
  0x02, 0x50, 0x8f, 0x70, 0x50, 0x0f, 0x74, 0x50, 0x94, 0x76, 0x50, 0xb3, 0x76, 0x50, 0xdf, 0x61,
  0xd6, 0x02, 0x50, 0x8e, 0x70, 0x50, 0x0f, 0x7f, 0x71, 0x50, 0xd2, 0x61, 0xd4, 0x05, 0x50, 0xd3,
  0x61, 0xd4, 0x02, 0x50, 0x8d, 0x70, 0x50, 0x0f, 0x7a, 0x50, 0xb4, 0x61, 0xf2, 0x02, 0x50, 0xd4,
  0x61, 0xbd, 0x05, 0x50, 0x8c, 0x70, 0x50, 0x0f, 0x62, 0x79, 0x50, 0x8d, 0x70, 0x50, 0x0f, 0x73,
  0x50, 0x95, 0x76, 0x50, 0xb5, 0x7a, 0x50, 0xd5, 0x61, 0xa4, 0x08, 0x50, 0x8e, 0x70, 0x50, 0x0f,
  0x7f, 0x72, 0x50, 0xd0, 0x62, 0x50, 0xb6, 0x76, 0x50, 0xdf, 0x62, 0x79, 0x50, 0xd2, 0x61, 0xd8,
  0x02, 0x50, 0x8f, 0x70, 0x50, 0x0f, 0x62, 0x78, 0x50, 0x8e, 0x70, 0x50, 0x0f, 0x7d, 0x50, 0xd3,
  0x62, 0x70, 0x50, 0xaf, 0x70, 0x50, 0x13, 0x62, 0x76, 0x50, 0xa0, 0x70, 0x50, 0x14, 0x76, 0x50,
  0xd4, 0x61, 0xdd, 0x02, 0x50, 0x8d, 0x70, 0x50, 0x0f, 0x75, 0x50, 0xa1, 0x50, 0x14, 0x62, 0x76,
  0x50, 0xa2, 0x70, 0x50, 0x14, 0x62, 0x78, 0x50, 0xa3, 0x70, 0x50, 0x14, 0x76, 0x50, 0xd5, 0x61,
  0xdd, 0x02, 0x50, 0x8c, 0x70, 0x50, 0x0f, 0x62, 0x79, 0x50, 0x8d, 0x70, 0x50, 0x0f, 0x61, 0x77,
  0x01, 0x50, 0xe4, 0x70, 0x50, 0xdf, 0x76, 0x50, 0xf1, 0x71, 0x50, 0xe5, 0x61, 0x6b, 0x01, 0x50,
  0xa2, 0x50, 0x14, 0x62, 0x79, 0x50, 0xa1, 0x70, 0x50, 0x14, 0x76, 0x50, 0xff, 0x61, 0xdd, 0x02,
  0x50, 0x8e, 0x70, 0x50, 0x0f, 0x74, 0x50, 0xa0, 0x70, 0x50, 0x14, 0x76, 0x50, 0xf4, 0x62, 0x50,
  0xaf, 0x70, 0x50, 0x13, 0x62, 0x79, 0x50, 0xa0, 0x50, 0x14, 0x76, 0x50, 0xf5, 0x61, 0xdd, 0x02,
  0x50, 0x8f, 0x70, 0x50, 0x0f, 0x75, 0x50, 0xa1, 0x50, 0x14, 0x62, 0x73, 0x50, 0x8e, 0x70, 0x50,
  0x0f, 0x74, 0x50, 0xa2, 0x70, 0x50, 0x14, 0x62, 0x75, 0x50, 0xa3, 0x70, 0x50, 0x14, 0x75, 0x50,
  0xf6, 0x61, 0xc8, 0x05, 0x50, 0x8d, 0x50, 0x0f, 0x62, 0x7d, 0x50, 0xa2, 0x70, 0x50, 0x14, 0x75,
  0x50, 0xf7, 0x62, 0x72, 0x50, 0xa1, 0x70, 0x50, 0x14, 0x61, 0x76, 0x01, 0x50, 0xf1, 0x71, 0x50,
  0xe5, 0x61, 0x6c, 0x01, 0x50, 0x8c, 0x70, 0x50, 0x0f, 0x75, 0x50, 0xa0, 0x50, 0x14, 0x62, 0x73,
  0x50, 0x8d, 0x70, 0x50, 0x0f, 0x75, 0x50, 0xaf, 0x70, 0x50, 0x13, 0x76, 0x50, 0xff, 0x62, 0x50,
  0xa0, 0x70, 0x50, 0x14, 0x75, 0x50, 0xf4, 0x62, 0x71, 0x50, 0xa1, 0x70, 0x50, 0x14, 0x79, 0x50,
  0xf5, 0x61, 0xda, 0x02, 0x50, 0x8e, 0x70, 0x50, 0x0f, 0x75, 0x50, 0xa2, 0x70, 0x50, 0x14, 0x62,
  0x75, 0x50, 0xa3, 0x70, 0x50, 0x14, 0x61, 0xf1, 0x02, 0x50, 0xf6, 0x61, 0xdc, 0x02, 0x50, 0x8f,
  0x70, 0x50, 0x0f, 0x62, 0x79, 0x50, 0x8e, 0x70, 0x50, 0x0f, 0x75, 0x50, 0xa2, 0x70, 0x50, 0x14,
  0x62, 0x75, 0x50, 0xa1, 0x70, 0x50, 0x14, 0x79, 0x50, 0xf7, 0x61, 0xd9, 0x02, 0x50, 0x97, 0x7c,
  0x50, 0xb8, 0x73, 0x50, 0xa0, 0x70, 0x50, 0x14, 0x74, 0x50, 0xb9, 0x61, 0xd5, 0x02, 0x50, 0x92,
  0x72, 0x50, 0x8d, 0x50, 0x11, 0x7a, 0x50, 0x93, 0x77, 0x50, 0xb2, 0x71, 0x50, 0xa3, 0x70, 0x50,
  0x15, 0x78, 0x50, 0xff, 0x77, 0x50, 0xd0, 0x71, 0x50, 0xca, 0x70, 0x50, 0x23, 0x61, 0xba, 0x02,
  0x50, 0x8e, 0x70, 0x50, 0x11, 0x73, 0x50, 0x94, 0x76, 0x50, 0xb3, 0x77, 0x50, 0xdf, 0x61, 0xd5,
  0x02, 0x50, 0x8d, 0x70, 0x50, 0x11, 0x7f, 0x72, 0x50, 0xd2, 0x61, 0xd3, 0x05, 0x50, 0xd3, 0x61,
  0xd4, 0x02, 0x50, 0x8c, 0x70, 0x50, 0x11, 0x7a, 0x50, 0xb4, 0x61, 0xf2, 0x02, 0x50, 0xd4, 0x62,
  0x62, 0x50, 0x8b, 0x50, 0x11, 0x62, 0x79, 0x50, 0x8c, 0x70, 0x50, 0x11, 0x73, 0x50, 0x95, 0x77,
  0x50, 0xb5, 0x7a, 0x50, 0xd5, 0x61, 0x32, 0x07, 0x50, 0xdf, 0x77, 0x50, 0xd1, 0x61, 0x69, 0x01,
  0x50, 0x8d, 0x50, 0x11, 0x7f, 0x72, 0x50, 0xd2, 0x62, 0x50, 0xb6, 0x61, 0xc9, 0x05, 0x50, 0x8e,
  0x70, 0x50, 0x11, 0x62, 0x79, 0x50, 0x8d, 0x50, 0x11, 0x7d, 0x50, 0xd3, 0x62, 0x71, 0x50, 0xa2,
  0x70, 0x50, 0x15, 0x62, 0x76, 0x50, 0xa3, 0x70, 0x50, 0x15, 0x76, 0x50, 0xd4, 0x61, 0xdc, 0x02,
  0x50, 0x8c, 0x70, 0x50, 0x11, 0x75, 0x50, 0xa4, 0x70, 0x50, 0x15, 0x62, 0x76, 0x50, 0xa5, 0x50,
  0x15, 0x62, 0x79, 0x50, 0xa6, 0x50, 0x15, 0x76, 0x50, 0xd5, 0x61, 0xde, 0x02, 0x50, 0x8b, 0x50,
  0x11, 0x75, 0x50, 0xa7, 0x70, 0x50, 0x15, 0x62, 0x72, 0x50, 0x8c, 0x70, 0x50, 0x11, 0x75, 0x50,
  0xa6, 0x70, 0x50, 0x15, 0x61, 0x70, 0x01, 0x50, 0xe4, 0x70, 0x50, 0xdf, 0x77, 0x50, 0xf1, 0x70,
  0x50, 0xe5, 0x61, 0x6b, 0x01, 0x50, 0xa5, 0x70, 0x50, 0x15, 0x62, 0x78, 0x50, 0xa4, 0x70, 0x50,
  0x15, 0x76, 0x50, 0xff, 0x61, 0xdd, 0x02, 0x50, 0x8d, 0x70, 0x50, 0x11, 0x75, 0x50, 0xa3, 0x50,
  0x15, 0x76, 0x50, 0xf4, 0x62, 0x50, 0xa2, 0x70, 0x50, 0x15, 0x62, 0x79, 0x50, 0xa3, 0x70, 0x50,
  0x15, 0x75, 0x50, 0xf5, 0x61, 0xde, 0x02, 0x50, 0x8e, 0x50, 0x11, 0x75, 0x50, 0xa4, 0x70, 0x50,
  0x15, 0x62, 0x72, 0x50, 0x8d, 0x70, 0x50, 0x11, 0x75, 0x50, 0xa5, 0x50, 0x15, 0x62, 0x76, 0x50,
  0xa6, 0x70, 0x50, 0x15, 0x75, 0x50, 0xf6, 0x62, 0x73, 0x50, 0xa7, 0x70, 0x50, 0x15, 0x62, 0x73,
  0x50, 0x8c, 0x70, 0x50, 0x11, 0x76, 0x50, 0xa6, 0x70, 0x50, 0x15, 0x62, 0x75, 0x50, 0xa5, 0x70,
  0x50, 0x15, 0x79, 0x50, 0xf7, 0x61, 0xde, 0x02, 0x50, 0xa4, 0x70, 0x50, 0x15, 0x75, 0x50, 0xff,
  0x77, 0x50, 0xd1, 0x71, 0x50, 0xc8, 0x70, 0x50, 0x3f, 0x75, 0x50, 0xd2, 0x61, 0xcd, 0x02, 0x50,
  0x8b, 0x70, 0x50, 0x11, 0x75, 0x50, 0xa3, 0x50, 0x15, 0x62, 0x72, 0x50, 0x8c, 0x70, 0x50, 0x11,
  0x75, 0x50, 0xa2, 0x70, 0x50, 0x15, 0x62, 0x76, 0x50, 0xa3, 0x70, 0x50, 0x15, 0x62, 0x78, 0x50,
  0xa4, 0x50, 0x15, 0x7b, 0x50, 0xd3, 0x61, 0xd8, 0x02, 0x50, 0x8d, 0x70, 0x50, 0x11, 0x75, 0x50,
  0xa5, 0x70, 0x50, 0x15, 0x62, 0x76, 0x50, 0xa6, 0x70, 0x50, 0x15, 0x7a, 0x50, 0xd4, 0x61, 0xdd,
  0x02, 0x50, 0xa7, 0x70, 0x50, 0x15, 0x62, 0x74, 0x50, 0x8e, 0x50, 0x11, 0x76, 0x50, 0xa6, 0x70,
  0x50, 0x15, 0x62, 0x71, 0x50, 0x8d, 0x70, 0x50, 0x11, 0x75, 0x50, 0xa5, 0x70, 0x50, 0x15, 0x7b,
  0x50, 0xd5, 0x61, 0xd9, 0x02, 0x50, 0xa4, 0x70, 0x50, 0x15, 0x62, 0x74, 0x50, 0x97, 0x7b, 0x50,
  0xb8, 0x74, 0x50, 0xa3, 0x70, 0x50, 0x15, 0x73, 0x50, 0xb9, 0x61, 0xd6, 0x02, 0x50, 0x92, 0x71,
  0x50, 0x8b, 0x70, 0x50, 0x1a, 0x76, 0x50, 0x8c, 0x50, 0x1a, 0x75, 0x50, 0x93, 0x78, 0x50, 0xb2,
  0x71, 0x50, 0xad, 0x70, 0x50, 0x1f, 0x77, 0x50, 0xdf, 0x77, 0x50, 0xd0, 0x72, 0x50, 0xc9, 0x70,
  0x50, 0x38, 0x61, 0xb9, 0x02, 0x50, 0x94, 0x76, 0x50, 0xb3, 0x77, 0x50, 0xdf, 0x62, 0x79, 0x50,
  0xd2, 0x61, 0xd7, 0x02, 0x50, 0x8b, 0x70, 0x50, 0x1a, 0x62, 0x78, 0x50, 0x8a, 0x70, 0x50, 0x1a,
  0x7f, 0x76, 0x50, 0xd3, 0x61, 0xdb, 0x02, 0x50, 0xb4, 0x62, 0x70, 0x50, 0x89, 0x70, 0x50, 0x1a,
  0x7f, 0x75, 0x50, 0xd4, 0x61, 0xbb, 0x05, 0x50, 0x88, 0x50, 0x1a, 0x62, 0x79, 0x50, 0x89, 0x70,
  0x50, 0x1a, 0x73, 0x50, 0x95, 0x76, 0x50, 0xb5, 0x75, 0x50, 0xd5, 0x61, 0xc0, 0x05, 0x50, 0x8a,
  0x70, 0x50, 0x1a, 0x61, 0x7a, 0x01, 0x50, 0xd0, 0x61, 0x57, 0x04, 0x50, 0x8b, 0x70, 0x50, 0x1a,
  0x7a, 0x50, 0xb6, 0x76, 0x50, 0xdf, 0x61, 0xd6, 0x02, 0x50, 0x8c, 0x70, 0x50, 0x1a, 0x7f, 0x71,
  0x50, 0xd2, 0x61, 0xcc, 0x05, 0x50, 0xd3, 0x61, 0xdd, 0x02, 0x50, 0x8b, 0x50, 0x1a, 0x78, 0x50,
  0xac, 0x50, 0x1f, 0x62, 0x70, 0x50, 0x8a, 0x50, 0x1a, 0x76, 0x50, 0xad, 0x50, 0x1f, 0x76, 0x50,
  0xd4, 0x62, 0x50, 0xae, 0x70, 0x50, 0x1f, 0x62, 0x74, 0x50, 0x89, 0x70, 0x50, 0x1a, 0x74, 0x50,
  0xa0, 0x70, 0x50, 0x20, 0x62, 0x76, 0x50, 0xa1, 0x70, 0x50, 0x20, 0x76, 0x50, 0xd5, 0x61, 0xdd,
  0x02, 0x50, 0x88, 0x70, 0x50, 0x1a, 0x75, 0x50, 0xa2, 0x50, 0x20, 0x61, 0x6e, 0x01, 0x50, 0x97,
  0x75, 0x50, 0xb8, 0x61, 0x6f, 0x01, 0x50, 0x89, 0x70, 0x50, 0x1a, 0x79, 0x50, 0xa1, 0x50, 0x20,
  0x74, 0x50, 0xb9, 0x61, 0x67, 0x01, 0x50, 0x92, 0x71, 0x50, 0x8c, 0x70, 0x50, 0x17, 0x78, 0x50,
  0xb2, 0x71, 0x50, 0xa5, 0x70, 0x50, 0x1c, 0x74, 0x50, 0xe4, 0x70, 0x50, 0xdf, 0x77, 0x50, 0xf1,
  0x70, 0x50, 0xe5, 0x61, 0x56, 0x01, 0x50, 0x8d, 0x70, 0x50, 0x17, 0x74, 0x50, 0x93, 0x62, 0x73,
  0x50, 0x94, 0x76, 0x50, 0xb3, 0x75, 0x50, 0xff, 0x62, 0x79, 0x50, 0xf4, 0x61, 0xda, 0x02, 0x50,
  0x8c, 0x50, 0x17, 0x62, 0x79, 0x50, 0x8b, 0x70, 0x50, 0x17, 0x7f, 0x74, 0x50, 0xf5, 0x61, 0xdd,
  0x02, 0x50, 0xb4, 0x62, 0x50, 0x8a, 0x70, 0x50, 0x17, 0x61, 0xfc, 0x02, 0x50, 0xf6, 0x61, 0xd6,
  0x02, 0x50, 0x89, 0x50, 0x17, 0x62, 0x79, 0x50, 0x8a, 0x70, 0x50, 0x17, 0x74, 0x50, 0x95, 0x76,
  0x50, 0xb5, 0x61, 0xf0, 0x02, 0x50, 0xf7, 0x61, 0xd5, 0x02, 0x50, 0x8b, 0x70, 0x50, 0x17, 0x7f,
  0x73, 0x50, 0xf1, 0x70, 0x50, 0xe5, 0x62, 0x74, 0x50, 0xff, 0x61, 0xd8, 0x02, 0x50, 0x8c, 0x70,
  0x50, 0x17, 0x7b, 0x50, 0xb6, 0x75, 0x50, 0xf4, 0x61, 0xd6, 0x02, 0x50, 0x8d, 0x70, 0x50, 0x17,
  0x61, 0xf8, 0x02, 0x50, 0xf5, 0x61, 0xc3, 0x05, 0x50, 0x8c, 0x70, 0x50, 0x17, 0x77, 0x50, 0xa4,
  0x70, 0x50, 0x1c, 0x62, 0x50, 0x8b, 0x70, 0x50, 0x17, 0x75, 0x50, 0xa5, 0x70, 0x50, 0x1c, 0x79,
  0x50, 0xf6, 0x61, 0xdb, 0x02, 0x50, 0xa6, 0x70, 0x50, 0x1c, 0x62, 0x74, 0x50, 0x8a, 0x70, 0x50,
  0x17, 0x75, 0x50, 0xa7, 0x70, 0x50, 0x1c, 0x62, 0x76, 0x50, 0xa9, 0x50, 0x1c, 0x7a, 0x50, 0xf7,
  0x61, 0xd9, 0x02, 0x50, 0x97, 0x73, 0x50, 0x89, 0x70, 0x50, 0x17, 0x79, 0x50, 0xb8, 0x74, 0x50,
  0xaa, 0x50, 0x1c, 0x74, 0x50, 0xb9, 0x61, 0xd4, 0x02, 0x50, 0x92, 0x72, 0x50, 0x80, 0x70, 0x50,
  0x14, 0x79, 0x50, 0x93, 0x78, 0x50, 0xb2, 0x72, 0x50, 0xad, 0x50, 0x17, 0x7a, 0x50, 0xff, 0x76,
  0x50, 0xd0, 0x71, 0x50, 0xc6, 0x70, 0x50, 0x35, 0x61, 0xb6, 0x02, 0x50, 0x81, 0x70, 0x50, 0x14,
  0x74, 0x50, 0x94, 0x76, 0x50, 0xb3, 0x76, 0x50, 0xdf, 0x61, 0xd6, 0x02, 0x50, 0x80, 0x70, 0x50,
  0x14, 0x7f, 0x72, 0x50, 0xd2, 0x61, 0xcd, 0x05, 0x50, 0xd3, 0x61, 0xd9, 0x02, 0x50, 0x8f, 0x70,
  0x50, 0x13, 0x7a, 0x50, 0xb4, 0x62, 0x7e, 0x50, 0xd4, 0x61, 0xd9, 0x02, 0x50, 0x8e, 0x70, 0x50,
  0x13, 0x61, 0xd4, 0x05, 0x50, 0x95, 0x76, 0x50, 0xb5, 0x75, 0x50, 0xd5, 0x61, 0xd9, 0x02, 0x50,
  0x8f, 0x70, 0x50, 0x13, 0x61, 0x60, 0x04, 0x50, 0xdf, 0x77, 0x50, 0xd1, 0x61, 0x69, 0x01, 0x50,
  0x80, 0x70, 0x50, 0x14, 0x7f, 0x71, 0x50, 0xd2, 0x62, 0x70, 0x50, 0xb6, 0x61, 0xc9, 0x05, 0x50,
  0x81, 0x50, 0x14, 0x62, 0x79, 0x50, 0x80, 0x70, 0x50, 0x14, 0x7d, 0x50, 0xd3, 0x62, 0x71, 0x50,
  0xac, 0x50, 0x17, 0x62, 0x77, 0x50, 0xad, 0x50, 0x17, 0x76, 0x50, 0xd4, 0x61, 0xdd, 0x02, 0x50,
  0x8f, 0x70, 0x50, 0x13, 0x75, 0x50, 0xae, 0x50, 0x17, 0x62, 0x76, 0x50, 0xaf, 0x70, 0x50, 0x17,
  0x62, 0x74, 0x50, 0x8e, 0x70, 0x50, 0x13, 0x75, 0x50, 0xa0, 0x70, 0x50, 0x18, 0x76, 0x50, 0xd5,
  0x62, 0x50, 0xa1, 0x50, 0x18, 0x62, 0x7a, 0x50, 0xa0, 0x50, 0x18, 0x61, 0x73, 0x01, 0x50, 0xe4,
  0x70, 0x50, 0xdf, 0x76, 0x50, 0xf1, 0x70, 0x50, 0xe5, 0x61, 0x68, 0x01, 0x50, 0x8f, 0x70, 0x50,
  0x13, 0x75, 0x50, 0xaf, 0x70, 0x50, 0x17, 0x62, 0x76, 0x50, 0xae, 0x70, 0x50, 0x17, 0x76, 0x50,
  0xff, 0x61, 0xdc, 0x02, 0x50, 0x80, 0x70, 0x50, 0x14, 0x75, 0x50, 0xad, 0x70, 0x50, 0x17, 0x76,
  0x50, 0xf4, 0x62, 0x50, 0xac, 0x70, 0x50, 0x17, 0x79, 0x50, 0xf5, 0x62, 0x50, 0xad, 0x50, 0x17,
  0x62, 0x74, 0x50, 0x81, 0x70, 0x50, 0x14, 0x75, 0x50, 0xae, 0x50, 0x17, 0x62, 0x72, 0x50, 0x80,
  0x70, 0x50, 0x14, 0x75, 0x50, 0xaf, 0x70, 0x50, 0x17, 0x79, 0x50, 0xf6, 0x61, 0xdb, 0x02, 0x50,
  0xa0, 0x70, 0x50, 0x18, 0x62, 0x79, 0x50, 0xa1, 0x50, 0x18, 0x62, 0x74, 0x50, 0x8f, 0x70, 0x50,
  0x13, 0x76, 0x50, 0xa0, 0x50, 0x18, 0x7a, 0x50, 0xf7, 0x61, 0xd6, 0x02, 0x50, 0x97, 0x7c, 0x50,
  0xb8, 0x73, 0x50, 0xaf, 0x70, 0x50, 0x17, 0x73, 0x50, 0xb9, 0x61, 0xd6, 0x02, 0x50, 0x92, 0x71,
  0x50, 0x83, 0x70, 0x50, 0x15, 0x79, 0x50, 0x93, 0x78, 0x50, 0xb2, 0x71, 0x50, 0xab, 0x70, 0x50,
  0x1a, 0x78, 0x50, 0xff, 0x77, 0x50, 0xd1, 0x72, 0x50, 0xc9, 0x50, 0x38, 0x76, 0x50, 0xd2, 0x61,
  0xb3, 0x02, 0x50, 0x84, 0x50, 0x15, 0x74, 0x50, 0x94, 0x76, 0x50, 0xb3, 0x61, 0xdd, 0x02, 0x50,
  0x83, 0x70, 0x50, 0x15, 0x61, 0xe6, 0x05, 0x50, 0xd3, 0x61, 0xd4, 0x02, 0x50, 0x96, 0x73, 0x50,
  0x82, 0x70, 0x50, 0x15, 0x79, 0x50, 0xb6, 0x61, 0xdb, 0x02, 0x50, 0x99, 0x7c, 0x50, 0xb9, 0x7f,
  0x70, 0x50, 0xd4, 0x61, 0xca, 0x02, 0x50, 0x81, 0x70, 0x50, 0x15, 0x73, 0x50, 0x9a, 0x61, 0xe3,
  0x05, 0x50, 0xd5, 0x61, 0xd4, 0x02, 0x50, 0x82, 0x50, 0x15, 0x61, 0x7b, 0x01, 0x50, 0x9c, 0x75,
  0x50, 0xbb, 0x61, 0x6a, 0x01, 0x50, 0x9d, 0x61, 0x75, 0x01, 0x50, 0x92, 0x71, 0x50, 0x83, 0x70,
  0x50, 0x15, 0x78, 0x50, 0xb2, 0x77, 0x50, 0xdf, 0x77, 0x50, 0xd0, 0x71, 0x50, 0xc8, 0x70, 0x50,
  0x3f, 0x61, 0x5a, 0x01, 0x50, 0x93, 0x62, 0x71, 0x50, 0x84, 0x70, 0x50, 0x15, 0x74, 0x50, 0x94,
  0x75, 0x50, 0xb3, 0x77, 0x50, 0xdf, 0x61, 0xd6, 0x02, 0x50, 0x83, 0x70, 0x50, 0x15, 0x7f, 0x70,
  0x50, 0xd2, 0x61, 0xcf, 0x05, 0x50, 0xd3, 0x61, 0xda, 0x02, 0x50, 0x82, 0x70, 0x50, 0x15, 0x7a,
  0x50, 0xb4, 0x62, 0x7d, 0x50, 0xd4, 0x61, 0xd9, 0x02, 0x50, 0x81, 0x70, 0x50, 0x15, 0x61, 0xd5,
  0x05, 0x50, 0x95, 0x75, 0x50, 0xb5, 0x76, 0x50, 0xd5, 0x61, 0xd8, 0x02, 0x50, 0x82, 0x70, 0x50,
  0x15, 0x61, 0x64, 0x04, 0x50, 0xd0, 0x61, 0x6e, 0x01, 0x50, 0x83, 0x50, 0x15, 0x61, 0xf2, 0x02,
  0x50, 0xb6, 0x76, 0x50, 0xdf, 0x62, 0x79, 0x50, 0xd2, 0x61, 0xd9, 0x02, 0x50, 0x84, 0x70, 0x50,
  0x15, 0x62, 0x79, 0x50, 0x83, 0x50, 0x15, 0x7d, 0x50, 0xd3, 0x62, 0x71, 0x50, 0xaa, 0x70, 0x50,
  0x1a, 0x62, 0x76, 0x50, 0xab, 0x70, 0x50, 0x1a, 0x76, 0x50, 0xd4, 0x61, 0xdd, 0x02, 0x50, 0x82,
  0x70, 0x50, 0x15, 0x75, 0x50, 0xac, 0x70, 0x50, 0x1a, 0x62, 0x76, 0x50, 0xad, 0x50, 0x1a, 0x62,
  0x74, 0x50, 0x81, 0x70, 0x50, 0x15, 0x75, 0x50, 0xae, 0x70, 0x50, 0x1a, 0x7b, 0x50, 0xd5, 0x61,
  0xda, 0x02, 0x50, 0xa0, 0x70, 0x50, 0x1b, 0x62, 0x79, 0x50, 0xae, 0x70, 0x50, 0x1a, 0x74, 0x50,
  0xe4, 0x70, 0x50, 0xdf, 0x77, 0x50, 0xf1, 0x70, 0x50, 0xe5, 0x61, 0xd4, 0x02, 0x50, 0x82, 0x50,
  0x15, 0x75, 0x50, 0xad, 0x70, 0x50, 0x1a, 0x77, 0x50, 0xff, 0x61, 0xde, 0x02, 0x50, 0xac, 0x70,
  0x50, 0x1a, 0x76, 0x50, 0xf4, 0x61, 0xdd, 0x02, 0x50, 0x83, 0x70, 0x50, 0x15, 0x75, 0x50, 0xab,
  0x50, 0x1a, 0x62, 0x76, 0x50, 0xaa, 0x70, 0x50, 0x1a, 0x79, 0x50, 0xf5, 0x62, 0x50, 0xab, 0x70,
  0x50, 0x1a, 0x62, 0x73, 0x50, 0x84, 0x70, 0x50, 0x15, 0x75, 0x50, 0xac, 0x70, 0x50, 0x1a, 0x62,
  0x72, 0x50, 0x83, 0x50, 0x15, 0x76, 0x50, 0xad, 0x50, 0x1a, 0x7a, 0x50, 0xf6, 0x61, 0xdb, 0x02,
  0x50, 0xae, 0x70, 0x50, 0x1a, 0x62, 0x78, 0x50, 0xa0, 0x70, 0x50, 0x1b, 0x62, 0x74, 0x50, 0x82,
  0x50, 0x15, 0x76, 0x50, 0xae, 0x70, 0x50, 0x1a, 0x79, 0x50, 0xf7, 0x61, 0xdb, 0x02, 0x50, 0xad,
  0x70, 0x50, 0x1a, 0x62, 0x74, 0x50, 0x81, 0x70, 0x50, 0x15, 0x75, 0x50, 0xac, 0x50, 0x1a, 0x78,
  0x50, 0xf1, 0x70, 0x50, 0xe5, 0x61, 0xdc, 0x02, 0x50, 0xab, 0x70, 0x50, 0x1a, 0x77, 0x50, 0xff,
  0x62, 0x71, 0x50, 0xaa, 0x70, 0x50, 0x1a, 0x76, 0x50, 0xf4, 0x61, 0xdc, 0x02, 0x50, 0x82, 0x70,
  0x50, 0x15, 0x76, 0x50, 0xab, 0x50, 0x1a, 0x62, 0x76, 0x50, 0xac, 0x50, 0x1a, 0x7a, 0x50, 0xf5,
  0x61, 0xd9, 0x02, 0x50, 0x83, 0x70, 0x50, 0x15, 0x75, 0x50, 0xad, 0x70, 0x50, 0x1a, 0x62, 0x77,
  0x50, 0xae, 0x70, 0x50, 0x1a, 0x62, 0x76, 0x50, 0xa0, 0x70, 0x50, 0x1b, 0x75, 0x50, 0xf6, 0x61,
  0xde, 0x02, 0x50, 0x84, 0x70, 0x50, 0x15, 0x75, 0x50, 0xae, 0x70, 0x50, 0x1a, 0x62, 0x72, 0x50,
  0x83, 0x70, 0x50, 0x15, 0x74, 0x50, 0xad, 0x70, 0x50, 0x1a, 0x62, 0x76, 0x50, 0xac, 0x50, 0x1a,
  0x76, 0x50, 0xf7, 0x62, 0x72, 0x50, 0xab, 0x50, 0x1a, 0x61, 0x76, 0x01, 0x50, 0xff, 0x76, 0x50,
  0xd0, 0x71, 0x50, 0xc6, 0x70, 0x50, 0x35, 0x61, 0x65, 0x01, 0x50, 0x82, 0x70, 0x50, 0x15, 0x74,
  0x50, 0xaa, 0x70, 0x50, 0x1a, 0x62, 0x76, 0x50, 0xab, 0x70, 0x50, 0x1a, 0x77, 0x50, 0xdf, 0x61,
  0xdc, 0x02, 0x50, 0x81, 0x70, 0x50, 0x15, 0x74, 0x50, 0xac, 0x70, 0x50, 0x1a, 0x76, 0x50, 0xd2,
  0x62, 0x50, 0xad, 0x70, 0x50, 0x1a, 0x62, 0x79, 0x50, 0xae, 0x50, 0x1a, 0x76, 0x50, 0xd3, 0x61,
  0xdd, 0x02, 0x50, 0x82, 0x70, 0x50, 0x15, 0x75, 0x50, 0xa0, 0x70, 0x50, 0x1b, 0x62, 0x76, 0x50,
  0xae, 0x70, 0x50, 0x1a, 0x76, 0x50, 0xd4, 0x61, 0xdc, 0x02, 0x50, 0x83, 0x70, 0x50, 0x15, 0x75,
  0x50, 0xad, 0x70, 0x50, 0x1a, 0x62, 0x76, 0x50, 0xac, 0x50, 0x1a, 0x62, 0x79, 0x50, 0xab, 0x50,
  0x1a, 0x76, 0x50, 0xd5, 0x61, 0xde, 0x02, 0x50, 0x84, 0x70, 0x50, 0x15, 0x74, 0x50, 0xaa, 0x70,
  0x50, 0x1a, 0x62, 0x72, 0x50, 0x83, 0x70, 0x50, 0x15, 0x75, 0x50, 0xab, 0x70, 0x50, 0x1a, 0x61,
  0x70, 0x01, 0x50, 0xdf, 0x77, 0x50, 0xd1, 0x61, 0x6d, 0x01, 0x50, 0xac, 0x70, 0x50, 0x1a, 0x77,
  0x50, 0xd2, 0x62, 0x70, 0x50, 0xad, 0x70, 0x50, 0x1a, 0x62, 0x74, 0x50, 0x82, 0x70, 0x50, 0x15,
  0x75, 0x50, 0xae, 0x70, 0x50, 0x1a, 0x62, 0x76, 0x50, 0xa0, 0x70, 0x50, 0x1b, 0x7b, 0x50, 0xd3,
  0x61, 0xd8, 0x02, 0x50, 0x81, 0x70, 0x50, 0x15, 0x75, 0x50, 0xae, 0x70, 0x50, 0x1a, 0x62, 0x76,
  0x50, 0xad, 0x50, 0x1a, 0x7b, 0x50, 0xd4, 0x61, 0xdd, 0x02, 0x50, 0xac, 0x70, 0x50, 0x1a, 0x62,
  0x73, 0x50, 0x82, 0x70, 0x50, 0x15, 0x75, 0x50, 0xab, 0x70, 0x50, 0x1a, 0x62, 0x76, 0x50, 0xaa,
  0x70, 0x50, 0x1a, 0x7a, 0x50, 0xd5, 0x61, 0xd9, 0x02, 0x50, 0x83, 0x50, 0x15, 0x76, 0x50, 0xab,
  0x70, 0x50, 0x1a, 0x62, 0x75, 0x50, 0xac, 0x70, 0x50, 0x1a, 0x62, 0x78, 0x50, 0xad, 0x70, 0x50,
  0x1a, 0x75, 0x50, 0xe4, 0x70, 0x50, 0xdf, 0x76, 0x50, 0xf1, 0x70, 0x50, 0xe5, 0x61, 0xd5, 0x02,
  0x50, 0x84, 0x70, 0x50, 0x15, 0x75, 0x50, 0xae, 0x70, 0x50, 0x1a, 0x76, 0x50, 0xff, 0x61, 0xda,
  0x02, 0x50, 0x83, 0x70, 0x50, 0x15, 0x75, 0x50, 0xa0, 0x70, 0x50, 0x1b, 0x76, 0x50, 0xf4, 0x62,
  0x50, 0xae, 0x70, 0x50, 0x1a, 0x62, 0x78, 0x50, 0xad, 0x50, 0x1a, 0x7a, 0x50, 0xf5, 0x61, 0xd9,
  0x02, 0x50, 0x82, 0x70, 0x50, 0x15, 0x75, 0x50, 0xac, 0x70, 0x50, 0x1a, 0x62, 0x76, 0x50, 0xab,
  0x70, 0x50, 0x1a, 0x62, 0x74, 0x50, 0x81, 0x50, 0x15, 0x75, 0x50, 0xaa, 0x70, 0x50, 0x1a, 0x7a,
  0x50, 0xf6, 0x61, 0xdc, 0x02, 0x50, 0xab, 0x70, 0x50, 0x1a, 0x62, 0x78, 0x50, 0xac, 0x70, 0x50,
  0x1a, 0x62, 0x73, 0x50, 0x82, 0x70, 0x50, 0x15, 0x75, 0x50, 0xad, 0x70, 0x50, 0x1a, 0x79, 0x50,
  0xf7, 0x61, 0xdb, 0x02, 0x50, 0xae, 0x70, 0x50, 0x1a, 0x62, 0x74, 0x50, 0x83, 0x70, 0x50, 0x15,
  0x75, 0x50, 0xa0, 0x70, 0x50, 0x1b, 0x75, 0x50, 0xff, 0x76, 0x50, 0xd1, 0x72, 0x50, 0xc9, 0x50,
  0x2f, 0x76, 0x50, 0xd2, 0x61, 0xcf, 0x02, 0x50, 0xae, 0x70, 0x50, 0x1a, 0x62, 0x77, 0x50, 0xad,
  0x70, 0x50, 0x1a, 0x62, 0x74, 0x50, 0x84, 0x70, 0x50, 0x15, 0x75, 0x50, 0xac, 0x50, 0x1a, 0x62,
  0x73, 0x50, 0x83, 0x50, 0x15, 0x75, 0x50, 0xab, 0x70, 0x50, 0x1a, 0x76, 0x50, 0xd3, 0x61, 0xde,
  0x02, 0x50, 0xaa, 0x70, 0x50, 0x1a, 0x62, 0x79, 0x50, 0xab, 0x70, 0x50, 0x1a, 0x76, 0x50, 0xd4,
  0x61, 0xdd, 0x02, 0x50, 0x82, 0x50, 0x15, 0x75, 0x50, 0xac, 0x70, 0x50, 0x1a, 0x62, 0x76, 0x50,
  0xad, 0x50, 0x1a, 0x62, 0x75, 0x50, 0x81, 0x70, 0x50, 0x15, 0x74, 0x50, 0xae, 0x70, 0x50, 0x1a,
  0x76, 0x50, 0xd5, 0x62, 0x50, 0xa0, 0x70, 0x50, 0x1b, 0x61, 0x70, 0x01, 0x50, 0x97, 0x75, 0x50,
  0xb8, 0x61, 0x77, 0x01, 0x50, 0xae, 0x70, 0x50, 0x1a, 0x73, 0x50, 0xb9, 0x61, 0x6a, 0x01, 0x50,
  0x92, 0x71, 0x50, 0x83, 0x70, 0x50, 0x15, 0x77, 0x50, 0xb2, 0x72, 0x50, 0xad, 0x50, 0x11, 0x75,
  0x50, 0xdf, 0x77, 0x50, 0xd0, 0x71, 0x50, 0xc6, 0x70, 0x50, 0x2a, 0x61, 0x58, 0x01, 0x50, 0x93,
  0x62, 0x73, 0x50, 0x84, 0x70, 0x50, 0x15, 0x73, 0x50, 0x94, 0x76, 0x50, 0xb3, 0x76, 0x50, 0xdf,
  0x61, 0xd7, 0x02, 0x50, 0x83, 0x70, 0x50, 0x15, 0x7f, 0x70, 0x50, 0xd2, 0x61, 0xcf, 0x05, 0x50,
  0xd3, 0x61, 0xda, 0x02, 0x50, 0x82, 0x50, 0x15, 0x7a, 0x50, 0xb4, 0x62, 0x7d, 0x50, 0xd4, 0x61,
  0xda, 0x02, 0x50, 0x81, 0x70, 0x50, 0x15, 0x61, 0xd4, 0x05, 0x50, 0x95, 0x76, 0x50, 0xb5, 0x75,
  0x50, 0xd5, 0x61, 0xd9, 0x02, 0x50, 0x82, 0x70, 0x50, 0x15, 0x61, 0xfb, 0x02, 0x50, 0xd0, 0x61,
  0xd7, 0x02, 0x50, 0x83, 0x70, 0x50, 0x15, 0x7f, 0x72, 0x50, 0xdf, 0x62, 0x50, 0xb6, 0x76, 0x50,
  0xd2, 0x61, 0xc1, 0x05, 0x50, 0x84, 0x70, 0x50, 0x15, 0x7f, 0x72, 0x50, 0xd3, 0x61, 0xd6, 0x02,
  0x50, 0x83, 0x70, 0x50, 0x15, 0x62, 0x7f, 0x50, 0xac, 0x50, 0x11, 0x7b, 0x50, 0xd4, 0x61, 0xdb,
  0x02, 0x50, 0xad, 0x50, 0x11, 0x62, 0x74, 0x50, 0x82, 0x50, 0x15, 0x76, 0x50, 0xae, 0x50, 0x11,
  0x62, 0x76, 0x50, 0xaf, 0x70, 0x50, 0x11, 0x7b, 0x50, 0xd5, 0x61, 0xd8, 0x02, 0x50, 0x81, 0x70,
  0x50, 0x15, 0x62, 0x78, 0x50, 0x97, 0x7c, 0x50, 0xb8, 0x73, 0x50, 0xa0, 0x70, 0x50, 0x12, 0x73,
  0x50, 0xb9, 0x61, 0xd6, 0x02, 0x50, 0x92, 0x71, 0x50, 0x80, 0x70, 0x50, 0x14, 0x79, 0x50, 0x93,
  0x77, 0x50, 0xb2, 0x72, 0x50, 0xae, 0x50, 0x0f, 0x7b, 0x50, 0xe4, 0x70, 0x50, 0xdf, 0x76, 0x50,
  0xf1, 0x70, 0x50, 0xe5, 0x61, 0xb9, 0x02, 0x50, 0x81, 0x70, 0x50, 0x14, 0x73, 0x50, 0x94, 0x76,
  0x50, 0xb3, 0x76, 0x50, 0xff, 0x61, 0xd7, 0x02, 0x50, 0x80, 0x70, 0x50, 0x14, 0x7f, 0x71, 0x50,
  0xf4, 0x61, 0xd2, 0x05, 0x50, 0xf5, 0x61, 0xd6, 0x02, 0x50, 0x8f, 0x70, 0x50, 0x13, 0x7a, 0x50,
  0xb4, 0x62, 0x7e, 0x50, 0xf1, 0x71, 0x50, 0xe5, 0x61, 0xd6, 0x02, 0x50, 0x8e, 0x70, 0x50, 0x13,
  0x7f, 0x71, 0x50, 0xff, 0x62, 0x76, 0x50, 0xf4, 0x61, 0xdc, 0x02, 0x50, 0x95, 0x76, 0x50, 0xb5,
  0x62, 0x50, 0x8f, 0x70, 0x50, 0x13, 0x7f, 0x50, 0xf5, 0x61, 0x55, 0x04, 0x50, 0xf1, 0x70, 0x50,
  0xe5, 0x61, 0x6b, 0x01, 0x50, 0x80, 0x70, 0x50, 0x14, 0x61, 0xf1, 0x02, 0x50, 0xb6, 0x76, 0x50,
  0xff, 0x62, 0x79, 0x50, 0xf4, 0x61, 0xd9, 0x02, 0x50, 0x81, 0x70, 0x50, 0x14, 0x62, 0x79, 0x50,
  0x80, 0x70, 0x50, 0x14, 0x7c, 0x50, 0xf5, 0x62, 0x71, 0x50, 0xad, 0x70, 0x50, 0x0f, 0x62, 0x76,
  0x50, 0xae, 0x70, 0x50, 0x0f, 0x62, 0x74, 0x50, 0x8f, 0x70, 0x50, 0x13, 0x74, 0x50, 0xaf, 0x70,
  0x50, 0x0f, 0x75, 0x50, 0xf6, 0x61, 0xc5, 0x05, 0x50, 0x8e, 0x70, 0x50, 0x13, 0x75, 0x50, 0xa0,
  0x50, 0x10, 0x62, 0x76, 0x50, 0xa1, 0x70, 0x50, 0x10, 0x75, 0x50, 0xf7, 0x61, 0x6a, 0x01, 0x50,
  0x97, 0x75, 0x50, 0xb8, 0x61, 0x77, 0x01, 0x50, 0xa0, 0x70, 0x50, 0x10, 0x73, 0x50, 0xb9, 0x61,
  0x6a, 0x01, 0x50, 0x92, 0x71, 0x50, 0x8c, 0x70, 0x50, 0x17, 0x78, 0x50, 0xb2, 0x71, 0x50, 0xa0,
  0x70, 0x50, 0x14, 0x75, 0x50, 0xff, 0x76, 0x50, 0xd0, 0x71, 0x50, 0xc9, 0x70, 0x50, 0x2f, 0x61,
  0x55, 0x01, 0x50, 0x8d, 0x70, 0x50, 0x17, 0x74, 0x50, 0x93, 0x62, 0x73, 0x50, 0x94, 0x76, 0x50,
  0xb3, 0x76, 0x50, 0xdf, 0x62, 0x79, 0x50, 0xd2, 0x61, 0xd9, 0x02, 0x50, 0x8c, 0x50, 0x17, 0x62,
  0x79, 0x50, 0x8b, 0x70, 0x50, 0x17, 0x7f, 0x70, 0x50, 0xd3, 0x62, 0x70, 0x50, 0xb4, 0x62, 0x71,
  0x50, 0x8a, 0x50, 0x17, 0x7f, 0x76, 0x50, 0xd4, 0x61, 0xbb, 0x05, 0x50, 0x89, 0x70, 0x50, 0x17,
  0x62, 0x78, 0x50, 0x8a, 0x70, 0x50, 0x17, 0x74, 0x50, 0x95, 0x76, 0x50, 0xb5, 0x7a, 0x50, 0xd5,
  0x61, 0xba, 0x05, 0x50, 0x8b, 0x70, 0x50, 0x17, 0x7f, 0x50, 0xdf, 0x77, 0x50, 0xd1, 0x79, 0x50,
  0xd2, 0x61, 0xaf, 0x05, 0x50, 0x8c, 0x70, 0x50, 0x17, 0x7b, 0x50, 0xb6, 0x61, 0xdc, 0x02, 0x50,
  0x8d, 0x70, 0x50, 0x17, 0x61, 0xfa, 0x02, 0x50, 0xd3, 0x61, 0xc1, 0x05, 0x50, 0x8c, 0x70, 0x50,
  0x17, 0x77, 0x50, 0xaf, 0x70, 0x50, 0x13, 0x7b, 0x50, 0xd4, 0x61, 0xd3, 0x02, 0x50, 0x8b, 0x70,
  0x50, 0x17, 0x75, 0x50, 0xa0, 0x70, 0x50, 0x14, 0x62, 0x76, 0x50, 0xa1, 0x50, 0x14, 0x62, 0x74,
  0x50, 0x8a, 0x70, 0x50, 0x17, 0x75, 0x50, 0xa2, 0x70, 0x50, 0x14, 0x7b, 0x50, 0xd5, 0x61, 0xda,
  0x02, 0x50, 0xa3, 0x70, 0x50, 0x14, 0x62, 0x73, 0x50, 0x89, 0x70, 0x50, 0x17, 0x62, 0x79, 0x50,
  0x8a, 0x70, 0x50, 0x17, 0x79, 0x50, 0xe4, 0x71, 0x50, 0xdf, 0x76, 0x50, 0xf1, 0x70, 0x50, 0xe5,
  0x61, 0xd8, 0x02, 0x50, 0xa2, 0x70, 0x50, 0x14, 0x76, 0x50, 0xff, 0x61, 0xdd, 0x02, 0x50, 0x8b,
  0x50, 0x17, 0x76, 0x50, 0xa1, 0x50, 0x14, 0x76, 0x50, 0xf4, 0x62, 0x50, 0xa0, 0x70, 0x50, 0x14,
  0x62, 0x74, 0x50, 0x8c, 0x70, 0x50, 0x17, 0x75, 0x50, 0xaf, 0x70, 0x50, 0x13, 0x79, 0x50, 0xf5,
  0x61, 0xd7, 0x02, 0x50, 0x8d, 0x50, 0x17, 0x76, 0x50, 0xa0, 0x50, 0x14, 0x62, 0x76, 0x50, 0xa1,
  0x50, 0x14, 0x62, 0x79, 0x50, 0xa2, 0x70, 0x50, 0x14, 0x75, 0x50, 0xf6, 0x61, 0xde, 0x02, 0x50,
  0x8c, 0x70, 0x50, 0x17, 0x74, 0x50, 0xa3, 0x70, 0x50, 0x14, 0x62, 0x72, 0x50, 0x8b, 0x70, 0x50,
  0x17, 0x61, 0xf1, 0x02, 0x50, 0xf7, 0x62, 0x70, 0x50, 0x8a, 0x70, 0x50, 0x17, 0x75, 0x50, 0xa2,
  0x70, 0x50, 0x14, 0x61, 0x71, 0x01, 0x50, 0xff, 0x76, 0x50, 0xd1, 0x72, 0x50, 0xc6, 0x70, 0x50,
  0x35, 0x61, 0x69, 0x01, 0x50, 0xa1, 0x70, 0x50, 0x14, 0x77, 0x50, 0xd2, 0x61, 0xdc, 0x02, 0x50,
  0x89, 0x70, 0x50, 0x17, 0x75, 0x50, 0xa0, 0x70, 0x50, 0x14, 0x62, 0x72, 0x50, 0x8a, 0x70, 0x50,
  0x17, 0x75, 0x50, 0xaf, 0x50, 0x13, 0x62, 0x76, 0x50, 0xa0, 0x70, 0x50, 0x14, 0x62, 0x74, 0x50,
  0x8b, 0x70, 0x50, 0x17, 0x74, 0x50, 0xa1, 0x70, 0x50, 0x14, 0x76, 0x50, 0xd3, 0x62, 0x50, 0xa2,
  0x70, 0x50, 0x14, 0x62, 0x74, 0x50, 0x8c, 0x70, 0x50, 0x17, 0x75, 0x50, 0xa3, 0x50, 0x14, 0x76,
  0x50, 0xd4, 0x61, 0xdb, 0x02, 0x50, 0x8d, 0x70, 0x50, 0x17, 0x61, 0xd6, 0x05, 0x50, 0xa2, 0x70,
  0x50, 0x14, 0x76, 0x50, 0xd5, 0x61, 0xdd, 0x02, 0x50, 0x8c, 0x50, 0x17, 0x75, 0x50, 0xa1, 0x70,
  0x50, 0x14, 0x62, 0x72, 0x50, 0x8b, 0x70, 0x50, 0x17, 0x74, 0x50, 0xa0, 0x70, 0x50, 0x14, 0x61,
  0x72, 0x01, 0x50, 0xdf, 0x77, 0x50, 0xd0, 0x71, 0x50, 0xc9, 0x70, 0x50, 0x38, 0x61, 0x69, 0x01,
  0x50, 0xaf, 0x70, 0x50, 0x13, 0x62, 0x74, 0x50, 0x8a, 0x70, 0x50, 0x17, 0x75, 0x50, 0xa0, 0x70,
  0x50, 0x14, 0x77, 0x50, 0xdf, 0x61, 0xde, 0x02, 0x50, 0xa1, 0x70, 0x50, 0x14, 0x77, 0x50, 0xd2,
  0x61, 0xdc, 0x02, 0x50, 0x89, 0x50, 0x17, 0x75, 0x50, 0xa2, 0x70, 0x50, 0x14, 0x7b, 0x50, 0xd3,
  0x61, 0xd6, 0x02, 0x50, 0x8a, 0x70, 0x50, 0x17, 0x75, 0x50, 0xa3, 0x70, 0x50, 0x14, 0x62, 0x7f,
  0x50, 0xd4, 0x61, 0xdb, 0x02, 0x50, 0x8b, 0x70, 0x50, 0x17, 0x62, 0x7c, 0x50, 0xa2, 0x70, 0x50,
  0x14, 0x62, 0x74, 0x50, 0x8c, 0x70, 0x50, 0x17, 0x75, 0x50, 0xa1, 0x70, 0x50, 0x14, 0x7b, 0x50,
  0xd5, 0x61, 0xd5, 0x02, 0x50, 0x8d, 0x70, 0x50, 0x17, 0x75, 0x50, 0xa0, 0x70, 0x50, 0x14, 0x62,
  0x76, 0x50, 0xaf, 0x70, 0x50, 0x13, 0x62, 0x79, 0x50, 0xa0, 0x70, 0x50, 0x14, 0x78, 0x50, 0xd0,
  0x61, 0xda, 0x02, 0x50, 0x8c, 0x70, 0x50, 0x17, 0x75, 0x50, 0xa1, 0x50, 0x14, 0x78, 0x50, 0xdf,
  0x61, 0xd9, 0x02, 0x50, 0x8b, 0x50, 0x17, 0x76, 0x50, 0xa2, 0x50, 0x14, 0x77, 0x50, 0xd2, 0x61,
  0xde, 0x02, 0x50, 0xa3, 0x70, 0x50, 0x14, 0x62, 0x74, 0x50, 0x8a, 0x70, 0x50, 0x17, 0x7f, 0x50,
  0xd3, 0x61, 0xc1, 0x05, 0x50, 0x89, 0x70, 0x50, 0x17, 0x75, 0x50, 0xa2, 0x70, 0x50, 0x14, 0x7a,
  0x50, 0xd4, 0x61, 0xd7, 0x02, 0x50, 0x8a, 0x70, 0x50, 0x17, 0x75, 0x50, 0xa1, 0x70, 0x50, 0x14,
  0x62, 0x75, 0x50, 0xa0, 0x70, 0x50, 0x14, 0x62, 0x74, 0x50, 0x8b, 0x50, 0x17, 0x75, 0x50, 0xaf,
  0x70, 0x50, 0x13, 0x7b, 0x50, 0xd5, 0x61, 0xdb, 0x02, 0x50, 0xa0, 0x50, 0x14, 0x62, 0x74, 0x50,
  0x8c, 0x70, 0x50, 0x17, 0x75, 0x50, 0xa1, 0x50, 0x14, 0x62, 0x72, 0x50, 0x8d, 0x70, 0x50, 0x17,
  0x75, 0x50, 0xa2, 0x70, 0x50, 0x14, 0x74, 0x50, 0xe4, 0x70, 0x50, 0xdf, 0x77, 0x50, 0xf1, 0x70,
  0x50, 0xe5, 0x61, 0xd6, 0x02, 0x50, 0xa3, 0x50, 0x14, 0x76, 0x50, 0xff, 0x62, 0x77, 0x50, 0xf4,
  0x62, 0x70, 0x50, 0x8c, 0x50, 0x17, 0x62, 0x79, 0x50, 0x8b, 0x70, 0x50, 0x17, 0x74, 0x50, 0xa2,
  0x70, 0x50, 0x14, 0x75, 0x50, 0xf5, 0x62, 0x70, 0x50, 0xa1, 0x70, 0x50, 0x14, 0x62, 0x74, 0x50,
  0x8a, 0x70, 0x50, 0x17, 0x75, 0x50, 0xa0, 0x50, 0x14, 0x62, 0x76, 0x50, 0xaf, 0x70, 0x50, 0x13,
  0x75, 0x50, 0xf6, 0x61, 0xde, 0x02, 0x50, 0x89, 0x70, 0x50, 0x17, 0x75, 0x50, 0xa0, 0x70, 0x50,
  0x14, 0x62, 0x72, 0x50, 0x8a, 0x70, 0x50, 0x17, 0x74, 0x50, 0xa1, 0x70, 0x50, 0x14, 0x62, 0x76,
  0x50, 0xa2, 0x50, 0x14, 0x76, 0x50, 0xf7, 0x61, 0x6b, 0x01, 0x50, 0xb8, 0x61, 0x73, 0x01, 0x50,
  0x8b, 0x50, 0x17, 0x75, 0x50, 0xa3, 0x70, 0x50, 0x14, 0x73, 0x50, 0xb9, 0x61, 0x6e, 0x01, 0x50,
  0xb2, 0x72, 0x50, 0xa0, 0x50, 0x14, 0x78, 0x50, 0xf1, 0x70, 0x50, 0xe5, 0x61, 0x4c, 0x04, 0x50,
  0x8c, 0x70, 0x50, 0x17, 0x76, 0x50, 0xb3, 0x75, 0x50, 0xff, 0x61, 0xdb, 0x02, 0x50, 0x8d, 0x70,
  0x50, 0x17, 0x7c, 0x50, 0xf4, 0x61, 0xd0, 0x05, 0x50, 0xf5, 0x61, 0x6b, 0x01, 0x50, 0xb6, 0x61,
  0x72, 0x01, 0x50, 0x8c, 0x70, 0x50, 0x17, 0x61, 0x7a, 0x01, 0x50, 0xb2, 0x71, 0x50, 0xa5, 0x70,
  0x50, 0x0d, 0x61, 0x6c, 0x01, 0x50, 0x8b, 0x50, 0x17, 0x62, 0x7e, 0x50, 0xb3, 0x75, 0x50, 0xf6,
  0x61, 0xde, 0x02, 0x50, 0x8a, 0x50, 0x17, 0x61, 0xd2, 0x05, 0x50, 0x97, 0x74, 0x50, 0x89, 0x50,
  0x17, 0x79, 0x50, 0xb6, 0x7f, 0x50, 0xf7, 0x61, 0xcc, 0x02, 0x50, 0x9a, 0x74, 0x50, 0x8a, 0x70,
  0x50, 0x17, 0x7c, 0x50, 0xb2, 0x71, 0x50, 0xae, 0x70, 0x50, 0x08, 0x78, 0x50, 0xff, 0x76, 0x50,
  0xd0, 0x72, 0x50, 0xca, 0x50, 0x23, 0x61, 0xc8, 0x02, 0x50, 0xb3, 0x77, 0x50, 0xdf, 0x61, 0xd8,
  0x02, 0x50, 0x8b, 0x70, 0x50, 0x17, 0x7f, 0x71, 0x50, 0xd2, 0x61, 0xbf, 0x05, 0x50, 0x8c, 0x70,
  0x50, 0x17, 0x73, 0x50, 0x9b, 0x7f, 0x71, 0x50, 0xd3, 0x61, 0xd2, 0x02, 0x50, 0x8d, 0x70, 0x50,
  0x17, 0x7a, 0x50, 0xb4, 0x61, 0xf2, 0x02, 0x50, 0xd4, 0x61, 0xbd, 0x05, 0x50, 0x8c, 0x70, 0x50,
  0x17, 0x74, 0x50, 0x9c, 0x62, 0x74, 0x50, 0x8b, 0x50, 0x17, 0x7b, 0x50, 0xb5, 0x7a, 0x50, 0xd5,
  0x61, 0xbb, 0x05, 0x50, 0x8a, 0x70, 0x50, 0x17, 0x62, 0x7b, 0x50, 0x9d, 0x7b, 0x50, 0xdf, 0x77,
  0x50, 0xd1, 0x78, 0x50, 0xd2, 0x61, 0xc9, 0x02, 0x50, 0x89, 0x70, 0x50, 0x17, 0x7a, 0x50, 0xb6,
  0x61, 0xde, 0x02, 0x50, 0x8a, 0x50, 0x17, 0x61, 0xd1, 0x05, 0x50, 0x8b, 0x70, 0x50, 0x17, 0x74,
  0x50, 0x9e, 0x7f, 0x71, 0x50, 0xd3, 0x61, 0xbb, 0x05, 0x50, 0x8c, 0x50, 0x17, 0x7f, 0x74, 0x50,
  0xd4, 0x61, 0xd4, 0x02, 0x50, 0x8d, 0x50, 0x17, 0x62, 0x7c, 0x50, 0x9f, 0x74, 0x50, 0xaf, 0x70,
  0x50, 0x08, 0x62, 0x7d, 0x50, 0xd5, 0x61, 0xdc, 0x02, 0x50, 0x8c, 0x50, 0x17, 0x79, 0x50, 0xa0,
  0x70, 0x50, 0x09, 0x61, 0xde, 0x02, 0x50, 0x8b, 0x50, 0x17, 0x7a, 0x50, 0xaf, 0x50, 0x08, 0x61,
  0x6d, 0x01, 0x50, 0xe4, 0x70, 0x50, 0xdf, 0x77, 0x50, 0xf1, 0x70, 0x50, 0xe5, 0x61, 0x50, 0x04,
  0x50, 0x8a, 0x70, 0x50, 0x17, 0x75, 0x50, 0xae, 0x70, 0x50, 0x08, 0x76, 0x50, 0xff, 0x62, 0x74,
  0x50, 0xf4, 0x62, 0x50, 0x89, 0x70, 0x50, 0x17, 0x62, 0x79, 0x50, 0x8a, 0x70, 0x50, 0x17, 0x7a,
  0x50, 0xf5, 0x61, 0xc5, 0x05, 0x50, 0x8b, 0x70, 0x50, 0x17, 0x76, 0x50, 0xaf, 0x70, 0x50, 0x08,
  0x62, 0x7a, 0x50, 0xf6, 0x62, 0x70, 0x50, 0x8c, 0x70, 0x50, 0x17, 0x75, 0x50, 0xa0, 0x70, 0x50,
  0x09, 0x62, 0x71, 0x50, 0x8d, 0x70, 0x50, 0x17, 0x76, 0x50, 0xaf, 0x50, 0x08, 0x62, 0x7a, 0x50,
  0xf7, 0x62, 0x75, 0x50, 0xae, 0x70, 0x50, 0x08, 0x61, 0x73, 0x01, 0x50, 0xff, 0x76, 0x50, 0xd1,
  0x72, 0x50, 0xc8, 0x50, 0x3f, 0x61, 0x66, 0x01, 0x50, 0x8c, 0x70, 0x50, 0x17, 0x7c, 0x50, 0xd2,
  0x61, 0xdb, 0x02, 0x50, 0x8b, 0x70, 0x50, 0x17, 0x61, 0xd1, 0x05, 0x50, 0x8a, 0x70, 0x50, 0x17,
  0x62, 0x7e, 0x50, 0xaf, 0x50, 0x08, 0x76, 0x50, 0xd3, 0x61, 0xdd, 0x02, 0x50, 0x89, 0x70, 0x50,
  0x17, 0x62, 0x79, 0x50, 0x8a, 0x70, 0x50, 0x17, 0x76, 0x50, 0xa0, 0x50, 0x09, 0x7b, 0x50, 0xd4,
  0x61, 0xda, 0x02, 0x50, 0xaf, 0x70, 0x50, 0x08, 0x62, 0x72, 0x50, 0x8b, 0x70, 0x50, 0x17, 0x62,
  0x7e, 0x50, 0xae, 0x70, 0x50, 0x08, 0x7a, 0x50, 0xd5, 0x61, 0xdc, 0x02, 0x50, 0x8c, 0x70, 0x50,
  0x17, 0x76, 0x50, 0xb8, 0x76, 0x50, 0xb9, 0x61, 0xd8, 0x02, 0x50, 0x92, 0x79, 0x50, 0x8d, 0x70,
  0x50, 0x17, 0x74, 0x50, 0x93, 0x79, 0x50, 0xb2, 0x71, 0x50, 0xa0, 0x70, 0x50, 0x14, 0x77, 0x50,
  0xdf, 0x77, 0x50, 0xd0, 0x72, 0x50, 0xc9, 0x50, 0x38, 0x61, 0xba, 0x02, 0x50, 0x94, 0x76, 0x50,
  0xb3, 0x77, 0x50, 0xdf, 0x62, 0x78, 0x50, 0xd2, 0x61, 0xd8, 0x02, 0x50, 0x8c, 0x70, 0x50, 0x17,
  0x62, 0x78, 0x50, 0x8b, 0x70, 0x50, 0x17, 0x7f, 0x76, 0x50, 0xd3, 0x61, 0xdb, 0x02, 0x50, 0xb4,
  0x62, 0x50, 0x8a, 0x70, 0x50, 0x17, 0x7f, 0x76, 0x50, 0xd4, 0x61, 0xbb, 0x05, 0x50, 0x89, 0x70,
  0x50, 0x17, 0x62, 0x78, 0x50, 0x8a, 0x70, 0x50, 0x17, 0x74, 0x50, 0x95, 0x76, 0x50, 0xb5, 0x7a,
  0x50, 0xd5, 0x61, 0xba, 0x05, 0x50, 0x8b, 0x70, 0x50, 0x17, 0x61, 0xfa, 0x02, 0x50, 0xd0, 0x61,
  0xd7, 0x02, 0x50, 0x8c, 0x70, 0x50, 0x17, 0x7b, 0x50, 0xb6, 0x76, 0x50, 0xdf, 0x61, 0xd5, 0x02,
  0x50, 0x8d, 0x70, 0x50, 0x17, 0x7f, 0x72, 0x50, 0xd2, 0x61, 0xcb, 0x05, 0x50, 0xd3, 0x61, 0xdc,
  0x02, 0x50, 0x8c, 0x70, 0x50, 0x17, 0x77, 0x50, 0xaf, 0x70, 0x50, 0x13, 0x62, 0x70, 0x50, 0x8b,
  0x50, 0x17, 0x76, 0x50, 0xa0, 0x50, 0x14, 0x76, 0x50, 0xd4, 0x62, 0x50, 0xa1, 0x50, 0x14, 0x62,
  0x75, 0x50, 0x8a, 0x50, 0x17, 0x75, 0x50, 0xa2, 0x70, 0x50, 0x14, 0x62, 0x76, 0x50, 0xa3, 0x70,
  0x50, 0x14, 0x76, 0x50, 0xd5, 0x61, 0xdd, 0x02, 0x50, 0x89, 0x70, 0x50, 0x17, 0x61, 0x74, 0x01,
  0x50, 0x97, 0x75, 0x50, 0xb8, 0x61, 0x6f, 0x01, 0x50, 0x8a, 0x50, 0x17, 0x7c, 0x50, 0xb9, 0x61,
  0x6a, 0x01, 0x50, 0x92, 0x71, 0x50, 0x80, 0x70, 0x50, 0x14, 0x78, 0x50, 0xb2, 0x71, 0x50, 0xad,
  0x70, 0x50, 0x11, 0x74, 0x50, 0xe4, 0x70, 0x50, 0xdf, 0x77, 0x50, 0xf1, 0x70, 0x50, 0xe5, 0x61,
  0x59, 0x01, 0x50, 0x93, 0x62, 0x73, 0x50, 0x81, 0x70, 0x50, 0x14, 0x73, 0x50, 0x94, 0x76, 0x50,
  0xb3, 0x76, 0x50, 0xff, 0x61, 0xd7, 0x02, 0x50, 0x80, 0x70, 0x50, 0x14, 0x7f, 0x50, 0xf4, 0x61,
  0xcf, 0x05, 0x50, 0xf5, 0x61, 0xdb, 0x02, 0x50, 0x8f, 0x50, 0x13, 0x7a, 0x50, 0xb4, 0x61, 0xc7,
  0x05, 0x50, 0x8e, 0x70, 0x50, 0x13, 0x7f, 0x50, 0xf6, 0x61, 0xc4, 0x05, 0x50, 0x95, 0x76, 0x50,
  0xb5, 0x62, 0x50, 0x8f, 0x70, 0x50, 0x13, 0x7f, 0x70, 0x50, 0xf7, 0x61, 0x53, 0x04, 0x50, 0xf1,
  0x70, 0x50, 0xe5, 0x61, 0x6d, 0x01, 0x50, 0x80, 0x50, 0x14, 0x61, 0xf3, 0x02, 0x50, 0xb6, 0x76,
  0x50, 0xff, 0x62, 0x79, 0x50, 0xf4, 0x61, 0xd8, 0x02, 0x50, 0x81, 0x70, 0x50, 0x14, 0x7f, 0x71,
  0x50, 0xf5, 0x61, 0xd7, 0x02, 0x50, 0x80, 0x70, 0x50, 0x14, 0x62, 0x7f, 0x50, 0xac, 0x50, 0x11,
  0x62, 0x77, 0x50, 0xad, 0x50, 0x11, 0x7a, 0x50, 0xf6, 0x61, 0xd9, 0x02, 0x50, 0x8f, 0x50, 0x13,
  0x76, 0x50, 0xae, 0x50, 0x11, 0x62, 0x76, 0x50, 0xaf, 0x70, 0x50, 0x11, 0x62, 0x74, 0x50, 0x8e,
  0x70, 0x50, 0x13, 0x7e, 0x50, 0xf7, 0x61, 0xd9, 0x02, 0x50, 0x97, 0x7c, 0x50, 0xb8, 0x73, 0x50,
  0xa0, 0x70, 0x50, 0x12, 0x73, 0x50, 0xb9, 0x61, 0xd6, 0x02, 0x50, 0x92, 0x71, 0x50, 0x8b, 0x70,
  0x50, 0x1a, 0x76, 0x50, 0x8c, 0x70, 0x50, 0x1a, 0x74, 0x50, 0x93, 0x77, 0x50, 0xb2, 0x71, 0x50,
  0xa3, 0x70, 0x50, 0x15, 0x7a, 0x50, 0xff, 0x76, 0x50, 0xd0, 0x71, 0x50, 0xc6, 0x70, 0x50, 0x35,
  0x61, 0xb9, 0x02, 0x50, 0x94, 0x76, 0x50, 0xb3, 0x77, 0x50, 0xdf, 0x62, 0x79, 0x50, 0xd2, 0x61,
  0xd8, 0x02, 0x50, 0x8b, 0x50, 0x1a, 0x62, 0x79, 0x50, 0x8a, 0x50, 0x1a, 0x7f, 0x76, 0x50, 0xd3,
  0x61, 0xdc, 0x02, 0x50, 0xb4, 0x62, 0x50, 0x89, 0x70, 0x50, 0x1a, 0x7f, 0x75, 0x50, 0xd4, 0x61,
  0xbb, 0x05, 0x50, 0x88, 0x70, 0x50, 0x1a, 0x62, 0x79, 0x50, 0x89, 0x70, 0x50, 0x1a, 0x73, 0x50,
  0x95, 0x76, 0x50, 0xb5, 0x7a, 0x50, 0xd5, 0x61, 0xbb, 0x05, 0x50, 0x8a, 0x50, 0x1a, 0x61, 0x77,
  0x01, 0x50, 0xdf, 0x77, 0x50, 0xd1, 0x61, 0x7a, 0x01, 0x50, 0xd2, 0x61, 0xd8, 0x02, 0x50, 0x8b,
  0x70, 0x50, 0x1a, 0x7a, 0x50, 0xb6, 0x61, 0xdd, 0x02, 0x50, 0x8c, 0x70, 0x50, 0x1a, 0x61, 0xde,
  0x05, 0x50, 0xd3, 0x61, 0xdd, 0x02, 0x50, 0x8b, 0x50, 0x1a, 0x78, 0x50, 0xa2, 0x70, 0x50, 0x15,
  0x62, 0x50, 0x8a, 0x70, 0x50, 0x1a, 0x75, 0x50, 0xa3, 0x70, 0x50, 0x15, 0x75, 0x50, 0xd4, 0x62,
  0x50, 0xa4, 0x70, 0x50, 0x15, 0x62, 0x74, 0x50, 0x89, 0x70, 0x50, 0x1a, 0x74, 0x50, 0xa5, 0x70,
  0x50, 0x15, 0x62, 0x76, 0x50, 0xa6, 0x70, 0x50, 0x15, 0x76, 0x50, 0xd5, 0x61, 0xdd, 0x02, 0x50,
  0x88, 0x70, 0x50, 0x1a, 0x75, 0x50, 0xa7, 0x70, 0x50, 0x15, 0x62, 0x72, 0x50, 0x89, 0x70, 0x50,
  0x1a, 0x75, 0x50, 0xa6, 0x70, 0x50, 0x15, 0x61, 0x70, 0x01, 0x50, 0xe4, 0x70, 0x50, 0xdf, 0x76,
  0x50, 0xf1, 0x70, 0x50, 0xe5, 0x61, 0x6b, 0x01, 0x50, 0xa5, 0x70, 0x50, 0x15, 0x62, 0x75, 0x50,
  0x8a, 0x50, 0x1a, 0x75, 0x50, 0xa4, 0x70, 0x50, 0x15, 0x76, 0x50, 0xff, 0x62, 0x50, 0xa3, 0x50,
  0x15, 0x76, 0x50, 0xf4, 0x61, 0xde, 0x02, 0x50, 0x8b, 0x70, 0x50, 0x1a, 0x74, 0x50, 0xa2, 0x70,
  0x50, 0x15, 0x62, 0x72, 0x50, 0x8c, 0x70, 0x50, 0x1a, 0x75, 0x50, 0xa3, 0x70, 0x50, 0x15, 0x75,
  0x50, 0xf5, 0x62, 0x50, 0xa4, 0x70, 0x50, 0x15, 0x62, 0x79, 0x50, 0xa5, 0x70, 0x50, 0x15, 0x62,
  0x73, 0x50, 0x8b, 0x70, 0x50, 0x1a, 0x75, 0x50, 0xa6, 0x70, 0x50, 0x15, 0x75, 0x50, 0xf6, 0x61,
  0xdb, 0x02, 0x50, 0x8a, 0x70, 0x50, 0x1a, 0x75, 0x50, 0xa7, 0x70, 0x50, 0x15, 0x62, 0x77, 0x50,
  0xa6, 0x70, 0x50, 0x15, 0x62, 0x73, 0x50, 0x89, 0x70, 0x50, 0x1a, 0x75, 0x50, 0xa5, 0x70, 0x50,
  0x15, 0x79, 0x50, 0xf7, 0x61, 0xdc, 0x02, 0x50, 0xa4, 0x70, 0x50, 0x15, 0x76, 0x50, 0xff, 0x76,
  0x50, 0xd1, 0x72, 0x50, 0xc9, 0x50, 0x38, 0x76, 0x50, 0xd2, 0x61, 0xcb, 0x02, 0x50, 0x88, 0x70,
  0x50, 0x1a, 0x75, 0x50, 0xa3, 0x70, 0x50, 0x15, 0x62, 0x72, 0x50, 0x89, 0x70, 0x50, 0x1a, 0x75,
  0x50, 0xa2, 0x70, 0x50, 0x15, 0x62, 0x75, 0x50, 0xa3, 0x70, 0x50, 0x15, 0x62, 0x74, 0x50, 0x8a,
  0x70, 0x50, 0x1a, 0x75, 0x50, 0xa4, 0x50, 0x15, 0x7b, 0x50, 0xd3, 0x61, 0xda, 0x02, 0x50, 0xa5,
  0x70, 0x50, 0x15, 0x62, 0x74, 0x50, 0x8b, 0x70, 0x50, 0x1a, 0x75, 0x50, 0xa6, 0x70, 0x50, 0x15,
  0x7a, 0x50, 0xd4, 0x61, 0xd6, 0x02, 0x50, 0x8c, 0x70, 0x50, 0x1a, 0x75, 0x50, 0xa7, 0x70, 0x50,
  0x15, 0x62, 0x76, 0x50, 0xa6, 0x70, 0x50, 0x15, 0x62, 0x78, 0x50, 0xa5, 0x70, 0x50, 0x15, 0x7b,
  0x50, 0xd5, 0x61, 0xd7, 0x02, 0x50, 0x8b, 0x70, 0x50, 0x1a, 0x75, 0x50, 0xa4, 0x70, 0x50, 0x15,
  0x62, 0x71, 0x50, 0x97, 0x74, 0x50, 0x8a, 0x50, 0x1a, 0x79, 0x50, 0xa3, 0x70, 0x50, 0x15, 0x61,
  0xdc, 0x02, 0x50, 0x92, 0x71, 0x50, 0x8d, 0x70, 0x50, 0x11, 0x7a, 0x50, 0x93, 0x74, 0x50, 0xa2,
  0x70, 0x50, 0x15, 0x74, 0x50, 0xdf, 0x77, 0x50, 0xd0, 0x72, 0x50, 0xc8, 0x70, 0x50, 0x3f, 0x61,
  0xc2, 0x02, 0x50, 0x8e, 0x70, 0x50, 0x11, 0x73, 0x50, 0x94, 0x75, 0x50, 0xa3, 0x70, 0x50, 0x15,
  0x77, 0x50, 0xdf, 0x61, 0xd5, 0x02, 0x50, 0x8d, 0x70, 0x50, 0x11, 0x79, 0x50, 0xa4, 0x70, 0x50,
  0x15, 0x77, 0x50, 0xd2, 0x61, 0xdd, 0x02, 0x50, 0xa5, 0x70, 0x50, 0x15, 0x62, 0x78, 0x50, 0xa6,
  0x70, 0x50, 0x15, 0x7b, 0x50, 0xd3, 0x61, 0xd4, 0x02, 0x50, 0x8c, 0x70, 0x50, 0x11, 0x79, 0x50,
  0xa7, 0x70, 0x50, 0x15, 0x62, 0x76, 0x50, 0xa6, 0x70, 0x50, 0x15, 0x7a, 0x50, 0xd4, 0x61, 0xdd,
  0x02, 0x50, 0xa5, 0x50, 0x15, 0x62, 0x70, 0x50, 0x8b, 0x70, 0x50, 0x11, 0x78, 0x50, 0xa4, 0x70,
  0x50, 0x15, 0x62, 0x50, 0x8c, 0x70, 0x50, 0x11, 0x73, 0x50, 0x95, 0x74, 0x50, 0xa3, 0x70, 0x50,
  0x15, 0x76, 0x50, 0xd5, 0x61, 0xde, 0x02, 0x50, 0xa2, 0x70, 0x50, 0x15, 0x62, 0x79, 0x50, 0xa3,
  0x50, 0x15, 0x61, 0x73, 0x01, 0x50, 0xd0, 0x61, 0x6d, 0x01, 0x50, 0x8d, 0x70, 0x50, 0x11, 0x79,
  0x50, 0xa4, 0x70, 0x50, 0x15, 0x62, 0x75, 0x50, 0xa5, 0x70, 0x50, 0x15, 0x77, 0x50, 0xdf, 0x62,
  0x71, 0x50, 0xa6, 0x70, 0x50, 0x15, 0x76, 0x50, 0xd2, 0x61, 0xd9, 0x02, 0x50, 0x8e, 0x70, 0x50,
  0x11, 0x74, 0x50, 0xa7, 0x70, 0x50, 0x15, 0x62, 0x72, 0x50, 0x8d, 0x70, 0x50, 0x11, 0x75, 0x50,
  0xa6, 0x70, 0x50, 0x15, 0x76, 0x50, 0xd3, 0x61, 0xde, 0x02, 0x50, 0xa5, 0x70, 0x50, 0x15, 0x62,
  0x78, 0x50, 0xa4, 0x70, 0x50, 0x15, 0x76, 0x50, 0xd4, 0x61, 0xdd, 0x02, 0x50, 0x8c, 0x70, 0x50,
  0x11, 0x75, 0x50, 0xa3, 0x70, 0x50, 0x15, 0x62, 0x75, 0x50, 0xa2, 0x70, 0x50, 0x15, 0x62, 0x79,
  0x50, 0xa3, 0x70, 0x50, 0x15, 0x76, 0x50, 0xd5, 0x61, 0xdd, 0x02, 0x50, 0x8b, 0x50, 0x11, 0x75,
  0x50, 0xa4, 0x70, 0x50, 0x15, 0x62, 0x72, 0x50, 0x8c, 0x70, 0x50, 0x11, 0x75, 0x50, 0xa5, 0x70,
  0x50, 0x15, 0x61, 0x70, 0x01, 0x50, 0xe4, 0x70, 0x50, 0xdf, 0x77, 0x50, 0xf1, 0x70, 0x50, 0xe5,
  0x61, 0x6b, 0x01, 0x50, 0xa6, 0x70, 0x50, 0x15, 0x62, 0x78, 0x50, 0xa7, 0x70, 0x50, 0x15, 0x76,
  0x50, 0xff, 0x61, 0xdd, 0x02, 0x50, 0x8d, 0x70, 0x50, 0x11, 0x75, 0x50, 0xa6, 0x70, 0x50, 0x15,
  0x75, 0x50, 0xf4, 0x62, 0x50, 0xa5, 0x70, 0x50, 0x15, 0x62, 0x79, 0x50, 0xa4, 0x70, 0x50, 0x15,
  0x79, 0x50, 0xf5, 0x61, 0xda, 0x02, 0x50, 0x8e, 0x70, 0x50, 0x11, 0x75, 0x50, 0xa3, 0x70, 0x50,
  0x15, 0x62, 0x72, 0x50, 0x8d, 0x50, 0x11, 0x75, 0x50, 0xa2, 0x70, 0x50, 0x15, 0x62, 0x76, 0x50,
  0xa3, 0x70, 0x50, 0x15, 0x79, 0x50, 0xf6, 0x61, 0xde, 0x02, 0x50, 0xa4, 0x50, 0x15, 0x62, 0x74,
  0x50, 0x8c, 0x70, 0x50, 0x11, 0x75, 0x50, 0xa5, 0x70, 0x50, 0x15, 0x62, 0x76, 0x50, 0xa6, 0x70,
  0x50, 0x15, 0x79, 0x50, 0xf7, 0x61, 0xde, 0x02, 0x50, 0xa7, 0x70, 0x50, 0x15, 0x78, 0x50, 0xf1,
  0x70, 0x50, 0xe5, 0x61, 0xda, 0x02, 0x50, 0x8b, 0x50, 0x11, 0x76, 0x50, 0xa6, 0x70, 0x50, 0x15,
  0x76, 0x50, 0xff, 0x61, 0xda, 0x02, 0x50, 0x8c, 0x70, 0x50, 0x11, 0x75, 0x50, 0xa5, 0x70, 0x50,
  0x15, 0x76, 0x50, 0xf4, 0x61, 0xde, 0x02, 0x50, 0xa4, 0x70, 0x50, 0x15, 0x62, 0x78, 0x50, 0xa3,
  0x70, 0x50, 0x15, 0x7a, 0x50, 0xf5, 0x61, 0xd9, 0x02, 0x50, 0x8d, 0x70, 0x50, 0x11, 0x75, 0x50,
  0xa2, 0x70, 0x50, 0x15, 0x62, 0x76, 0x50, 0xa3, 0x70, 0x50, 0x15, 0x62, 0x78, 0x50, 0xa4, 0x70,
  0x50, 0x15, 0x79, 0x50, 0xf6, 0x61, 0xda, 0x02, 0x50, 0x8e, 0x50, 0x11, 0x76, 0x50, 0xa5, 0x50,
  0x15, 0x62, 0x72, 0x50, 0x8d, 0x70, 0x50, 0x11, 0x75, 0x50, 0xa6, 0x70, 0x50, 0x15, 0x62, 0x75,
  0x50, 0xa7, 0x70, 0x50, 0x15, 0x7a, 0x50, 0xf7, 0x61, 0xdd, 0x02, 0x50, 0xb8, 0x74, 0x50, 0xa6,
  0x70, 0x50, 0x15, 0x73, 0x50, 0xb9, 0x61, 0xdb, 0x02, 0x50, 0x8c, 0x70, 0x50, 0x11, 0x78, 0x50,
  0xb2, 0x71, 0x50, 0xad, 0x70, 0x50, 0x11, 0x78, 0x50, 0xff, 0x77, 0x50, 0xd0, 0x71, 0x50, 0xc0,
  0x70, 0x50, 0x28, 0x61, 0xce, 0x02, 0x50, 0xb3, 0x77, 0x50, 0xdf, 0x62, 0x78, 0x50, 0xd2, 0x61,
  0xdc, 0x02, 0x50, 0x8b, 0x70, 0x50, 0x11, 0x62, 0x78, 0x50, 0x8c, 0x70, 0x50, 0x11, 0x7d, 0x50,
  0xd3, 0x62, 0x70, 0x50, 0xb4, 0x62, 0x7f, 0x50, 0xd4, 0x61, 0xdd, 0x02, 0x50, 0x8d, 0x70, 0x50,
  0x11, 0x61, 0xd7, 0x05, 0x50, 0xb5, 0x75, 0x50, 0xd5, 0x61, 0xde, 0x02, 0x50, 0x8e, 0x50, 0x11,
  0x62, 0x79, 0x50, 0x8d, 0x70, 0x50, 0x11, 0x61, 0x77, 0x01, 0x50, 0xdf, 0x77, 0x50, 0xd1, 0x61,
  0x76, 0x01, 0x50, 0xd2, 0x62, 0x71, 0x50, 0xb6, 0x62, 0x74, 0x50, 0x8c, 0x70, 0x50, 0x11, 0x61,
  0xdd, 0x05, 0x50, 0xd3, 0x61, 0xdd, 0x02, 0x50, 0x8b, 0x70, 0x50, 0x11, 0x78, 0x50, 0xac, 0x50,
  0x11, 0x62, 0x70, 0x50, 0x8c, 0x70, 0x50, 0x11, 0x75, 0x50, 0xad, 0x70, 0x50, 0x11, 0x76, 0x50,
  0xd4, 0x61, 0xde, 0x02, 0x50, 0xae, 0x70, 0x50, 0x11, 0x62, 0x78, 0x50, 0xaf, 0x70, 0x50, 0x11,
  0x62, 0x74, 0x50, 0x8d, 0x70, 0x50, 0x11, 0x7a, 0x50, 0xd5, 0x62, 0x71, 0x50, 0xa0, 0x70, 0x50,
  0x12, 0x62, 0x79, 0x50, 0xaf, 0x50, 0x11, 0x61, 0x73, 0x01, 0x50, 0xe4, 0x71, 0x50, 0xdf, 0x76,
  0x50, 0xf1, 0x70, 0x50, 0xe5, 0x61, 0x68, 0x01, 0x50, 0x8e, 0x50, 0x11, 0x62, 0x79, 0x50, 0x8d,
  0x70, 0x50, 0x11, 0x75, 0x50, 0xae, 0x70, 0x50, 0x11, 0x77, 0x50, 0xff, 0x61, 0xdd, 0x02, 0x50,
  0xad, 0x70, 0x50, 0x11, 0x76, 0x50, 0xf4, 0x62, 0x72, 0x50, 0xac, 0x50, 0x11, 0x7a, 0x50, 0xf5,
  0x61, 0xd9, 0x02, 0x50, 0x8c, 0x70, 0x50, 0x11, 0x76, 0x50, 0xad, 0x50, 0x11, 0x62, 0x76, 0x50,
  0xae, 0x70, 0x50, 0x11, 0x62, 0x78, 0x50, 0xaf, 0x70, 0x50, 0x11, 0x79, 0x50, 0xf6, 0x61, 0xd9,
  0x02, 0x50, 0x8b, 0x70, 0x50, 0x11, 0x62, 0x79, 0x50, 0x8c, 0x70, 0x50, 0x11, 0x75, 0x50, 0xa0,
  0x70, 0x50, 0x12, 0x62, 0x76, 0x50, 0xaf, 0x50, 0x11, 0x7a, 0x50, 0xf7, 0x61, 0xc2, 0x05, 0x50,
  0x8d, 0x70, 0x50, 0x11, 0x75, 0x50, 0xae, 0x70, 0x50, 0x11, 0x76, 0x50, 0xff, 0x76, 0x50, 0xd1,
  0x72, 0x50, 0xc6, 0x70, 0x50, 0x2a, 0x75, 0x50, 0xd2, 0x61, 0xcd, 0x02, 0x50, 0xad, 0x70, 0x50,
  0x11, 0x62, 0x79, 0x50, 0xac, 0x50, 0x11, 0x62, 0x74, 0x50, 0x8e, 0x70, 0x50, 0x11, 0x76, 0x50,
  0xad, 0x70, 0x50, 0x11, 0x62, 0x71, 0x50, 0x8d, 0x70, 0x50, 0x11, 0x75, 0x50, 0xae, 0x70, 0x50,
  0x11, 0x7a, 0x50, 0xd3, 0x61, 0xda, 0x02, 0x50, 0xaf, 0x70, 0x50, 0x11, 0x61, 0xf3, 0x02, 0x50,
  0xd4, 0x61, 0xda, 0x02, 0x50, 0x8c, 0x50, 0x11, 0x76, 0x50, 0xa0, 0x50, 0x12, 0x62, 0x77, 0x50,
  0xaf, 0x70, 0x50, 0x11, 0x61, 0xf1, 0x02, 0x50, 0xd5, 0x61, 0xdb, 0x02, 0x50, 0x8b, 0x70, 0x50,
  0x11, 0x75, 0x50, 0xae, 0x70, 0x50, 0x11, 0x61, 0x6c, 0x01, 0x50, 0x97, 0x76, 0x50, 0xb8, 0x61,
  0x6e, 0x01, 0x50, 0x8c, 0x70, 0x50, 0x11, 0x79, 0x50, 0xad, 0x50, 0x11, 0x74, 0x50, 0xb9, 0x61,
  0x67, 0x01, 0x50, 0x92, 0x72, 0x50, 0x83, 0x50, 0x15, 0x78, 0x50, 0xb2, 0x71, 0x50, 0xab, 0x70,
  0x50, 0x1a, 0x75, 0x50, 0xdf, 0x77, 0x50, 0xd0, 0x71, 0x50, 0xc9, 0x70, 0x50, 0x2f, 0x61, 0x58,
  0x01, 0x50, 0x93, 0x62, 0x73, 0x50, 0x84, 0x70, 0x50, 0x15, 0x73, 0x50, 0x94, 0x76, 0x50, 0xb3,
  0x76, 0x50, 0xdf, 0x61, 0xd7, 0x02, 0x50, 0x83, 0x50, 0x15, 0x7f, 0x71, 0x50, 0xd2, 0x61, 0xcf,
  0x05, 0x50, 0xd3, 0x61, 0xd9, 0x02, 0x50, 0x82, 0x70, 0x50, 0x15, 0x7a, 0x50, 0xb4, 0x62, 0x7d,
  0x50, 0xd4, 0x61, 0xda, 0x02, 0x50, 0x81, 0x50, 0x15, 0x61, 0xd5, 0x05, 0x50, 0x95, 0x76, 0x50,
  0xb5, 0x75, 0x50, 0xd5, 0x61, 0xd9, 0x02, 0x50, 0x82, 0x70, 0x50, 0x15, 0x61, 0x68, 0x04, 0x50,
  0xd0, 0x61, 0x69, 0x01, 0x50, 0x83, 0x70, 0x50, 0x15, 0x61, 0xf2, 0x02, 0x50, 0xb6, 0x76, 0x50,
  0xdf, 0x62, 0x79, 0x50, 0xd2, 0x61, 0xd9, 0x02, 0x50, 0x84, 0x50, 0x15, 0x62, 0x79, 0x50, 0x83,
  0x70, 0x50, 0x15, 0x7d, 0x50, 0xd3, 0x62, 0x70, 0x50, 0xaa, 0x70, 0x50, 0x1a, 0x62, 0x76, 0x50,
  0xab, 0x70, 0x50, 0x1a, 0x76, 0x50, 0xd4, 0x61, 0xdd, 0x02, 0x50, 0x82, 0x70, 0x50, 0x15, 0x75,
  0x50, 0xac, 0x50, 0x1a, 0x62, 0x77, 0x50, 0xad, 0x70, 0x50, 0x1a, 0x62, 0x74, 0x50, 0x81, 0x50,
  0x15, 0x76, 0x50, 0xae, 0x50, 0x1a, 0x7b, 0x50, 0xd5, 0x61, 0xd6, 0x02, 0x50, 0x97, 0x7b, 0x50,
  0xb8, 0x74, 0x50, 0xa0, 0x70, 0x50, 0x1b, 0x73, 0x50, 0xb9, 0x61, 0xd6, 0x02, 0x50, 0x92, 0x71,
  0x50, 0x80, 0x70, 0x50, 0x14, 0x79, 0x50, 0x93, 0x77, 0x50, 0xb2, 0x72, 0x50, 0xad, 0x50, 0x17,
  0x78, 0x50, 0xe4, 0x70, 0x50, 0xdf, 0x76, 0x50, 0xf1, 0x70, 0x50, 0xe5, 0x61, 0xbc, 0x02, 0x50,
  0x81, 0x70, 0x50, 0x14, 0x73, 0x50, 0x94, 0x76, 0x50, 0xb3, 0x76, 0x50, 0xff, 0x61, 0xd7, 0x02,
  0x50, 0x80, 0x50, 0x14, 0x7f, 0x71, 0x50, 0xf4, 0x61, 0xd3, 0x05, 0x50, 0xf5, 0x61, 0xd6, 0x02,
  0x50, 0x8f, 0x50, 0x13, 0x7b, 0x50, 0xb4, 0x61, 0xc6, 0x05, 0x50, 0x8e, 0x50, 0x13, 0x7f, 0x75,
  0x50, 0xf6, 0x61, 0xc4, 0x05, 0x50, 0x95, 0x76, 0x50, 0xb5, 0x61, 0xda, 0x02, 0x50, 0x8f, 0x70,
  0x50, 0x13, 0x7f, 0x74, 0x50, 0xf7, 0x61, 0xbc, 0x05, 0x50, 0x80, 0x70, 0x50, 0x14, 0x7f, 0x73,
  0x50, 0xf1, 0x70, 0x50, 0xe5, 0x61, 0xdd, 0x02, 0x50, 0xb6, 0x76, 0x50, 0xff, 0x62, 0x79, 0x50,
  0xf4, 0x61, 0xd9, 0x02, 0x50, 0x81, 0x50, 0x14, 0x62, 0x79, 0x50, 0x80, 0x70, 0x50, 0x14, 0x7f,
  0x71, 0x50, 0xf5, 0x61, 0xdd, 0x02, 0x50, 0xac, 0x70, 0x50, 0x17, 0x62, 0x76, 0x50, 0xad, 0x70,
  0x50, 0x17, 0x62, 0x73, 0x50, 0x8f, 0x50, 0x13, 0x75, 0x50, 0xae, 0x70, 0x50, 0x17, 0x75, 0x50,
  0xf6, 0x62, 0x70, 0x50, 0xaf, 0x70, 0x50, 0x17, 0x62, 0x74, 0x50, 0x8e, 0x70, 0x50, 0x13, 0x74,
  0x50, 0xa0, 0x70, 0x50, 0x18, 0x62, 0x76, 0x50, 0xa1, 0x70, 0x50, 0x18, 0x75, 0x50, 0xf7, 0x61,
  0x6a, 0x01, 0x50, 0x97, 0x75, 0x50, 0xb8, 0x61, 0x77, 0x01, 0x50, 0xa0, 0x70, 0x50, 0x18, 0x73,
  0x50, 0xb9, 0x61, 0x6a, 0x01, 0x50, 0x92, 0x71, 0x50, 0x8c, 0x70, 0x50, 0x17, 0x79, 0x50, 0xb2,
  0x71, 0x50, 0xad, 0x70, 0x50, 0x1f, 0x75, 0x50, 0xff, 0x76, 0x50, 0xd0, 0x61, 0x57, 0x01, 0x50,
  0x8d, 0x70, 0x50, 0x17, 0x74, 0x50, 0x93, 0x62, 0x73, 0x50, 0x94, 0x75, 0x50, 0xb3, 0x77, 0x50,
  0xdf, 0x62, 0x79, 0x50, 0xd2, 0x61, 0xd9, 0x02, 0x50, 0x8c, 0x50, 0x17, 0x62, 0x79, 0x50, 0x8b,
  0x70, 0x50, 0x17, 0x7f, 0x70, 0x50, 0xd3, 0x62, 0x70, 0x50, 0xb4, 0x62, 0x70, 0x50, 0x8a, 0x70,
  0x50, 0x17, 0x7f, 0x70, 0x50, 0xd4, 0x61, 0xc0, 0x05, 0x50, 0x89, 0x70, 0x50, 0x17, 0x62, 0x79,
  0x50, 0x8a, 0x70, 0x50, 0x17, 0x73, 0x50, 0x95, 0x76, 0x50, 0xb5, 0x75, 0x50, 0xd5, 0x61, 0xbf,
  0x05, 0x50, 0x8b, 0x70, 0x50, 0x17, 0x61, 0x78, 0x01, 0x50, 0xdf, 0x77, 0x50, 0xd1, 0x61, 0x79,
  0x01, 0x50, 0xd2, 0x61, 0xd9, 0x02, 0x50, 0x8c, 0x50, 0x17, 0x7a, 0x50, 0xb6, 0x61, 0xde, 0x02,
  0x50, 0x8d, 0x70, 0x50, 0x17, 0x61, 0xf9, 0x02, 0x50, 0xd3, 0x61, 0xc2, 0x05, 0x50, 0x8c, 0x50,
  0x17, 0x78, 0x50, 0xac, 0x70, 0x50, 0x1f, 0x7b, 0x50, 0xd4, 0x61, 0xd3, 0x02, 0x50, 0x8b, 0x50,
  0x17, 0x76, 0x50, 0xad, 0x70, 0x50, 0x1f, 0x62, 0x75, 0x50, 0xae, 0x70, 0x50, 0x1f, 0x62, 0x74,
  0x50, 0x8a, 0x70, 0x50, 0x17, 0x75, 0x50, 0xa0, 0x70, 0x50, 0x20, 0x7a, 0x50, 0xd5, 0x61, 0xdb,
  0x02, 0x50, 0xa1, 0x50, 0x20, 0x62, 0x74, 0x50, 0x89, 0x70, 0x50, 0x17, 0x75, 0x50, 0xa2, 0x70,
  0x50, 0x20, 0x62, 0x72, 0x50, 0x8a, 0x70, 0x50, 0x17, 0x75, 0x50, 0xa1, 0x70, 0x50, 0x20, 0x75,
  0x50, 0xe4, 0x70, 0x50, 0xdf, 0x76, 0x50, 0xf1, 0x70, 0x50, 0xe5, 0x61, 0xd6, 0x02, 0x50, 0xa0,
  0x70, 0x50, 0x20, 0x76, 0x50, 0xff, 0x61, 0xdd, 0x02, 0x50, 0x8b, 0x50, 0x17, 0x75, 0x50, 0xae,
  0x70, 0x50, 0x1f, 0x76, 0x50, 0xf4, 0x62, 0x74, 0x50, 0xad, 0x70, 0x50, 0x1f, 0x62, 0x50, 0x8c,
  0x70, 0x50, 0x17, 0x75, 0x50, 0xac, 0x70, 0x50, 0x1f, 0x79, 0x50, 0xf5, 0x61, 0xd7, 0x02, 0x50,
  0x8d, 0x70, 0x50, 0x17, 0x75, 0x50, 0xad, 0x70, 0x50, 0x1f, 0x62, 0x76, 0x50, 0xae, 0x50, 0x1f,
  0x62, 0x79, 0x50, 0xa0, 0x70, 0x50, 0x20, 0x79, 0x50, 0xf6, 0x61, 0xd9, 0x02, 0x50, 0x8c, 0x70,
  0x50, 0x17, 0x75, 0x50, 0xa1, 0x70, 0x50, 0x20, 0x62, 0x71, 0x50, 0x8b, 0x70, 0x50, 0x17, 0x75,
  0x50, 0xa2, 0x70, 0x50, 0x20, 0x62, 0x76, 0x50, 0xa1, 0x70, 0x50, 0x20, 0x7a, 0x50, 0xf7, 0x61,
  0xd9, 0x02, 0x50, 0x8a, 0x50, 0x17, 0x75, 0x50, 0xa0, 0x70, 0x50, 0x20, 0x62, 0x76, 0x50, 0xae,
  0x70, 0x50, 0x1f, 0x75, 0x50, 0xff, 0x76, 0x50, 0xd1, 0x72, 0x50, 0xc6, 0x50, 0x35, 0x76, 0x50,
  0xd2, 0x61, 0xcd, 0x02, 0x50, 0x89, 0x70, 0x50, 0x17, 0x75, 0x50, 0xad, 0x70, 0x50, 0x1f, 0x62,
  0x71, 0x50, 0x8a, 0x70, 0x50, 0x17, 0x74, 0x50, 0xac, 0x70, 0x50, 0x1f, 0x62, 0x76, 0x50, 0xad,
  0x70, 0x50, 0x1f, 0x62, 0x74, 0x50, 0x8b, 0x50, 0x17, 0x75, 0x50, 0xae, 0x70, 0x50, 0x1f, 0x76,
  0x50, 0xd3, 0x62, 0x50, 0xa0, 0x70, 0x50, 0x20, 0x62, 0x74, 0x50, 0x8c, 0x70, 0x50, 0x17, 0x74,
  0x50, 0xa1, 0x70, 0x50, 0x20, 0x76, 0x50, 0xd4, 0x61, 0xdb, 0x02, 0x50, 0x8d, 0x70, 0x50, 0x17,
  0x74, 0x50, 0xa2, 0x70, 0x50, 0x20, 0x62, 0x77, 0x50, 0xa1, 0x50, 0x20, 0x62, 0x79, 0x50, 0xa0,
  0x70, 0x50, 0x20, 0x76, 0x50, 0xd5, 0x61, 0xdc, 0x02, 0x50, 0x8c, 0x70, 0x50, 0x17, 0x75, 0x50,
  0xae, 0x70, 0x50, 0x1f, 0x61, 0x6d, 0x01, 0x50, 0x97, 0x75, 0x50, 0xb8, 0x61, 0x6e, 0x01, 0x50,
  0x8b, 0x70, 0x50, 0x17, 0x79, 0x50, 0xad, 0x70, 0x50, 0x1f, 0x73, 0x50, 0xb9, 0x61, 0x6e, 0x01,
  0x50, 0x92, 0x71, 0x50, 0x8e, 0x70, 0x50, 0x0f, 0x79, 0x50, 0xb2, 0x71, 0x50, 0xa0, 0x70, 0x50,
  0x14, 0x76, 0x50, 0xdf, 0x77, 0x50, 0xd0, 0x71, 0x50, 0xc9, 0x70, 0x50, 0x38, 0x61, 0x50, 0x01,
  0x50, 0x93, 0x62, 0x73, 0x50, 0x8f, 0x70, 0x50, 0x0f, 0x73, 0x50, 0x94, 0x75, 0x50, 0xb3, 0x77,
  0x50, 0xdf, 0x61, 0xd6, 0x02, 0x50, 0x8e, 0x70, 0x50, 0x0f, 0x7f, 0x71, 0x50, 0xd2, 0x61, 0xcf,
  0x05, 0x50, 0xd3, 0x61, 0xd9, 0x02, 0x50, 0x8d, 0x70, 0x50, 0x0f, 0x7a, 0x50, 0xb4, 0x62, 0x7d,
  0x50, 0xd4, 0x61, 0xc2, 0x05, 0x50, 0x8c, 0x70, 0x50, 0x0f, 0x62, 0x79, 0x50, 0x8d, 0x70, 0x50,
  0x0f, 0x73, 0x50, 0x95, 0x76, 0x50, 0xb5, 0x75, 0x50, 0xd5, 0x61, 0xd2, 0x05, 0x50, 0xd0, 0x61,
  0xd7, 0x02, 0x50, 0x8e, 0x70, 0x50, 0x0f, 0x7f, 0x72, 0x50, 0xdf, 0x62, 0x50, 0xb6, 0x76, 0x50,
  0xd2, 0x61, 0xc2, 0x05, 0x50, 0x8f, 0x70, 0x50, 0x0f, 0x7f, 0x71, 0x50, 0xd3, 0x61, 0xd6, 0x02,
  0x50, 0x8e, 0x70, 0x50, 0x0f, 0x62, 0x7f, 0x50, 0xaf, 0x70, 0x50, 0x13, 0x7b, 0x50, 0xd4, 0x61,
  0xda, 0x02, 0x50, 0xa0, 0x70, 0x50, 0x14, 0x62, 0x73, 0x50, 0x8d, 0x70, 0x50, 0x0f, 0x75, 0x50,
  0xa1, 0x70, 0x50, 0x14, 0x62, 0x76, 0x50, 0xa2, 0x70, 0x50, 0x14, 0x7a, 0x50, 0xd5, 0x61, 0xdd,
  0x02, 0x50, 0xa3, 0x70, 0x50, 0x14, 0x62, 0x74, 0x50, 0x8c, 0x50, 0x0f, 0x62, 0x79, 0x50, 0x8d,
  0x70, 0x50, 0x0f, 0x7a, 0x50, 0xe4, 0x70, 0x50, 0xdf, 0x76, 0x50, 0xf1, 0x70, 0x50, 0xe5, 0x61,
  0xd8, 0x02, 0x50, 0xa2, 0x70, 0x50, 0x14, 0x77, 0x50, 0xff, 0x62, 0x70, 0x50, 0xa1, 0x70, 0x50,
  0x14, 0x76, 0x50, 0xf4, 0x61, 0xdd, 0x02, 0x50, 0x8e, 0x70, 0x50, 0x0f, 0x75, 0x50, 0xa0, 0x70,
  0x50, 0x14, 0x62, 0x75, 0x50, 0xaf, 0x70, 0x50, 0x13, 0x7a, 0x50, 0xf5, 0x61, 0xde, 0x02, 0x50,
  0xa0, 0x70, 0x50, 0x14, 0x62, 0x73, 0x50, 0x8f, 0x70, 0x50, 0x0f, 0x75, 0x50, 0xa1, 0x70, 0x50,
  0x14, 0x62, 0x72, 0x50, 0x8e, 0x70, 0x50, 0x0f, 0x75, 0x50, 0xa2, 0x70, 0x50, 0x14, 0x79, 0x50,
  0xf6, 0x61, 0xdb, 0x02, 0x50, 0xa3, 0x70, 0x50, 0x14, 0x61, 0xcc, 0x05, 0x50, 0x8d, 0x70, 0x50,
  0x0f, 0x7a, 0x50, 0xf7, 0x62, 0x71, 0x50, 0xa2, 0x70, 0x50, 0x14, 0x61, 0x77, 0x01, 0x50, 0xf1,
  0x70, 0x50, 0xe5, 0x61, 0x71, 0x01, 0x50, 0xa1, 0x50, 0x14, 0x62, 0x75, 0x50, 0x8c, 0x50, 0x0f,
  0x75, 0x50, 0xa0, 0x70, 0x50, 0x14, 0x76, 0x50, 0xff, 0x61, 0xdb, 0x02, 0x50, 0x8d, 0x70, 0x50,
  0x0f, 0x75, 0x50, 0xaf, 0x70, 0x50, 0x13, 0x75, 0x50, 0xf4, 0x62, 0x50, 0xa0, 0x70, 0x50, 0x14,
  0x62, 0x78, 0x50, 0xa1, 0x70, 0x50, 0x14, 0x75, 0x50, 0xf5, 0x61, 0xde, 0x02, 0x50, 0x8e, 0x70,
  0x50, 0x0f, 0x75, 0x50, 0xa2, 0x50, 0x14, 0x62, 0x76, 0x50, 0xa3, 0x70, 0x50, 0x14, 0x62, 0x7d,
  0x50, 0xf6, 0x62, 0x71, 0x50, 0x8f, 0x50, 0x0f, 0x62, 0x79, 0x50, 0x8e, 0x70, 0x50, 0x0f, 0x75,
  0x50, 0xa2, 0x50, 0x14, 0x62, 0x76, 0x50, 0xa1, 0x50, 0x14, 0x76, 0x50, 0xf7, 0x61, 0x6a, 0x01,
  0x50, 0x97, 0x75, 0x50, 0xb8, 0x61, 0x76, 0x01, 0x50, 0xa0, 0x50, 0x14, 0x74, 0x50, 0xb9, 0x61,
  0x6a, 0x01, 0x50, 0x92, 0x72, 0x50, 0x8d, 0x70, 0x50, 0x11, 0x77, 0x50, 0xb2, 0x72, 0x50, 0xa3,
  0x50, 0x15, 0x76, 0x50, 0xff, 0x76, 0x50, 0xd0, 0x71, 0x50, 0xca, 0x70, 0x50, 0x23, 0x61, 0x58,
  0x01, 0x50, 0x93, 0x62, 0x73, 0x50, 0x8e, 0x70, 0x50, 0x11, 0x73, 0x50, 0x94, 0x76, 0x50, 0xb3,
  0x76, 0x50, 0xdf, 0x61, 0xd7, 0x02, 0x50, 0x8d, 0x50, 0x11, 0x7f, 0x71, 0x50, 0xd2, 0x61, 0xcf,
  0x05, 0x50, 0xd3, 0x61, 0xda, 0x02, 0x50, 0x8c, 0x50, 0x11, 0x7a, 0x50, 0xb4, 0x62, 0x7d, 0x50,
  0xd4, 0x61, 0xc3, 0x05, 0x50, 0x8b, 0x70, 0x50, 0x11, 0x62, 0x79, 0x50, 0x8c, 0x70, 0x50, 0x11,
  0x73, 0x50, 0x95, 0x76, 0x50, 0xb5, 0x7a, 0x50, 0xd5, 0x61, 0xc9, 0x05, 0x50, 0xdf, 0x78, 0x50,
  0xd1, 0x78, 0x50, 0xd2, 0x61, 0xc9, 0x02, 0x50, 0x8d, 0x70, 0x50, 0x11, 0x61, 0xf2, 0x02, 0x50,
  0xb6, 0x61, 0xc8, 0x05, 0x50, 0x8e, 0x70, 0x50, 0x11, 0x7f, 0x72, 0x50, 0xd3, 0x61, 0xd6, 0x02,
  0x50, 0x8d, 0x70, 0x50, 0x11, 0x62, 0x7f, 0x50, 0xa2, 0x50, 0x15, 0x7b, 0x50, 0xd4, 0x61, 0xda,
  0x02, 0x50, 0xa3, 0x70, 0x50, 0x15, 0x62, 0x74, 0x50, 0x8c, 0x50, 0x11, 0x75, 0x50, 0xa4, 0x70,
  0x50, 0x15, 0x62, 0x76, 0x50, 0xa5, 0x70, 0x50, 0x15, 0x7b, 0x50, 0xd5, 0x61, 0xdc, 0x02, 0x50,
  0xa6, 0x70, 0x50, 0x15, 0x62, 0x74, 0x50, 0x8b, 0x70, 0x50, 0x11, 0x75, 0x50, 0xa7, 0x70, 0x50,
  0x15, 0x62, 0x72, 0x50, 0x8c, 0x50, 0x11, 0x76, 0x50, 0xa6, 0x70, 0x50, 0x15, 0x74, 0x50, 0xe4,
  0x70, 0x50, 0xdf, 0x77, 0x50, 0xf1, 0x70, 0x50, 0xe5, 0x61, 0xd6, 0x02, 0x50, 0xa5, 0x50, 0x15,
  0x77, 0x50, 0xff, 0x62, 0x71, 0x50, 0xa4, 0x50, 0x15, 0x76, 0x50, 0xf4, 0x61, 0xdd, 0x02, 0x50,
  0x8d, 0x70, 0x50, 0x11, 0x75, 0x50, 0xa3, 0x70, 0x50, 0x15, 0x62, 0x76, 0x50, 0xa2, 0x70, 0x50,
  0x15, 0x79, 0x50, 0xf5, 0x62, 0x50, 0xa3, 0x50, 0x15, 0x62, 0x73, 0x50, 0x8e, 0x70, 0x50, 0x11,
  0x75, 0x50, 0xa4, 0x70, 0x50, 0x15, 0x62, 0x72, 0x50, 0x8d, 0x70, 0x50, 0x11, 0x74, 0x50, 0xa5,
  0x70, 0x50, 0x15, 0x75, 0x50, 0xf6, 0x62, 0x50, 0xa6, 0x70, 0x50, 0x15, 0x62, 0x79, 0x50, 0xa7,
  0x50, 0x15, 0x62, 0x75, 0x50, 0x8c, 0x50, 0x11, 0x76, 0x50, 0xa6, 0x50, 0x15, 0x76, 0x50, 0xf7,
  0x62, 0x50, 0xa5, 0x70, 0x50, 0x15, 0x61, 0x74, 0x01, 0x50, 0xff, 0x76, 0x50, 0xd1, 0x71, 0x50,
  0xc8, 0x70, 0x50, 0x3f, 0x61, 0x6a, 0x01, 0x50, 0xa4, 0x70, 0x50, 0x15, 0x76, 0x50, 0xd2, 0x61,
  0xdd, 0x02, 0x50, 0x8b, 0x70, 0x50, 0x11, 0x75, 0x50, 0xa3, 0x50, 0x15, 0x62, 0x73, 0x50, 0x8c,
  0x50, 0x11, 0x75, 0x50, 0xa2, 0x70, 0x50, 0x15, 0x62, 0x76, 0x50, 0xa3, 0x70, 0x50, 0x15, 0x62,
  0x77, 0x50, 0xa4, 0x70, 0x50, 0x15, 0x76, 0x50, 0xd3, 0x61, 0xdd, 0x02, 0x50, 0x8d, 0x70, 0x50,
  0x11, 0x75, 0x50, 0xa5, 0x70, 0x50, 0x15, 0x62, 0x76, 0x50, 0xa6, 0x50, 0x15, 0x76, 0x50, 0xd4,
  0x62, 0x72, 0x50, 0xa7, 0x50, 0x15, 0x62, 0x75, 0x50, 0x8e, 0x70, 0x50, 0x11, 0x75, 0x50, 0xa6,
  0x70, 0x50, 0x15, 0x62, 0x71, 0x50, 0x8d, 0x70, 0x50, 0x11, 0x75, 0x50, 0xa5, 0x70, 0x50, 0x15,
  0x76, 0x50, 0xd5, 0x61, 0xde, 0x02, 0x50, 0xa4, 0x70, 0x50, 0x15, 0x61, 0x70, 0x01, 0x50, 0x97,
  0x75, 0x50, 0xb8, 0x61, 0x76, 0x01, 0x50, 0xa3, 0x70, 0x50, 0x15, 0x73, 0x50, 0xb9, 0x61, 0x6b,
  0x01, 0x50, 0x92, 0x71, 0x50, 0x8b, 0x70, 0x50, 0x1a, 0x79, 0x50, 0xb2, 0x71, 0x50, 0xad, 0x70,
  0x50, 0x1f, 0x74, 0x50, 0xdf, 0x77, 0x50, 0xd0, 0x72, 0x50, 0xc9, 0x50, 0x38, 0x61, 0x54, 0x01,
  0x50, 0x8c, 0x70, 0x50, 0x1a, 0x74, 0x50, 0x93, 0x62, 0x73, 0x50, 0x94, 0x76, 0x50, 0xb3, 0x76,
  0x50, 0xdf, 0x62, 0x7a, 0x50, 0xd2, 0x61, 0xd8, 0x02, 0x50, 0x8b, 0x70, 0x50, 0x1a, 0x7f, 0x75,
  0x50, 0xd3, 0x61, 0xd2, 0x02, 0x50, 0x8a, 0x70, 0x50, 0x1a, 0x61, 0xf2, 0x02, 0x50, 0xb4, 0x7a,
  0x50, 0xd4, 0x61, 0xd4, 0x02, 0x50, 0x89, 0x70, 0x50, 0x1a, 0x61, 0xd2, 0x05, 0x50, 0x88, 0x70,
  0x50, 0x1a, 0x7f, 0x75, 0x50, 0xd5, 0x61, 0xd2, 0x02, 0x50, 0x89, 0x70, 0x50, 0x1a, 0x74, 0x50,
  0x95, 0x76, 0x50, 0xb5, 0x61, 0xc5, 0x05, 0x50, 0x8a, 0x70, 0x50, 0x1a, 0x7f, 0x73, 0x50, 0xd0,
  0x62, 0x76, 0x50, 0xdf, 0x61, 0xd7, 0x02, 0x50, 0x8b, 0x70, 0x50, 0x1a, 0x7a, 0x50, 0xb6, 0x77,
  0x50, 0xd2, 0x61, 0xd5, 0x02, 0x50, 0x8c, 0x70, 0x50, 0x1a, 0x61, 0xf9, 0x02, 0x50, 0xd3, 0x61,
  0xc2, 0x05, 0x50, 0x8b, 0x50, 0x1a, 0x78, 0x50, 0xac, 0x70, 0x50, 0x1f, 0x7b, 0x50, 0xd4, 0x61,
  0xd3, 0x02, 0x50, 0x8a, 0x70, 0x50, 0x1a, 0x75, 0x50, 0xad, 0x70, 0x50, 0x1f, 0x62, 0x75, 0x50,
  0xae, 0x70, 0x50, 0x1f, 0x62, 0x74, 0x50, 0x89, 0x70, 0x50, 0x1a, 0x75, 0x50, 0xa0, 0x70, 0x50,
  0x20, 0x7a, 0x50, 0xd5, 0x61, 0xdb, 0x02, 0x50, 0xa1, 0x50, 0x20, 0x62, 0x74, 0x50, 0x97, 0x74,
  0x50, 0x88, 0x50, 0x1a, 0x79, 0x50, 0xb8, 0x74, 0x50, 0xa2, 0x50, 0x20, 0x74, 0x50, 0xb9, 0x61,
  0xd3, 0x02, 0x50, 0x92, 0x71, 0x50, 0x8c, 0x70, 0x50, 0x17, 0x76, 0x50, 0x8d, 0x70, 0x50, 0x17,
  0x74, 0x50, 0x93, 0x77, 0x50, 0xb2, 0x71, 0x50, 0xa5, 0x70, 0x50, 0x1c, 0x78, 0x50, 0xe4, 0x70,
  0x50, 0xdf, 0x76, 0x50, 0xf1, 0x70, 0x50, 0xe5, 0x61, 0xbc, 0x02, 0x50, 0x94, 0x75, 0x50, 0xb3,
  0x76, 0x50, 0xff, 0x62, 0x79, 0x50, 0xf4, 0x61, 0xd9, 0x02, 0x50, 0x8c, 0x70, 0x50, 0x17, 0x62,
  0x78, 0x50, 0x8b, 0x70, 0x50, 0x17, 0x7f, 0x70, 0x50, 0xf5, 0x62, 0x71, 0x50, 0xb4, 0x62, 0x70,
  0x50, 0x8a, 0x50, 0x17, 0x61, 0xf8, 0x02, 0x50, 0xf6, 0x61, 0xda, 0x02, 0x50, 0x89, 0x70, 0x50,
  0x17, 0x62, 0x78, 0x50, 0x8a, 0x70, 0x50, 0x17, 0x74, 0x50, 0x95, 0x75, 0x50, 0xb5, 0x62, 0x7c,
  0x50, 0xf7, 0x61, 0xda, 0x02, 0x50, 0x8b, 0x70, 0x50, 0x17, 0x61, 0x7b, 0x01, 0x50, 0xf1, 0x70,
  0x50, 0xe5, 0x61, 0x55, 0x04, 0x50, 0x8c, 0x70, 0x50, 0x17, 0x7a, 0x50, 0xb6, 0x76, 0x50, 0xff,
  0x61, 0xd6, 0x02, 0x50, 0x8d, 0x70, 0x50, 0x17, 0x7f, 0x70, 0x50, 0xf4, 0x61, 0xcd, 0x05, 0x50,
  0xf5, 0x61, 0xdd, 0x02, 0x50, 0x8c, 0x70, 0x50, 0x17, 0x77, 0x50, 0xa4, 0x70, 0x50, 0x1c, 0x62,
  0x50, 0x8b, 0x70, 0x50, 0x17, 0x75, 0x50, 0xa5, 0x70, 0x50, 0x1c, 0x62, 0x75, 0x50, 0xa6, 0x70,
  0x50, 0x1c, 0x75, 0x50, 0xf6, 0x61, 0xde, 0x02, 0x50, 0x8a, 0x70, 0x50, 0x17, 0x75, 0x50, 0xa7,
  0x50, 0x1c, 0x62, 0x76, 0x50, 0xa9, 0x70, 0x50, 0x1c, 0x62, 0x75, 0x50, 0x97, 0x73, 0x50, 0x89,
  0x70, 0x50, 0x17, 0x79, 0x50, 0xb8, 0x73, 0x50, 0xaa, 0x70, 0x50, 0x1c, 0x73, 0x50, 0xb9, 0x79,
  0x50, 0xf7, 0x61, 0xcd, 0x02, 0x50, 0x92, 0x71, 0x50, 0x8b, 0x70, 0x50, 0x1a, 0x75, 0x50, 0x8c,
  0x70, 0x50, 0x1a, 0x74, 0x50, 0x93, 0x79, 0x50, 0xb2, 0x71, 0x50, 0xad, 0x70, 0x50, 0x17, 0x78,
  0x50, 0xff, 0x77, 0x50, 0xd0, 0x72, 0x50, 0xc6, 0x50, 0x35, 0x61, 0xb6, 0x02, 0x50, 0x94, 0x76,
  0x50, 0xb3, 0x77, 0x50, 0xdf, 0x62, 0x79, 0x50, 0xd2, 0x61, 0xd7, 0x02, 0x50, 0x8b, 0x70, 0x50,
  0x1a, 0x62, 0x78, 0x50, 0x8a, 0x70, 0x50, 0x1a, 0x7f, 0x76, 0x50, 0xd3, 0x61, 0xdb, 0x02, 0x50,
  0xb4, 0x62, 0x70, 0x50, 0x89, 0x70, 0x50, 0x1a, 0x7f, 0x75, 0x50, 0xd4, 0x61, 0xbb, 0x05, 0x50,
  0x88, 0x70, 0x50, 0x1a, 0x62, 0x79, 0x50, 0x89, 0x50, 0x1a, 0x74, 0x50, 0x95, 0x76, 0x50, 0xb5,
  0x7a, 0x50, 0xd5, 0x61, 0xba, 0x05, 0x50, 0x8a, 0x70, 0x50, 0x1a, 0x61, 0xf7, 0x02, 0x50, 0xdf,
  0x77, 0x50, 0xd1, 0x78, 0x50, 0xd2, 0x61, 0xc9, 0x02, 0x50, 0x8b, 0x70, 0x50, 0x1a, 0x7b, 0x50,
  0xb6, 0x61, 0xdd, 0x02, 0x50, 0x8c, 0x50, 0x1a, 0x61, 0xe4, 0x05, 0x50, 0xd3, 0x61, 0xd7, 0x02,
  0x50, 0x8b, 0x70, 0x50, 0x1a, 0x78, 0x50, 0xac, 0x50, 0x17, 0x62, 0x50, 0x8a, 0x70, 0x50, 0x1a,
  0x76, 0x50, 0xad, 0x50, 0x17, 0x7b, 0x50, 0xd4, 0x61, 0xda, 0x02, 0x50, 0xae, 0x70, 0x50, 0x17,
  0x62, 0x73, 0x50, 0x89, 0x70, 0x50, 0x1a, 0x75, 0x50, 0xaf, 0x70, 0x50, 0x17, 0x62, 0x75, 0x50,
  0xa0, 0x70, 0x50, 0x18, 0x76, 0x50, 0xd5, 0x61, 0xdd, 0x02, 0x50, 0x88, 0x70, 0x50, 0x1a, 0x75,
  0x50, 0xa1, 0x50, 0x18, 0x62, 0x73, 0x50, 0x89, 0x70, 0x50, 0x1a, 0x75, 0x50, 0xa0, 0x50, 0x18,
  0x61, 0x71, 0x01, 0x50, 0xe4, 0x70, 0x50, 0xdf, 0x76, 0x50, 0xf1, 0x70, 0x50, 0xe5, 0x61, 0x6b,
  0x01, 0x50, 0xaf, 0x70, 0x50, 0x17, 0x62, 0x74, 0x50, 0x8a, 0x70, 0x50, 0x1a, 0x75, 0x50, 0xae,
  0x70, 0x50, 0x17, 0x76, 0x50, 0xff, 0x61, 0xde, 0x02, 0x50, 0xad, 0x70, 0x50, 0x17, 0x76, 0x50,
  0xf4, 0x61, 0xde, 0x02, 0x50, 0x8b, 0x70, 0x50, 0x1a, 0x74, 0x50, 0xac, 0x70, 0x50, 0x17, 0x62,
  0x72, 0x50, 0x8c, 0x70, 0x50, 0x1a, 0x75, 0x50, 0xad, 0x70, 0x50, 0x17, 0x75, 0x50, 0xf5, 0x62,
  0x50, 0xae, 0x70, 0x50, 0x17, 0x62, 0x79, 0x50, 0xaf, 0x50, 0x17, 0x62, 0x74, 0x50, 0x8b, 0x70,
  0x50, 0x1a, 0x75, 0x50, 0xa0, 0x50, 0x18, 0x76, 0x50, 0xf6, 0x61, 0xdb, 0x02, 0x50, 0x8a, 0x70,
  0x50, 0x1a, 0x75, 0x50, 0xa1, 0x70, 0x50, 0x18, 0x62, 0x76, 0x50, 0xa0, 0x70, 0x50, 0x18, 0x62,
  0x73, 0x50, 0x89, 0x70, 0x50, 0x1a, 0x75, 0x50, 0xaf, 0x70, 0x50, 0x17, 0x75, 0x50, 0xf7, 0x62,
  0x70, 0x50, 0xae, 0x50, 0x17, 0x61, 0x75, 0x01, 0x50, 0xff, 0x77, 0x50, 0xd1, 0x71, 0x50, 0xc9,
  0x70, 0x50, 0x38, 0x61, 0x65, 0x01, 0x50, 0x88, 0x50, 0x1a, 0x75, 0x50, 0xad, 0x70, 0x50, 0x17,
  0x77, 0x50, 0xd2, 0x61, 0xda, 0x02, 0x50, 0x89, 0x70, 0x50, 0x1a, 0x75, 0x50, 0xac, 0x70, 0x50,
  0x17, 0x62, 0x75, 0x50, 0xad, 0x70, 0x50, 0x17, 0x62, 0x74, 0x50, 0x8a, 0x70, 0x50, 0x1a, 0x74,
  0x50, 0xae, 0x70, 0x50, 0x17, 0x62, 0x76, 0x50, 0xaf, 0x70, 0x50, 0x17, 0x76, 0x50, 0xd3, 0x61,
  0xdd, 0x02, 0x50, 0x8b, 0x70, 0x50, 0x1a, 0x75, 0x50, 0xa0, 0x50, 0x18, 0x62, 0x73, 0x50, 0x8c,
  0x70, 0x50, 0x1a, 0x75, 0x50, 0xa1, 0x70, 0x50, 0x18, 0x7a, 0x50, 0xd4, 0x61, 0xdb, 0x02, 0x50,
  0xa0, 0x70, 0x50, 0x18, 0x62, 0x78, 0x50, 0xaf, 0x70, 0x50, 0x17, 0x62, 0x73, 0x50, 0x8b, 0x70,
  0x50, 0x1a, 0x75, 0x50, 0xae, 0x70, 0x50, 0x17, 0x7a, 0x50, 0xd5, 0x61, 0xd6, 0x02, 0x50, 0x8a,
  0x70, 0x50, 0x1a, 0x75, 0x50, 0xb8, 0x73, 0x50, 0xad, 0x70, 0x50, 0x17, 0x74, 0x50, 0xb9, 0x62,
  0x71, 0x50, 0xb2, 0x71, 0x50, 0xab, 0x70, 0x50, 0x23, 0x77, 0x50, 0xdf, 0x77, 0x50, 0xd0, 0x71,
  0x50, 0xc8, 0x70, 0x50, 0x3f, 0x61, 0xcb, 0x02, 0x50, 0x89, 0x50, 0x1a, 0x77, 0x50, 0xb3, 0x77,
  0x50, 0xdf, 0x62, 0x76, 0x50, 0xd2, 0x61, 0xdc, 0x02, 0x50, 0x88, 0x70, 0x50, 0x1a, 0x62, 0x78,
  0x50, 0x89, 0x70, 0x50, 0x1a, 0x7f, 0x72, 0x50, 0xd3, 0x61, 0xdb, 0x02, 0x50, 0xb4, 0x62, 0x73,
  0x50, 0x8a, 0x70, 0x50, 0x1a, 0x7f, 0x71, 0x50, 0xd4, 0x61, 0xbf, 0x05, 0x50, 0x8b, 0x70, 0x50,
  0x1a, 0x62, 0x78, 0x50, 0x8c, 0x70, 0x50, 0x1a, 0x77, 0x50, 0xb5, 0x7a, 0x50, 0xd5, 0x61, 0xa8,
  0x08, 0x50, 0x8b, 0x50, 0x1a, 0x7f, 0x50, 0xd0, 0x61, 0xd9, 0x02, 0x50, 0x8a, 0x70, 0x50, 0x1a,
  0x76, 0x50, 0xb6, 0x77, 0x50, 0xdf, 0x62, 0x76, 0x50, 0xd2, 0x61, 0xdc, 0x02, 0x50, 0x89, 0x70,
  0x50, 0x1a, 0x61, 0xf9, 0x02, 0x50, 0xd3, 0x61, 0xd8, 0x02, 0x50, 0x88, 0x70, 0x50, 0x1a, 0x77,
  0x50, 0xaa, 0x70, 0x50, 0x23, 0x62, 0x70, 0x50, 0x89, 0x50, 0x1a, 0x76, 0x50, 0xab, 0x50, 0x23,
  0x76, 0x50, 0xd4, 0x61, 0xde, 0x02, 0x50, 0xad, 0x70, 0x50, 0x23, 0x62, 0x74, 0x50, 0x8a, 0x70,
  0x50, 0x1a, 0x75, 0x50, 0xae, 0x50, 0x23, 0x62, 0x76, 0x50, 0xa0, 0x70, 0x50, 0x24, 0x76, 0x50,
  0xd5, 0x61, 0xdd, 0x02, 0x50, 0x8b, 0x70, 0x50, 0x1a, 0x75, 0x50, 0xa1, 0x70, 0x50, 0x24, 0x62,
  0x72, 0x50, 0x8c, 0x50, 0x1a, 0x75, 0x50, 0xa0, 0x70, 0x50, 0x24, 0x61, 0x72, 0x01, 0x50, 0xe4,
  0x71, 0x50, 0xdf, 0x76, 0x50, 0xf1, 0x70, 0x50, 0xe5, 0x61, 0x6a, 0x01, 0x50, 0xae, 0x50, 0x23,
  0x62, 0x79, 0x50, 0xad, 0x70, 0x50, 0x23, 0x76, 0x50, 0xff, 0x61, 0xdd, 0x02, 0x50, 0x8b, 0x70,
  0x50, 0x1a, 0x74, 0x50, 0xab, 0x70, 0x50, 0x23, 0x76, 0x50, 0xf4, 0x61, 0xdb, 0x02, 0x50, 0x8a,
  0x70, 0x50, 0x1a, 0x74, 0x50, 0xaa, 0x70, 0x50, 0x23, 0x62, 0x77, 0x50, 0xab, 0x70, 0x50, 0x23,
  0x75, 0x50, 0xf5, 0x61, 0xdd, 0x02, 0x50, 0x89, 0x70, 0x50, 0x1a, 0x75, 0x50, 0xad, 0x70, 0x50,
  0x23, 0x61, 0x74, 0x01, 0x50, 0xf1, 0x70, 0x50, 0xe5, 0x61, 0x70, 0x01, 0x50, 0xae, 0x70, 0x50,
  0x23, 0x62, 0x74, 0x50, 0x88, 0x70, 0x50, 0x1a, 0x75, 0x50, 0xa0, 0x70, 0x50, 0x24, 0x76, 0x50,
  0xff, 0x61, 0xdb, 0x02, 0x50, 0x89, 0x70, 0x50, 0x1a, 0x75, 0x50, 0xa1, 0x50, 0x24, 0x76, 0x50,
  0xf4, 0x62, 0x50, 0xa0, 0x70, 0x50, 0x24, 0x62, 0x74, 0x50, 0x8a, 0x70, 0x50, 0x1a, 0x74, 0x50,
  0xae, 0x70, 0x50, 0x23, 0x75, 0x50, 0xf5, 0x62, 0x70, 0x50, 0xad, 0x70, 0x50, 0x23, 0x61, 0x76,
  0x01, 0x50, 0xf1, 0x71, 0x50, 0xe5, 0x61, 0x6c, 0x01, 0x50, 0x8b, 0x70, 0x50, 0x1a, 0x75, 0x50,
  0xab, 0x50, 0x23, 0x62, 0x73, 0x50, 0x8c, 0x50, 0x1a, 0x76, 0x50, 0xaa, 0x50, 0x23, 0x77, 0x50,
  0xff, 0x62, 0x50, 0xab, 0x50, 0x23, 0x76, 0x50, 0xf4, 0x62, 0x72, 0x50, 0xad, 0x70, 0x50, 0x23,
  0x79, 0x50, 0xf5, 0x61, 0xd9, 0x02, 0x50, 0x8b, 0x70, 0x50, 0x1a, 0x75, 0x50, 0xae, 0x70, 0x50,
  0x23, 0x62, 0x71, 0x50, 0x8a, 0x70, 0x50, 0x1a, 0x75, 0x50, 0xa0, 0x70, 0x50, 0x24, 0x78, 0x50,
  0xf1, 0x70, 0x50, 0xe5, 0x61, 0xdc, 0x02, 0x50, 0xa1, 0x70, 0x50, 0x24, 0x76, 0x50, 0xff, 0x61,
  0xdc, 0x02, 0x50, 0x89, 0x70, 0x50, 0x1a, 0x76, 0x50, 0xa0, 0x50, 0x24, 0x76, 0x50, 0xf4, 0x62,
  0x50, 0xae, 0x70, 0x50, 0x23, 0x62, 0x73, 0x50, 0x88, 0x70, 0x50, 0x1a, 0x75, 0x50, 0xad, 0x70,
  0x50, 0x23, 0x7a, 0x50, 0xf5, 0x61, 0xd7, 0x02, 0x50, 0x89, 0x70, 0x50, 0x1a, 0x75, 0x50, 0xb8,
  0x73, 0x50, 0xab, 0x70, 0x50, 0x23, 0x74, 0x50, 0xb9, 0x62, 0x50, 0xb2, 0x71, 0x50, 0xa7, 0x70,
  0x50, 0x35, 0x7c, 0x50, 0xf1, 0x70, 0x50, 0xe5, 0x61, 0xd1, 0x02, 0x50, 0x8a, 0x70, 0x50, 0x1a,
  0x76, 0x50, 0xb3, 0x76, 0x50, 0xff, 0x62, 0x76, 0x50, 0xf4, 0x61, 0xdd, 0x02, 0x50, 0x8b, 0x70,
  0x50, 0x1a, 0x62, 0x78, 0x50, 0x8c, 0x70, 0x50, 0x1a, 0x7f, 0x70, 0x50, 0xf5, 0x61, 0xd7, 0x02,
  0x50, 0x97, 0x7c, 0x50, 0xb6, 0x61, 0xdd, 0x02, 0x50, 0x9a, 0x7d, 0x50, 0xb9, 0x61, 0xda, 0x02,
  0x50, 0x8b, 0x70, 0x50, 0x1a, 0x7f, 0x75, 0x50, 0xf6, 0x61, 0xd3, 0x02, 0x50, 0x8a, 0x50, 0x1a,
  0x61, 0xd2, 0x05, 0x50, 0x89, 0x70, 0x50, 0x1a, 0x73, 0x50, 0x9b, 0x7f, 0x70, 0x50, 0xf7, 0x61,
  0xd3, 0x02, 0x50, 0x9e, 0x61, 0x77, 0x01, 0x50, 0x9f, 0x74, 0x50, 0x9e, 0x77, 0x50, 0x92, 0x71,
  0x50, 0x85, 0x70, 0x50, 0x0d, 0x61, 0x6d, 0x01, 0x50, 0xf8, 0x62, 0x50, 0x93, 0x76, 0x50, 0xba,
  0x61, 0xd8, 0x05, 0x50, 0xf9, 0x61, 0xcd, 0x05, 0x50, 0xa5, 0x70, 0x50, 0x35, 0x62, 0x76, 0x50,
  0xa7, 0x70, 0x50, 0x35, 0x79, 0x50, 0xfa, 0x61, 0xde, 0x02, 0x50, 0xa9, 0x70, 0x50, 0x35, 0x62,
  0x78, 0x50, 0xac, 0x70, 0x50, 0x35, 0x79, 0x50, 0xfb, 0x61, 0xd9, 0x02, 0x50, 0x94, 0x74, 0x50,
  0xae, 0x70, 0x50, 0x35, 0x62, 0x78, 0x50, 0xa0, 0x70, 0x50, 0x36, 0x61, 0x6e, 0x01, 0x50, 0x95,
  0x61, 0x7b, 0x01, 0x50, 0xae, 0x70, 0x50, 0x35, 0x79, 0x50, 0xfc, 0x61, 0x66, 0x01, 0x50, 0x92,
  0x71, 0x50, 0x89, 0x70, 0x50, 0x0a, 0x61, 0x72, 0x01, 0x50, 0xac, 0x70, 0x50, 0x35, 0x62, 0x76,
  0x50, 0x93, 0x74, 0x50, 0xa9, 0x50, 0x35, 0x62, 0x79, 0x50, 0xa7, 0x70, 0x50, 0x35, 0x79, 0x50,
  0xfd, 0x61, 0xde, 0x02, 0x50, 0xa5, 0x70, 0x50, 0x35, 0x62, 0x79, 0x50, 0xa7, 0x50, 0x35, 0x79,
  0x50, 0xfe, 0x61, 0xde, 0x02, 0x50, 0xa9, 0x70, 0x50, 0x35, 0x73, 0x50, 0xbb, 0x62, 0x74, 0x50,
  0xac, 0x70, 0x50, 0x35, 0x62, 0x78, 0x50, 0xae, 0x70, 0x50, 0x35, 0x79, 0x50, 0xff, 0x61, 0xde,
  0x02, 0x50, 0xa0, 0x70, 0x50, 0x36, 0x62, 0x74, 0x50, 0x94, 0x75, 0x50, 0xae, 0x70, 0x50, 0x35,
  0x62, 0x70, 0x50, 0x95, 0x7b, 0x50, 0xac, 0x70, 0x50, 0x35, 0x62, 0x50, 0x92, 0x72, 0x50, 0x80,
  0x70, 0x50, 0x0a, 0x78, 0x50, 0xa9, 0x50, 0x35, 0x61, 0xdb, 0x02, 0x50, 0x93, 0x75, 0x50, 0xa7,
  0x70, 0x50, 0x35, 0x62, 0x78, 0x50, 0xa5, 0x70, 0x50, 0x35, 0x73, 0x50, 0xbc, 0x62, 0x75, 0x50,
  0xa7, 0x50, 0x35, 0x62, 0x78, 0x50, 0xa9, 0x70, 0x50, 0x35, 0x62, 0x78, 0x50, 0xac, 0x70, 0x50,
  0x35, 0x62, 0x78, 0x50, 0xae, 0x70, 0x50, 0x35, 0x62, 0x79, 0x50, 0xa0, 0x50, 0x36, 0x62, 0x79,
  0x50, 0xae, 0x70, 0x50, 0x35, 0x62, 0x72, 0x50, 0x94, 0x75, 0x50, 0xac, 0x70, 0x50, 0x35, 0x62,
  0x78, 0x50, 0xa9, 0x70, 0x50, 0x35, 0x73, 0x50, 0xbd, 0x61, 0xdd, 0x02, 0x50, 0x95, 0x7a, 0x50,
  0xa7, 0x70, 0x50, 0x35, 0x62, 0x70, 0x50, 0x92, 0x71, 0x50, 0x8e, 0x70, 0x50, 0x08, 0x78, 0x50,
  0xa5, 0x70, 0x50, 0x35, 0x61, 0xdb, 0x02, 0x50, 0x93, 0x75, 0x50, 0xa7, 0x70, 0x50, 0x35, 0x62,
  0x77, 0x50, 0xa9, 0x70, 0x50, 0x35, 0x62, 0x79, 0x50, 0xac, 0x50, 0x35, 0x62, 0x79, 0x50, 0xae,
  0x50, 0x35, 0x62, 0x79, 0x50, 0xa0, 0x70, 0x50, 0x36, 0x62, 0x78, 0x50, 0xae, 0x70, 0x50, 0x35,
  0x74, 0x50, 0xbe, 0x62, 0x73, 0x50, 0xac, 0x70, 0x50, 0x35, 0x62, 0x77, 0x50, 0xa9, 0x70, 0x50,
  0x35, 0x62, 0x73, 0x50, 0x94, 0x74, 0x50, 0xa7, 0x70, 0x50, 0x35, 0x62, 0x78, 0x50, 0xa5, 0x70,
  0x50, 0x35, 0x61, 0x6e, 0x01, 0x50, 0x95, 0x61, 0x7b, 0x01, 0x50, 0xa7, 0x70, 0x50, 0x35, 0x61,
  0x71, 0x01, 0x50, 0x92, 0x71, 0x50, 0x8a, 0x70, 0x50, 0x06, 0x61, 0x71, 0x01, 0x50, 0xa9, 0x70,
  0x50, 0x35, 0x62, 0x76, 0x50, 0x93, 0x74, 0x50, 0xac, 0x70, 0x50, 0x35, 0x62, 0x78, 0x50, 0xae,
  0x70, 0x50, 0x35, 0x73, 0x50, 0xbf, 0x62, 0x74, 0x50, 0xa0, 0x70, 0x50, 0x36, 0x62, 0x79, 0x50,
  0xae, 0x50, 0x35, 0x62, 0x78, 0x50, 0xac, 0x70, 0x50, 0x35, 0x62, 0x78, 0x50, 0xa9, 0x70, 0x50,
  0x35, 0x62, 0x78, 0x50, 0xa7, 0x70, 0x50, 0x35, 0x62, 0x79, 0x50, 0xa5, 0x50, 0x35, 0x62, 0x74,
  0x50, 0x94, 0x74, 0x50, 0xa7, 0x70, 0x50, 0x35, 0x62, 0x78, 0x50, 0xa9, 0x70, 0x50, 0x35, 0x62,
  0x78, 0x50, 0xac, 0x70, 0x50, 0x35, 0x62, 0x78, 0x50, 0xae, 0x70, 0x50, 0x35, 0x62, 0x7c, 0x50,
  0xa0, 0x70, 0x50, 0x36, 0x62, 0x76, 0x50, 0xae, 0x70, 0x50, 0x35, 0x62, 0x77, 0x50, 0xac, 0x70,
  0x50, 0x35, 0x62, 0x71, 0x50, 0x89, 0x70, 0x50, 0x06, 0x78, 0x50, 0xa9, 0x70, 0x50, 0x35, 0x62,
  0x71, 0x50, 0x95, 0x75, 0x50, 0xa7, 0x50, 0x35, 0x62, 0x70, 0x50, 0x88, 0x70, 0x50, 0x06, 0x79,
  0x50, 0xa5, 0x70, 0x50, 0x35, 0x61, 0xde, 0x02, 0x50, 0x89, 0x70, 0x50, 0x06, 0x79, 0x50, 0xa7,
  0x70, 0x50, 0x35, 0x62, 0x75, 0x50, 0xa9, 0x70, 0x50, 0x35, 0x62, 0x70, 0x50, 0x8a, 0x70, 0x50,
  0x06, 0x79, 0x50, 0xac, 0x50, 0x35, 0x61, 0xde, 0x02, 0x50, 0x96, 0x7b, 0x50, 0xae, 0x70, 0x50,
  0x35, 0x62, 0x70, 0x50, 0x92, 0x71, 0x50, 0x80, 0x70, 0x50, 0x0a, 0x78, 0x50, 0xa0, 0x70, 0x50,
  0x36, 0x61, 0xda, 0x02, 0x50, 0x93, 0x75, 0x50, 0xae, 0x70, 0x50, 0x35, 0x62, 0x77, 0x50, 0xac,
  0x70, 0x50, 0x35, 0x62, 0x78, 0x50, 0xa9, 0x70, 0x50, 0x35, 0x62, 0x79, 0x50, 0xa7, 0x50, 0x35,
  0x62, 0x71, 0x50, 0x94, 0x7b, 0x50, 0xa5, 0x70, 0x50, 0x35, 0x62, 0x50, 0x92, 0x72, 0x50, 0x89,
  0x70, 0x50, 0x0a, 0x78, 0x50, 0xa7, 0x70, 0x50, 0x35, 0x61, 0xda, 0x02, 0x50, 0x93, 0x75, 0x50,
  0xa9, 0x70, 0x50, 0x35, 0x62, 0x78, 0x50, 0xac, 0x70, 0x50, 0x35, 0x62, 0x78, 0x50, 0xae, 0x70,
  0x50, 0x35, 0x62, 0x78, 0x50, 0xa0, 0x70, 0x50, 0x36, 0x62, 0x71, 0x50, 0x94, 0x7f, 0x50, 0xae,
  0x70, 0x50, 0x35, 0x62, 0x50, 0x92, 0x71, 0x50, 0x8e, 0x70, 0x50, 0x08, 0x7f, 0x76, 0x50, 0xb2,
  0x71, 0x50, 0xa5, 0x70, 0x50, 0x0d, 0x7f, 0x75, 0x50, 0xd0, 0x72, 0x50, 0xca, 0x50, 0x23, 0x61,
  0xae, 0x02, 0x50, 0x93, 0x76, 0x50, 0xb3, 0x77, 0x50, 0xdf, 0x62, 0x78, 0x50, 0xd2, 0x61, 0xd1,
  0x05, 0x50, 0xd3, 0x61, 0x68, 0x01, 0x50, 0xb4, 0x62, 0x7c, 0x50, 0xb2, 0x61, 0x7c, 0x01, 0x50,
  0xd4, 0x62, 0x75, 0x50, 0xb3, 0x61, 0xcc, 0x05, 0x50, 0x94, 0x7c, 0x50, 0xd5, 0x61, 0x51, 0x04,
  0x50, 0xb4, 0x62, 0x7c, 0x50, 0xb2, 0x7b, 0x50, 0xd0, 0x61, 0x4f, 0x04, 0x50, 0x8f, 0x70, 0x50,
  0x08, 0x7a, 0x50, 0xb3, 0x76, 0x50, 0xdf, 0x61, 0xd4, 0x02, 0x50, 0x8e, 0x70, 0x50, 0x08, 0x7f,
  0x71, 0x50, 0xd2, 0x61, 0xd6, 0x02, 0x50, 0x8d, 0x70, 0x50, 0x08, 0x61, 0xf8, 0x02, 0x50, 0xd3,
  0x61, 0x67, 0x01, 0x50, 0xb4, 0x61, 0x72, 0x01, 0x50, 0x8c, 0x70, 0x50, 0x08, 0x73, 0x50, 0x95,
  0x61, 0x75, 0x01, 0x50, 0xb2, 0x61, 0x6f, 0x01, 0x50, 0x8b, 0x70, 0x50, 0x08, 0x7e, 0x50, 0xd4,
  0x61, 0xda, 0x02, 0x50, 0x8c, 0x50, 0x08, 0x7a, 0x50, 0xb3, 0x61, 0xdd, 0x02, 0x50, 0x8d, 0x70,
  0x50, 0x08, 0x61, 0xf8, 0x02, 0x50, 0xd5, 0x61, 0xda, 0x02, 0x50, 0x8e, 0x50, 0x08, 0x61, 0x76,
  0x01, 0x50, 0xb4, 0x61, 0x73, 0x01, 0x50, 0x8f, 0x50, 0x08, 0x61, 0x79, 0x01, 0x50, 0xb2, 0x78,
  0x50, 0xe4, 0x70, 0x50, 0xdf, 0x76, 0x50, 0xf1, 0x71, 0x50, 0xe5, 0x61, 0x5e, 0x01, 0x50, 0x8e,
  0x50, 0x08, 0x62, 0x78, 0x50, 0x8d, 0x70, 0x50, 0x08, 0x77, 0x50, 0xb3, 0x76, 0x50, 0xff, 0x62,
  0x76, 0x50, 0xf4, 0x61, 0xdd, 0x02, 0x50, 0x8c, 0x50, 0x08, 0x7f, 0x71, 0x50, 0xf5, 0x61, 0xd7,
  0x02, 0x50, 0x8b, 0x50, 0x08, 0x75, 0x50, 0xb4, 0x62, 0x73, 0x50, 0x8c, 0x70, 0x50, 0x08, 0x76,
  0x50, 0xb5, 0x75, 0x50, 0xb6, 0x61, 0xdb, 0x02, 0x50, 0x8d, 0x70, 0x50, 0x08, 0x7f, 0x70, 0x50,
  0xf6, 0x61, 0xc0, 0x05, 0x50, 0x8e, 0x70, 0x50, 0x08, 0x62, 0x78, 0x50, 0x8f, 0x70, 0x50, 0x08,
  0x77, 0x50, 0xb7, 0x78, 0x50, 0xf7, 0x61, 0xd8, 0x02, 0x50, 0x8e, 0x70, 0x50, 0x08, 0x62, 0x77,
  0x50, 0x8d, 0x70, 0x50, 0x08, 0x77, 0x50, 0xb8, 0x75, 0x50, 0xff, 0x76, 0x50, 0xd1, 0x78, 0x50,
  0xd2, 0x61, 0xb4, 0x05, 0x50, 0x8c, 0x70, 0x50, 0x08, 0x77, 0x50, 0xa6, 0x70, 0x50, 0x0d, 0x74,
  0x50, 0xb9, 0x61, 0xda, 0x02, 0x50, 0x8b, 0x70, 0x50, 0x08, 0x75, 0x50, 0xa5, 0x70, 0x50, 0x0d,
  0x62, 0x71, 0x50, 0x8c, 0x70, 0x50, 0x08, 0x75, 0x50, 0xa4, 0x70, 0x50, 0x0d, 0x74, 0x50, 0xba,
  0x7a, 0x50, 0xd3, 0x61, 0xd1, 0x02, 0x50, 0x8d, 0x70, 0x50, 0x08, 0x75, 0x50, 0xa3, 0x70, 0x50,
  0x0d, 0x62, 0x76, 0x50, 0xa2, 0x50, 0x0d, 0x7f, 0x50, 0xd4, 0x61, 0xd4, 0x02, 0x50, 0x8e, 0x70,
  0x50, 0x08, 0x75, 0x50, 0xa1, 0x70, 0x50, 0x0d, 0x62, 0x71, 0x50, 0x8f, 0x70, 0x50, 0x08, 0x76,
  0x50, 0xa2, 0x70, 0x50, 0x0d, 0x73, 0x50, 0xbb, 0x61, 0xdd, 0x02, 0x50, 0x8e, 0x70, 0x50, 0x08,
  0x75, 0x50, 0xa3, 0x70, 0x50, 0x0d, 0x7e, 0x50, 0xd5, 0x61, 0xd2, 0x02, 0x50, 0x8d, 0x50, 0x08,
  0x75, 0x50, 0xa4, 0x70, 0x50, 0x0d, 0x74, 0x50, 0xbc, 0x61, 0x6a, 0x01, 0x50, 0xbd, 0x61, 0x76,
  0x01, 0x50, 0xa5, 0x70, 0x50, 0x0d, 0x61, 0x75, 0x01, 0x50, 0xb2, 0x71, 0x50, 0xa9, 0x70, 0x50,
  0x0a, 0x74, 0x50, 0xdf, 0x78, 0x50, 0xd0, 0x61, 0x5e, 0x01, 0x50, 0x8c, 0x70, 0x50, 0x08, 0x62,
  0x78, 0x50, 0x8b, 0x70, 0x50, 0x08, 0x76, 0x50, 0xb3, 0x77, 0x50, 0xdf, 0x61, 0xda, 0x02, 0x50,
  0x8c, 0x70, 0x50, 0x08, 0x7d, 0x50, 0xd2, 0x61, 0xda, 0x02, 0x50, 0x8d, 0x70, 0x50, 0x08, 0x61,
  0xf4, 0x02, 0x50, 0xd3, 0x61, 0x6b, 0x01, 0x50, 0xb4, 0x61, 0x72, 0x01, 0x50, 0x8e, 0x70, 0x50,
  0x08, 0x61, 0x79, 0x01, 0x50, 0xb2, 0x71, 0x50, 0xae, 0x70, 0x50, 0x08, 0x61, 0x6c, 0x01, 0x50,
  0x8f, 0x70, 0x50, 0x08, 0x7a, 0x50, 0xd4, 0x61, 0xde, 0x02, 0x50, 0x8e, 0x50, 0x08, 0x77, 0x50,
  0xb3, 0x62, 0x70, 0x50, 0x8d, 0x70, 0x50, 0x08, 0x61, 0xf4, 0x02, 0x50, 0xd5, 0x61, 0xdd, 0x02,
  0x50, 0x8c, 0x70, 0x50, 0x08, 0x61, 0x76, 0x01, 0x50, 0xb4, 0x61, 0x73, 0x01, 0x50, 0x8b, 0x50,
  0x08, 0x61, 0x7b, 0x01, 0x50, 0xb2, 0x71, 0x50, 0xaa, 0x70, 0x50, 0x06, 0x74, 0x50, 0xdf, 0x77,
  0x50, 0xd1, 0x61, 0x5e, 0x01, 0x50, 0x8c, 0x70, 0x50, 0x08, 0x7b, 0x50, 0xd2, 0x61, 0xdc, 0x02,
  0x50, 0x8d, 0x70, 0x50, 0x08, 0x76, 0x50, 0xb3, 0x75, 0x50, 0xd3, 0x61, 0xc4, 0x05, 0x50, 0x8e,
  0x70, 0x50, 0x08, 0x7c, 0x50, 0xd4, 0x61, 0xdb, 0x02, 0x50, 0x8f, 0x70, 0x50, 0x08, 0x61, 0x76,
  0x01, 0x50, 0xb4, 0x61, 0x73, 0x01, 0x50, 0x8e, 0x70, 0x50, 0x08, 0x61, 0x76, 0x01, 0x50, 0xb5,
  0x78, 0x50, 0xd1, 0x61, 0x68, 0x01, 0x50, 0x8d, 0x70, 0x50, 0x08, 0x76, 0x50, 0xb6, 0x77, 0x50,
  0xd2, 0x62, 0x75, 0x50, 0xd3, 0x61, 0xde, 0x02, 0x50, 0x8c, 0x70, 0x50, 0x08, 0x62, 0x78, 0x50,
  0x8b, 0x70, 0x50, 0x08, 0x7f, 0x72, 0x50, 0xd4, 0x61, 0xd6, 0x02, 0x50, 0x8c, 0x70, 0x50, 0x08,
  0x75, 0x50, 0xb7, 0x75, 0x50, 0xb8, 0x61, 0xdb, 0x02, 0x50, 0x8d, 0x70, 0x50, 0x08, 0x79, 0x50,
  0xb2, 0x72, 0x50, 0xa9, 0x50, 0x0a, 0x78, 0x50, 0xe4, 0x70, 0x50, 0xdf, 0x76, 0x50, 0xf1, 0x71,
  0x50, 0xe5, 0x61, 0xce, 0x02, 0x50, 0xb3, 0x76, 0x50, 0xff, 0x61, 0xdd, 0x02, 0x50, 0x8e, 0x50,
  0x08, 0x7d, 0x50, 0xf4, 0x61, 0xdb, 0x02, 0x50, 0x8f, 0x70, 0x50, 0x08, 0x62, 0x78, 0x50, 0x8e,
  0x70, 0x50, 0x08, 0x7f, 0x71, 0x50, 0xf5, 0x61, 0xd6, 0x02, 0x50, 0x8d, 0x70, 0x50, 0x08, 0x75,
  0x50, 0xb4, 0x62, 0x79, 0x50, 0xb2, 0x72, 0x50, 0xae, 0x50, 0x08, 0x62, 0x50, 0x8c, 0x70, 0x50,
  0x08, 0x77, 0x50, 0xb3, 0x78, 0x50, 0xf6, 0x61, 0xd7, 0x02, 0x50, 0x8b, 0x70, 0x50, 0x08, 0x62,
  0x79, 0x50, 0x8c, 0x70, 0x50, 0x08, 0x62, 0x78, 0x50, 0x8d, 0x50, 0x08, 0x7f, 0x71, 0x50, 0xf7,
  0x61, 0xdb, 0x02, 0x50, 0xb4, 0x62, 0x75, 0x50, 0x8e, 0x70, 0x50, 0x08, 0x79, 0x50, 0xb2, 0x71,
  0x50, 0xaa, 0x70, 0x50, 0x06, 0x78, 0x50, 0xff, 0x76, 0x50, 0xd1, 0x79, 0x50, 0xd2, 0x61, 0xc1,
  0x02, 0x50, 0x8f, 0x70, 0x50, 0x08, 0x76, 0x50, 0xb3, 0x62, 0x72, 0x50, 0x8e, 0x50, 0x08, 0x62,
  0x78, 0x50, 0x8d, 0x70, 0x50, 0x08, 0x61, 0xf9, 0x02, 0x50, 0xd3, 0x61, 0xd8, 0x02, 0x50, 0x8c,
  0x70, 0x50, 0x08, 0x62, 0x79, 0x50, 0x8b, 0x50, 0x08, 0x7f, 0x72, 0x50, 0xd4, 0x61, 0xd6, 0x02,
  0x50, 0x8c, 0x50, 0x08, 0x62, 0x78, 0x50, 0x8d, 0x70, 0x50, 0x08, 0x62, 0x7e, 0x50, 0xb4, 0x75,
  0x50, 0xd5, 0x62, 0x70, 0x50, 0x8e, 0x70, 0x50, 0x08, 0x61, 0x71, 0x01, 0x50, 0x96, 0x75, 0x50,
  0xb5, 0x61, 0x6f, 0x01, 0x50, 0x8f, 0x50, 0x08, 0x61, 0x75, 0x01, 0x50, 0x97, 0x78, 0x50, 0xb2,
  0x72, 0x50, 0xa4, 0x50, 0x06, 0x75, 0x50, 0xdf, 0x77, 0x50, 0xd0, 0x71, 0x50, 0xca, 0x70, 0x50,
  0x21, 0x61, 0x57, 0x01, 0x50, 0x8e, 0x70, 0x50, 0x08, 0x62, 0x78, 0x50, 0x8d, 0x70, 0x50, 0x08,
  0x73, 0x50, 0x98, 0x76, 0x50, 0xb3, 0x76, 0x50, 0xdf, 0x62, 0x76, 0x50, 0xd2, 0x61, 0xd9, 0x02,
  0x50, 0x8c, 0x70, 0x50, 0x08, 0x73, 0x50, 0x99, 0x62, 0x74, 0x50, 0x8b, 0x70, 0x50, 0x08, 0x7f,
  0x70, 0x50, 0xd3, 0x61, 0xd8, 0x02, 0x50, 0x8c, 0x70, 0x50, 0x08, 0x73, 0x50, 0x9a, 0x62, 0x73,
  0x50, 0x8d, 0x70, 0x50, 0x08, 0x7f, 0x70, 0x50, 0xd4, 0x61, 0xc1, 0x05, 0x50, 0x8e, 0x50, 0x08,
  0x62, 0x79, 0x50, 0x8f, 0x70, 0x50, 0x08, 0x73, 0x50, 0x9b, 0x76, 0x50, 0xb4, 0x75, 0x50, 0xd5,
  0x61, 0xd7, 0x02, 0x50, 0x8e, 0x70, 0x50, 0x08, 0x61, 0x74, 0x01, 0x50, 0x9c, 0x61, 0x74, 0x01,
  0x50, 0x8d, 0x70, 0x50, 0x08, 0x73, 0x50, 0x9d, 0x61, 0x73, 0x01, 0x50, 0x92, 0x71, 0x50, 0x80,
  0x70, 0x50, 0x0a, 0x7a, 0x50, 0xd0, 0x61, 0x4e, 0x04, 0x50, 0x93, 0x7f, 0x71, 0x50, 0xdf, 0x62,
  0x76, 0x50, 0xd2, 0x61, 0xc9, 0x05, 0x50, 0xa3, 0x70, 0x50, 0x06, 0x7e, 0x50, 0xd3, 0x61, 0xdc,
  0x02, 0x50, 0xb5, 0x62, 0x76, 0x50, 0xa2, 0x70, 0x50, 0x06, 0x7f, 0x50, 0xd4, 0x61, 0xd9, 0x02,
  0x50, 0xa3, 0x70, 0x50, 0x06, 0x61, 0xcb, 0x05, 0x50, 0x94, 0x75, 0x50, 0xa4, 0x50, 0x06, 0x7f,
  0x50, 0xd5, 0x61, 0xca, 0x05, 0x50, 0xe4, 0x70, 0x50, 0xdf, 0x76, 0x50, 0xf1, 0x70, 0x50, 0xe5,
  0x61, 0xde, 0x02, 0x50, 0xff, 0x62, 0x50, 0x81, 0x70, 0x50, 0x0a, 0x7e, 0x50, 0xf4, 0x61, 0xd7,
  0x02, 0x50, 0x80, 0x50, 0x0a, 0x79, 0x50, 0xa3, 0x70, 0x50, 0x06, 0x61, 0xdd, 0x02, 0x50, 0x8f,
  0x70, 0x50, 0x09, 0x7f, 0x72, 0x50, 0xf5, 0x61, 0xde, 0x02, 0x50, 0xa2, 0x50, 0x06, 0x62, 0x70,
  0x50, 0x8e, 0x70, 0x50, 0x09, 0x74, 0x50, 0x95, 0x75, 0x50, 0xa3, 0x70, 0x50, 0x06, 0x61, 0xdd,
  0x02, 0x50, 0x8d, 0x50, 0x09, 0x7f, 0x72, 0x50, 0xf6, 0x61, 0xd6, 0x02, 0x50, 0x8e, 0x70, 0x50,
  0x09, 0x79, 0x50, 0xa4, 0x70, 0x50, 0x06, 0x61, 0xdd, 0x02, 0x50, 0x8f, 0x70, 0x50, 0x09, 0x61,
  0xf9, 0x02, 0x50, 0xf7, 0x61, 0xd8, 0x02, 0x50, 0x96, 0x73, 0x50, 0x80, 0x70, 0x50, 0x0a, 0x62,
  0x77, 0x50, 0x92, 0x71, 0x50, 0x8e, 0x70, 0x50, 0x08, 0x7d, 0x50, 0xff, 0x76, 0x50, 0xd1, 0x78,
  0x50, 0xd2, 0x61, 0xc7, 0x02, 0x50, 0x93, 0x74, 0x50, 0xa3, 0x70, 0x50, 0x06, 0x61, 0xd1, 0x05,
  0x50, 0xa2, 0x50, 0x06, 0x62, 0x7c, 0x50, 0xa3, 0x70, 0x50, 0x06, 0x76, 0x50, 0xd3, 0x61, 0xc7,
  0x05, 0x50, 0xa4, 0x70, 0x50, 0x06, 0x76, 0x50, 0xd4, 0x61, 0xae, 0x08, 0x50, 0x94, 0x7a, 0x50,
  0xd5, 0x61, 0x52, 0x04, 0x50, 0x95, 0x75, 0x50, 0xb6, 0x61, 0x75, 0x01, 0x50, 0xa3, 0x50, 0x06,
  0x61, 0x71, 0x01, 0x50, 0x92, 0x71, 0x50, 0x86, 0x70, 0x50, 0x08, 0x79, 0x50, 0xb2, 0x71, 0x50,
  0xa0, 0x70, 0x50, 0x0a, 0x74, 0x50, 0xdf, 0x77, 0x50, 0xd0, 0x61, 0x3f, 0x04, 0x50, 0x93, 0x75,
  0x50, 0xb3, 0x77, 0x50, 0xdf, 0x62, 0x78, 0x50, 0xd2, 0x61, 0xd2, 0x05, 0x50, 0xd3, 0x61, 0x68,
  0x01, 0x50, 0xb4, 0x62, 0x7c, 0x50, 0xb2, 0x72, 0x50, 0xa6, 0x50, 0x08, 0x61, 0x79, 0x01, 0x50,
  0xd4, 0x62, 0x75, 0x50, 0xb3, 0x61, 0xcc, 0x05, 0x50, 0x94, 0x7c, 0x50, 0xd5, 0x61, 0x51, 0x04,
  0x50, 0xb4, 0x61, 0x7e, 0x01, 0x50, 0xb2, 0x71, 0x50, 0xa4, 0x70, 0x50, 0x06, 0x77, 0x50, 0xdf,
  0x77, 0x50, 0xd1, 0x79, 0x50, 0xd2, 0x61, 0xc9, 0x02, 0x50, 0xb3, 0x7a, 0x50, 0xd3, 0x61, 0xd9,
  0x02, 0x50, 0x87, 0x70, 0x50, 0x08, 0x62, 0x76, 0x50, 0x86, 0x50, 0x08, 0x7f, 0x76, 0x50, 0xd4,
  0x61, 0xd1, 0x02, 0x50, 0x85, 0x70, 0x50, 0x08, 0x62, 0x78, 0x50, 0x95, 0x76, 0x50, 0x96, 0x75,
  0x50, 0xb4, 0x62, 0x50, 0x92, 0x71, 0x50, 0x8e, 0x70, 0x50, 0x08, 0x79, 0x50, 0xb5, 0x75, 0x50,
  0xb6, 0x77, 0x50, 0xd1, 0x79, 0x50, 0xd2, 0x61, 0xc3, 0x02, 0x50, 0x93, 0x7f, 0x71, 0x50, 0xd3,
  0x61, 0xd2, 0x05, 0x50, 0xd4, 0x61, 0xde, 0x02, 0x50, 0xb7, 0x62, 0x78, 0x50, 0xb8, 0x62, 0x7d,
  0x50, 0xb2, 0x71, 0x50, 0xa0, 0x70, 0x50, 0x0a, 0x78, 0x50, 0xe4, 0x70, 0x50, 0xdf, 0x76, 0x50,
  0xf1, 0x70, 0x50, 0xe5, 0x61, 0xd2, 0x02, 0x50, 0xb3, 0x76, 0x50, 0xff, 0x62, 0x78, 0x50, 0xf4,
  0x61, 0xdc, 0x02, 0x50, 0x94, 0x61, 0xfa, 0x02, 0x50, 0xf5, 0x61, 0xde, 0x02, 0x50, 0xb4, 0x62,
  0x7c, 0x50, 0xb2, 0x71, 0x50, 0xa6, 0x70, 0x50, 0x08, 0x62, 0x50, 0x8f, 0x50, 0x08, 0x7b, 0x50,
  0xb3, 0x79, 0x50, 0xf6, 0x61, 0xd1, 0x02, 0x50, 0x8e, 0x50, 0x08, 0x62, 0x78, 0x50, 0x8d, 0x70,
  0x50, 0x08, 0x61, 0xf7, 0x02, 0x50, 0xf7, 0x61, 0x66, 0x01, 0x50, 0x95, 0x75, 0x50, 0xb4, 0x61,
  0x6e, 0x01, 0x50, 0x8c, 0x70, 0x50, 0x08, 0x73, 0x50, 0x96, 0x61, 0x73, 0x01, 0x50, 0x92, 0x71,
  0x50, 0x80, 0x70, 0x50, 0x0a, 0x79, 0x50, 0xb2, 0x71, 0x50, 0xa4, 0x70, 0x50, 0x06, 0x75, 0x50,
  0xff, 0x76, 0x50, 0xd1, 0x61, 0x5f, 0x01, 0x50, 0xd2, 0x62, 0x70, 0x50, 0x93, 0x75, 0x50, 0xb3,
  0x61, 0xc2, 0x08, 0x50, 0xd3, 0x61, 0xd2, 0x05, 0x50, 0xd4, 0x61, 0xaf, 0x08, 0x50, 0x94, 0x75,
  0x50, 0xb4, 0x76, 0x50, 0xd5, 0x61, 0x4f, 0x04, 0x50, 0x95, 0x75, 0x50, 0xb5, 0x62, 0x76, 0x50,
  0x92, 0x71, 0x50, 0x8e, 0x70, 0x50, 0x08, 0x79, 0x50, 0xb2, 0x71, 0x50, 0xa5, 0x70, 0x50, 0x0d,
  0x75, 0x50, 0xdf, 0x77, 0x50, 0xd0, 0x71, 0x50, 0xca, 0x70, 0x50, 0x23, 0x61, 0x3b, 0x04, 0x50,
  0x93, 0x76, 0x50, 0xb3, 0x76, 0x50, 0xdf, 0x62, 0x78, 0x50, 0xd2, 0x61, 0xd2, 0x05, 0x50, 0xd3,
  0x61, 0x69, 0x01, 0x50, 0xb4, 0x62, 0x7c, 0x50, 0xb2, 0x61, 0x7b, 0x01, 0x50, 0xd4, 0x62, 0x76,
  0x50, 0xb3, 0x61, 0xcb, 0x05, 0x50, 0x94, 0x7f, 0x72, 0x50, 0xd5, 0x61, 0xdc, 0x02, 0x50, 0xb4,
  0x62, 0x7c, 0x50, 0xb2, 0x7e, 0x50, 0xd0, 0x61, 0xd9, 0x02, 0x50, 0xb3, 0x77, 0x50, 0xdf, 0x61,
  0xdb, 0x02, 0x50, 0x8f, 0x70, 0x50, 0x08, 0x7f, 0x71, 0x50, 0xd2, 0x61, 0xd4, 0x02, 0x50, 0x8e,
  0x70, 0x50, 0x08, 0x62, 0x78, 0x50, 0x8d, 0x50, 0x08, 0x7f, 0x76, 0x50, 0xd3, 0x61, 0xda, 0x02,
  0x50, 0xb4, 0x62, 0x71, 0x50, 0x8c, 0x70, 0x50, 0x08, 0x73, 0x50, 0x95, 0x77, 0x50, 0xb2, 0x7f,
  0x71, 0x50, 0xd4, 0x61, 0xca, 0x02, 0x50, 0x8b, 0x70, 0x50, 0x08, 0x7a, 0x50, 0xb3, 0x61, 0xde,
  0x02, 0x50, 0x8c, 0x50, 0x08, 0x62, 0x78, 0x50, 0x8d, 0x70, 0x50, 0x08, 0x7f, 0x75, 0x50, 0xd5,
  0x61, 0xbb, 0x05, 0x50, 0x8e, 0x70, 0x50, 0x08, 0x79, 0x50, 0xb4, 0x62, 0x50, 0x8f, 0x50, 0x08,
  0x7c, 0x50, 0xb2, 0x7b, 0x50, 0xe4, 0x70, 0x50, 0xdf, 0x76, 0x50, 0xf1, 0x70, 0x50, 0xe5, 0x61,
  0xc7, 0x02, 0x50, 0x8e, 0x70, 0x50, 0x08, 0x77, 0x50, 0xb3, 0x76, 0x50, 0xff, 0x61, 0xd9, 0x02,
  0x50, 0x8d, 0x70, 0x50, 0x08, 0x7d, 0x50, 0xf4, 0x61, 0xc3, 0x05, 0x50, 0x8c, 0x70, 0x50, 0x08,
  0x7f, 0x70, 0x50, 0xf5, 0x61, 0xd7, 0x02, 0x50, 0x8b, 0x70, 0x50, 0x08, 0x75, 0x50, 0xb4, 0x61,
  0x70, 0x01, 0x50, 0xb5, 0x61, 0x72, 0x01, 0x50, 0x8c, 0x70, 0x50, 0x08, 0x76, 0x50, 0xb6, 0x62,
  0x71, 0x50, 0x8d, 0x70, 0x50, 0x08, 0x7c, 0x50, 0xf6, 0x61, 0xc4, 0x05, 0x50, 0x8e, 0x70, 0x50,
  0x08, 0x62, 0x78, 0x50, 0x8f, 0x70, 0x50, 0x08, 0x76, 0x50, 0xb7, 0x75, 0x50, 0xf7, 0x61, 0xdc,
  0x02, 0x50, 0x8e, 0x70, 0x50, 0x08, 0x61, 0x77, 0x01, 0x50, 0xff, 0x77, 0x50, 0xd1, 0x61, 0x68,
  0x01, 0x50, 0x8d, 0x70, 0x50, 0x08, 0x76, 0x50, 0xb8, 0x77, 0x50, 0xd2, 0x62, 0x70, 0x50, 0xa6,
  0x70, 0x50, 0x0d, 0x62, 0x72, 0x50, 0x8c, 0x50, 0x08, 0x76, 0x50, 0xa5, 0x50, 0x0d, 0x74, 0x50,
  0xb9, 0x61, 0xdd, 0x02, 0x50, 0x8b, 0x70, 0x50, 0x08, 0x74, 0x50, 0xa4, 0x70, 0x50, 0x0d, 0x62,
  0x72, 0x50, 0x8c, 0x70, 0x50, 0x08, 0x75, 0x50, 0xa3, 0x70, 0x50, 0x0d, 0x73, 0x50, 0xba, 0x75,
  0x50, 0xd3, 0x61, 0xd7, 0x02, 0x50, 0x8d, 0x70, 0x50, 0x08, 0x74, 0x50, 0xa2, 0x70, 0x50, 0x0d,
  0x62, 0x76, 0x50, 0xa1, 0x70, 0x50, 0x0d, 0x7a, 0x50, 0xd4, 0x61, 0xd9, 0x02, 0x50, 0x8e, 0x70,
  0x50, 0x08, 0x75, 0x50, 0xa2, 0x70, 0x50, 0x0d, 0x62, 0x71, 0x50, 0x8f, 0x70, 0x50, 0x08, 0x75,
  0x50, 0xa3, 0x70, 0x50, 0x0d, 0x73, 0x50, 0xbb, 0x61, 0xde, 0x02, 0x50, 0x8e, 0x70, 0x50, 0x08,
  0x74, 0x50, 0xa4, 0x70, 0x50, 0x0d, 0x7a, 0x50, 0xd5, 0x61, 0xd7, 0x02, 0x50, 0x8d, 0x50, 0x08,
  0x75, 0x50, 0xa5, 0x70, 0x50, 0x0d, 0x73, 0x50, 0xbc, 0x61, 0x69, 0x01, 0x50, 0x96, 0x76, 0x50,
  0xbd, 0x61, 0x76, 0x01, 0x50, 0xa6, 0x50, 0x0d, 0x61, 0x6f, 0x01, 0x50, 0x92, 0x72, 0x50, 0x85,
  0x50, 0x0d, 0x79, 0x50, 0xb2, 0x72, 0x50, 0xad, 0x50, 0x11, 0x75, 0x50, 0xdf, 0x77, 0x50, 0xd0,
  0x61, 0x3e, 0x04, 0x50, 0x93, 0x76, 0x50, 0xb3, 0x76, 0x50, 0xdf, 0x62, 0x79, 0x50, 0xd2, 0x62,
  0x7e, 0x50, 0xd3, 0x61, 0xdd, 0x02, 0x50, 0xb4, 0x62, 0x7c, 0x50, 0xb2, 0x7f, 0x70, 0x50, 0xd4,
  0x61, 0xd7, 0x02, 0x50, 0xb3, 0x61, 0xdd, 0x05, 0x50, 0xd5, 0x61, 0xd7, 0x02, 0x50, 0x94, 0x62,
  0x7e, 0x50, 0xb4, 0x62, 0x7a, 0x50, 0xb5, 0x75, 0x50, 0xb6, 0x74, 0x50, 0xdf, 0x77, 0x50, 0xd1,
  0x78, 0x50, 0xd2, 0x61, 0xd9, 0x02, 0x50, 0xd3, 0x61, 0xd9, 0x02, 0x50, 0x86, 0x50, 0x0d, 0x62,
  0x76, 0x50, 0x85, 0x70, 0x50, 0x0d, 0x7f, 0x76, 0x50, 0xd4, 0x61, 0xd1, 0x02, 0x50, 0x84, 0x70,
  0x50, 0x0d, 0x7a, 0x50, 0xb7, 0x61, 0xdd, 0x02, 0x50, 0x83, 0x70, 0x50, 0x0d, 0x62, 0x78, 0x50,
  0x82, 0x70, 0x50, 0x0d, 0x73, 0x50, 0x95, 0x77, 0x50, 0xb8, 0x77, 0x50, 0xd1, 0x78, 0x50, 0xd2,
  0x61, 0xcb, 0x02, 0x50, 0x81, 0x70, 0x50, 0x0d, 0x7c, 0x50, 0xae, 0x70, 0x50, 0x11, 0x7e, 0x50,
  0xd3, 0x61, 0xcc, 0x02, 0x50, 0x82, 0x70, 0x50, 0x0d, 0x79, 0x50, 0xad, 0x70, 0x50, 0x11, 0x73,
  0x50, 0xb9, 0x61, 0xd9, 0x02, 0x50, 0x83, 0x50, 0x0d, 0x79, 0x50, 0xac, 0x70, 0x50, 0x11, 0x7e,
  0x50, 0xd4, 0x61, 0xcf, 0x02, 0x50, 0x84, 0x50, 0x0d, 0x79, 0x50, 0xaa, 0x70, 0x50, 0x11, 0x74,
  0x50, 0xba, 0x61, 0xd9, 0x02, 0x50, 0x96, 0x73, 0x50, 0x85, 0x70, 0x50, 0x0d, 0x7d, 0x50, 0xa9,
  0x70, 0x50, 0x11, 0x61, 0xd8, 0x02, 0x50, 0x92, 0x71, 0x50, 0x89, 0x70, 0x50, 0x0a, 0x7c, 0x50,
  0xb2, 0x71, 0x50, 0xa5, 0x70, 0x50, 0x0d, 0x77, 0x50, 0xe4, 0x70, 0x50, 0xdf, 0x77, 0x50, 0xf1,
  0x70, 0x50, 0xe5, 0x61, 0xc3, 0x02, 0x50, 0x93, 0x76, 0x50, 0xb3, 0x76, 0x50, 0xff, 0x62, 0x77,
  0x50, 0xf4, 0x61, 0xd2, 0x05, 0x50, 0xf5, 0x61, 0x69, 0x01, 0x50, 0xb4, 0x62, 0x7c, 0x50, 0xb2,
  0x61, 0x60, 0x04, 0x50, 0xb3, 0x75, 0x50, 0xf6, 0x61, 0xc6, 0x05, 0x50, 0x94, 0x61, 0xf5, 0x02,
  0x50, 0xf7, 0x61, 0x69, 0x01, 0x50, 0xb4, 0x62, 0x7a, 0x50, 0xb5, 0x76, 0x50, 0xff, 0x76, 0x50,
  0xd1, 0x61, 0x6c, 0x01, 0x50, 0xb6, 0x76, 0x50, 0xd2, 0x61, 0xdd, 0x02, 0x50, 0x8a, 0x50, 0x0a,
  0x62, 0x77, 0x50, 0x89, 0x50, 0x0a, 0x62, 0x78, 0x50, 0x88, 0x70, 0x50, 0x0a, 0x62, 0x78, 0x50,
  0x87, 0x70, 0x50, 0x0a, 0x7a, 0x50, 0xb7, 0x75, 0x50, 0xd3, 0x61, 0xda, 0x02, 0x50, 0x95, 0x62,
  0x76, 0x50, 0x86, 0x70, 0x50, 0x0a, 0x7a, 0x50, 0xb8, 0x76, 0x50, 0xd4, 0x61, 0xd7, 0x02, 0x50,
  0x87, 0x70, 0x50, 0x0a, 0x7b, 0x50, 0xa6, 0x70, 0x50, 0x0d, 0x62, 0x73, 0x50, 0xa5, 0x70, 0x50,
  0x0d, 0x73, 0x50, 0xb9, 0x61, 0xdc, 0x02, 0x50, 0x88, 0x70, 0x50, 0x0a, 0x78, 0x50, 0xa4, 0x70,
  0x50, 0x0d, 0x7a, 0x50, 0xd5, 0x61, 0xd3, 0x02, 0x50, 0x96, 0x74, 0x50, 0x89, 0x50, 0x0a, 0x79,
  0x50, 0xba, 0x74, 0x50, 0xa3, 0x50, 0x0d, 0x61, 0xd8, 0x02, 0x50, 0x92, 0x71, 0x50, 0x8e, 0x70,
  0x50, 0x0b, 0x7b, 0x50, 0xb2, 0x71, 0x50, 0xa0, 0x70, 0x50, 0x0a, 0x78, 0x50, 0xdf, 0x77, 0x50,
  0xd0, 0x71, 0x50, 0xce, 0x70, 0x50, 0x2c, 0x61, 0xc2, 0x02, 0x50, 0x93, 0x76, 0x50, 0xb3, 0x77,
  0x50, 0xdf, 0x62, 0x78, 0x50, 0xd2, 0x61, 0xd7, 0x05, 0x50, 0xd3, 0x61, 0xdc, 0x02, 0x50, 0xb4,
  0x62, 0x7c, 0x50, 0xb2, 0x7f, 0x71, 0x50, 0xd4, 0x61, 0xd6, 0x02, 0x50, 0xb3, 0x61, 0xcb, 0x05,
  0x50, 0x94, 0x7f, 0x71, 0x50, 0xd5, 0x61, 0xc6, 0x05, 0x50, 0xb4, 0x62, 0x79, 0x50, 0xb5, 0x75,
  0x50, 0xb6, 0x78, 0x50, 0xd0, 0x61, 0xd6, 0x02, 0x50, 0x8f, 0x70, 0x50, 0x0b, 0x7f, 0x72, 0x50,
  0xdf, 0x61, 0xd3, 0x02, 0x50, 0x8e, 0x50, 0x0b, 0x7f, 0x72, 0x50, 0xd2, 0x61, 0xd5, 0x02, 0x50,
  0x8d, 0x70, 0x50, 0x0b, 0x62, 0x78, 0x50, 0x8c, 0x70, 0x50, 0x0b, 0x7b, 0x50, 0xb7, 0x7a, 0x50,
  0xd3, 0x61, 0xd1, 0x02, 0x50, 0x8b, 0x70, 0x50, 0x0b, 0x74, 0x50, 0x95, 0x62, 0x74, 0x50, 0x8a,
  0x50, 0x0b, 0x7b, 0x50, 0xb8, 0x7a, 0x50, 0xd4, 0x61, 0xd2, 0x02, 0x50, 0x8b, 0x70, 0x50, 0x0b,
  0x7c, 0x50, 0xa1, 0x70, 0x50, 0x0a, 0x61, 0xda, 0x02, 0x50, 0x8c, 0x70, 0x50, 0x0b, 0x79, 0x50,
  0xa0, 0x70, 0x50, 0x0a, 0x73, 0x50, 0xb9, 0x61, 0xd9, 0x02, 0x50, 0x8d, 0x50, 0x0b, 0x79, 0x50,
  0xaf, 0x70, 0x50, 0x09, 0x79, 0x50, 0xd5, 0x61, 0xd4, 0x02, 0x50, 0x8e, 0x50, 0x0b, 0x7c, 0x50,
  0xba, 0x61, 0xdc, 0x02, 0x50, 0x8f, 0x50, 0x0b, 0x79, 0x50, 0xae, 0x70, 0x50, 0x09, 0x61, 0x6d,
  0x01, 0x50, 0xe4, 0x70, 0x50, 0xdf, 0x77, 0x50, 0xf1, 0x70, 0x50, 0xe5, 0x61, 0x67, 0x01, 0x50,
  0x8e, 0x70, 0x50, 0x0b, 0x75, 0x50, 0xad, 0x70, 0x50, 0x09, 0x62, 0x71, 0x50, 0x8d, 0x70, 0x50,
  0x0b, 0x75, 0x50, 0xae, 0x70, 0x50, 0x09, 0x7a, 0x50, 0xff, 0x61, 0xd6, 0x02, 0x50, 0x8c, 0x70,
  0x50, 0x0b, 0x75, 0x50, 0xaf, 0x50, 0x09, 0x74, 0x50, 0xbb, 0x75, 0x50, 0xf4, 0x61, 0xd7, 0x02,
  0x50, 0x8b, 0x70, 0x50, 0x0b, 0x62, 0x78, 0x50, 0x8a, 0x70, 0x50, 0x0b, 0x75, 0x50, 0xa0, 0x70,
  0x50, 0x0a, 0x73, 0x50, 0xbc, 0x75, 0x50, 0xf5, 0x61, 0xd8, 0x02, 0x50, 0x8b, 0x70, 0x50, 0x0b,
  0x74, 0x50, 0xa1, 0x70, 0x50, 0x0a, 0x62, 0x71, 0x50, 0x8c, 0x70, 0x50, 0x0b, 0x75, 0x50, 0xa0,
  0x70, 0x50, 0x0a, 0x74, 0x50, 0xbd, 0x61, 0xdd, 0x02, 0x50, 0x8d, 0x50, 0x0b, 0x75, 0x50, 0xaf,
  0x70, 0x50, 0x09, 0x79, 0x50, 0xf6, 0x61, 0xd8, 0x02, 0x50, 0x8e, 0x70, 0x50, 0x0b, 0x77, 0x50,
  0xbe, 0x62, 0x70, 0x50, 0x8f, 0x70, 0x50, 0x0b, 0x74, 0x50, 0xae, 0x70, 0x50, 0x09, 0x62, 0x72,
  0x50, 0x8e, 0x70, 0x50, 0x0b, 0x75, 0x50, 0xad, 0x70, 0x50, 0x09, 0x73, 0x50, 0xbf, 0x75, 0x50,
  0xf7, 0x61, 0x63, 0x01, 0x50, 0x96, 0x61, 0x74, 0x01, 0x50, 0x8d, 0x70, 0x50, 0x0b, 0x79, 0x50,
  0xae, 0x70, 0x50, 0x09, 0x61, 0x6c, 0x01, 0x50, 0x92, 0x71, 0x50, 0x80, 0x70, 0x50, 0x0a, 0x78,
  0x50, 0xb2, 0x71, 0x50, 0xae, 0x70, 0x50, 0x0b, 0x75, 0x50, 0xff, 0x76, 0x50, 0xd1, 0x61, 0x60,
  0x01, 0x50, 0xd2, 0x62, 0x70, 0x50, 0x93, 0x75, 0x50, 0xb3, 0x61, 0xc2, 0x08, 0x50, 0xd3, 0x61,
  0x66, 0x01, 0x50, 0x94, 0x62, 0x7a, 0x50, 0x95, 0x61, 0x76, 0x01, 0x50, 0x96, 0x7f, 0x71, 0x50,
  0xd4, 0x61, 0xb0, 0x08, 0x50, 0xb4, 0x7a, 0x50, 0xd5, 0x61, 0xd6, 0x02, 0x50, 0x97, 0x75, 0x50,
  0x98, 0x74, 0x50, 0xb5, 0x62, 0x71, 0x50, 0x92, 0x71, 0x50, 0x86, 0x70, 0x50, 0x08, 0x7a, 0x50,
  0xb2, 0x72, 0x50, 0xa0, 0x50, 0x0a, 0x78, 0x50, 0xdf, 0x77, 0x50, 0xd0, 0x61, 0xc5, 0x02, 0x50,
  0x93, 0x77, 0x50, 0xb3, 0x76, 0x50, 0xdf, 0x62, 0x79, 0x50, 0xd2, 0x61, 0xd6, 0x05, 0x50, 0xd3,
  0x61, 0xd2, 0x05, 0x50, 0xd4, 0x61, 0xa9, 0x08, 0x50, 0x94, 0x76, 0x50, 0xb4, 0x7a, 0x50, 0xd5,
  0x61, 0xbf, 0x05, 0x50, 0x95, 0x7a, 0x50, 0xb5, 0x62, 0x71, 0x50, 0x92, 0x71, 0x50, 0x87, 0x70,
  0x50, 0x07, 0x7b, 0x50, 0xb2, 0x71, 0x50, 0xae, 0x70, 0x50, 0x08, 0x77, 0x50, 0xdf, 0x77, 0x50,
  0xd1, 0x79, 0x50, 0xd2, 0x61, 0xbc, 0x02, 0x50, 0x93, 0x76, 0x50, 0xb3, 0x7a, 0x50, 0xd3, 0x61,
  0xd2, 0x05, 0x50, 0xd4, 0x61, 0x3a, 0x07, 0x50, 0xd1, 0x61, 0x7d, 0x01, 0x50, 0xd2, 0x62, 0x78,
  0x50, 0xd3, 0x61, 0xc5, 0x05, 0x50, 0x94, 0x76, 0x50, 0xb4, 0x75, 0x50, 0xd4, 0x61, 0x50, 0x04,
  0x50, 0x95, 0x75, 0x50, 0xb5, 0x62, 0x76, 0x50, 0x92, 0x71, 0x50, 0x86, 0x70, 0x50, 0x08, 0x78,
  0x50, 0xb2, 0x71, 0x50, 0xa0, 0x70, 0x50, 0x0a, 0x74, 0x50, 0xe4, 0x70, 0x50, 0xdf, 0x77, 0x50,
  0xf1, 0x70, 0x50, 0xe5, 0x61, 0x3e, 0x04, 0x50, 0x93, 0x75, 0x50, 0xb3, 0x76, 0x50, 0xff, 0x62,
  0x78, 0x50, 0xf4, 0x61, 0xd2, 0x05, 0x50, 0xf5, 0x61, 0xbc, 0x08, 0x50, 0xf6, 0x61, 0xc6, 0x05,
  0x50, 0x94, 0x75, 0x50, 0xb4, 0x62, 0x7f, 0x50, 0xf7, 0x61, 0x67, 0x01, 0x50, 0x95, 0x75, 0x50,
  0xb5, 0x62, 0x76, 0x50, 0x92, 0x71, 0x50, 0x87, 0x70, 0x50, 0x07, 0x78, 0x50, 0xb2, 0x71, 0x50,
  0xae, 0x70, 0x50, 0x08, 0x75, 0x50, 0xff, 0x77, 0x50, 0xd1, 0x61, 0x60, 0x01, 0x50, 0xd2, 0x62,
  0x50, 0x93, 0x76, 0x50, 0xb3, 0x61, 0xde, 0x05, 0x50, 0xd3, 0x61, 0xd2, 0x05, 0x50, 0xd4, 0x61,
  0xbb, 0x08, 0x50, 0xd5, 0x61, 0xd7, 0x02, 0x50, 0x94, 0x77, 0x50, 0xb4, 0x62, 0x70, 0x50, 0x95,
  0x7a, 0x50, 0xb5, 0x62, 0x71, 0x50, 0x92, 0x71, 0x50, 0x8e, 0x70, 0x50, 0x08, 0x7c, 0x50, 0xb2,
  0x71, 0x50, 0xa9, 0x70, 0x50, 0x0a, 0x78, 0x50, 0xdf, 0x77, 0x50, 0xd0, 0x71, 0x50, 0xca, 0x70,
  0x50, 0x23, 0x61, 0xc1, 0x02, 0x50, 0x93, 0x76, 0x50, 0xb3, 0x77, 0x50, 0xdf, 0x62, 0x78, 0x50,
  0xd2, 0x61, 0xd6, 0x05, 0x50, 0xd3, 0x61, 0xd2, 0x05, 0x50, 0xd4, 0x61, 0xaa, 0x08, 0x50, 0x94,
  0x76, 0x50, 0xb4, 0x7a, 0x50, 0xd5, 0x61, 0xb9, 0x08, 0x50, 0xd0, 0x61, 0xda, 0x02, 0x50, 0x8f,
  0x70, 0x50, 0x08, 0x7b, 0x50, 0xaa, 0x70, 0x50, 0x0a, 0x7a, 0x50, 0xdf, 0x61, 0xce, 0x02, 0x50,
  0x8e, 0x70, 0x50, 0x08, 0x79, 0x50, 0xa9, 0x50, 0x0a, 0x7a, 0x50, 0xd2, 0x61, 0xd2, 0x02, 0x50,
  0x8d, 0x70, 0x50, 0x08, 0x79, 0x50, 0xa8, 0x50, 0x0a, 0x62, 0x76, 0x50, 0xa7, 0x70, 0x50, 0x0a,
  0x7a, 0x50, 0xd3, 0x61, 0xd6, 0x02, 0x50, 0x8c, 0x70, 0x50, 0x08, 0x73, 0x50, 0x95, 0x77, 0x50,
  0xb5, 0x61, 0xdc, 0x02, 0x50, 0x8b, 0x70, 0x50, 0x08, 0x78, 0x50, 0xa6, 0x70, 0x50, 0x0a, 0x7a,
  0x50, 0xd4, 0x61, 0xd3, 0x02, 0x50, 0x8c, 0x70, 0x50, 0x08, 0x79, 0x50, 0xa7, 0x70, 0x50, 0x0a,
  0x61, 0xdd, 0x02, 0x50, 0x8d, 0x70, 0x50, 0x08, 0x61, 0xf0, 0x02, 0x50, 0xa8, 0x70, 0x50, 0x0a,
  0x7a, 0x50, 0xd5, 0x61, 0xd5, 0x02, 0x50, 0x8e, 0x70, 0x50, 0x08, 0x79, 0x50, 0xa9, 0x50, 0x0a,
  0x61, 0xde, 0x02, 0x50, 0x8f, 0x70, 0x50, 0x08, 0x79, 0x50, 0xaa, 0x70, 0x50, 0x0a, 0x61, 0x6d,
  0x01, 0x50, 0xe4, 0x70, 0x50, 0xdf, 0x76, 0x50, 0xf1, 0x70, 0x50, 0xe5, 0x61, 0x68, 0x01, 0x50,
  0x8e, 0x70, 0x50, 0x08, 0x75, 0x50, 0xa9, 0x70, 0x50, 0x0a, 0x62, 0x71, 0x50, 0x8d, 0x50, 0x08,
  0x75, 0x50, 0xa8, 0x70, 0x50, 0x0a, 0x76, 0x50, 0xff, 0x62, 0x50, 0xa7, 0x70, 0x50, 0x0a, 0x75,
  0x50, 0xf4, 0x61, 0xde, 0x02, 0x50, 0x8c, 0x70, 0x50, 0x08, 0x62, 0x78, 0x50, 0x8b, 0x70, 0x50,
  0x08, 0x74, 0x50, 0xa6, 0x70, 0x50, 0x0a, 0x75, 0x50, 0xf5, 0x61, 0xdd, 0x02, 0x50, 0x8c, 0x50,
  0x08, 0x76, 0x50, 0xa7, 0x50, 0x0a, 0x62, 0x71, 0x50, 0x8d, 0x70, 0x50, 0x08, 0x62, 0x7c, 0x50,
  0xa8, 0x70, 0x50, 0x0a, 0x75, 0x50, 0xf6, 0x61, 0xde, 0x02, 0x50, 0x8e, 0x70, 0x50, 0x08, 0x75,
  0x50, 0xa9, 0x70, 0x50, 0x0a, 0x62, 0x72, 0x50, 0x8f, 0x70, 0x50, 0x08, 0x75, 0x50, 0xaa, 0x70,
  0x50, 0x0a, 0x62, 0x72, 0x50, 0x8e, 0x50, 0x08, 0x76, 0x50, 0xa9, 0x70, 0x50, 0x0a, 0x79, 0x50,
  0xf7, 0x61, 0xd6, 0x02, 0x50, 0x8d, 0x70, 0x50, 0x08, 0x75, 0x50, 0xa8, 0x70, 0x50, 0x0a, 0x75,
  0x50, 0xff, 0x77, 0x50, 0xd1, 0x78, 0x50, 0xd2, 0x61, 0xcf, 0x02, 0x50, 0xa7, 0x70, 0x50, 0x0a,
  0x62, 0x73, 0x50, 0x8c, 0x70, 0x50, 0x08, 0x62, 0x79, 0x50, 0x8b, 0x50, 0x08, 0x75, 0x50, 0xa6,
  0x70, 0x50, 0x0a, 0x62, 0x72, 0x50, 0x8c, 0x70, 0x50, 0x08, 0x76, 0x50, 0xa7, 0x50, 0x0a, 0x7b,
  0x50, 0xd3, 0x61, 0xd5, 0x02, 0x50, 0x8d, 0x70, 0x50, 0x08, 0x62, 0x7c, 0x50, 0xa8, 0x70, 0x50,
  0x0a, 0x7b, 0x50, 0xd4, 0x61, 0xd8, 0x02, 0x50, 0x8e, 0x70, 0x50, 0x08, 0x75, 0x50, 0xa9, 0x70,
  0x50, 0x0a, 0x62, 0x71, 0x50, 0x8f, 0x70, 0x50, 0x08, 0x75, 0x50, 0xaa, 0x70, 0x50, 0x0a, 0x62,
  0x72, 0x50, 0x8e, 0x70, 0x50, 0x08, 0x75, 0x50, 0xa9, 0x70, 0x50, 0x0a, 0x7b, 0x50, 0xd5, 0x61,
  0xd4, 0x02, 0x50, 0x8d, 0x70, 0x50, 0x08, 0x75, 0x50, 0xa8, 0x70, 0x50, 0x0a, 0x62, 0x76, 0x50,
  0xa7, 0x70, 0x50, 0x0a, 0x62, 0x74, 0x50, 0x8c, 0x50, 0x08, 0x79, 0x50, 0xdf, 0x78, 0x50, 0xd0,
  0x61, 0xd6, 0x02, 0x50, 0x8b, 0x70, 0x50, 0x08, 0x75, 0x50, 0xa6, 0x50, 0x0a, 0x78, 0x50, 0xdf,
  0x61, 0xd9, 0x02, 0x50, 0x8c, 0x70, 0x50, 0x08, 0x76, 0x50, 0xa7, 0x70, 0x50, 0x0a, 0x76, 0x50,
  0xd2, 0x61, 0xd9, 0x02, 0x50, 0x8d, 0x70, 0x50, 0x08, 0x62, 0x7c, 0x50, 0xa8, 0x70, 0x50, 0x0a,
  0x7b, 0x50, 0xd3, 0x61, 0xd8, 0x02, 0x50, 0x8e, 0x70, 0x50, 0x08, 0x75, 0x50, 0xa9, 0x70, 0x50,
  0x0a, 0x62, 0x71, 0x50, 0x8f, 0x70, 0x50, 0x08, 0x75, 0x50, 0xaa, 0x70, 0x50, 0x0a, 0x7b, 0x50,
  0xd4, 0x61, 0xd6, 0x02, 0x50, 0x8e, 0x70, 0x50, 0x08, 0x75, 0x50, 0xa9, 0x70, 0x50, 0x0a, 0x62,
  0x70, 0x50, 0x8d, 0x70, 0x50, 0x08, 0x74, 0x50, 0xa8, 0x70, 0x50, 0x0a, 0x62, 0x76, 0x50, 0xa7,
  0x70, 0x50, 0x0a, 0x76, 0x50, 0xd5, 0x61, 0xdd, 0x02, 0x50, 0x8c, 0x70, 0x50, 0x08, 0x62, 0x78,
  0x50, 0x8b, 0x70, 0x50, 0x08, 0x75, 0x50, 0xa6, 0x70, 0x50, 0x0a, 0x61, 0x71, 0x01, 0x50, 0xdf,
  0x77, 0x50, 0xd1, 0x61, 0x69, 0x01, 0x50, 0x8c, 0x70, 0x50, 0x08, 0x75, 0x50, 0xa7, 0x70, 0x50,
  0x0a, 0x77, 0x50, 0xd2, 0x61, 0xd9, 0x02, 0x50, 0x8d, 0x50, 0x08, 0x7a, 0x50, 0xd3, 0x62, 0x72,
  0x50, 0xa8, 0x70, 0x50, 0x0a, 0x62, 0x74, 0x50, 0x8e, 0x70, 0x50, 0x08, 0x74, 0x50, 0xa9, 0x70,
  0x50, 0x0a, 0x76, 0x50, 0xd4, 0x61, 0xdb, 0x02, 0x50, 0x8f, 0x70, 0x50, 0x08, 0x74, 0x50, 0xaa,
  0x70, 0x50, 0x0a, 0x62, 0x73, 0x50, 0x8e, 0x50, 0x08, 0x76, 0x50, 0xa9, 0x50, 0x0a, 0x61, 0x74,
  0x01, 0x50, 0xd1, 0x61, 0x6d, 0x01, 0x50, 0x8d, 0x70, 0x50, 0x08, 0x75, 0x50, 0xa8, 0x50, 0x0a,
  0x77, 0x50, 0xd2, 0x61, 0xde, 0x02, 0x50, 0xa7, 0x70, 0x50, 0x0a, 0x76, 0x50, 0xd3, 0x61, 0xdd,
  0x02, 0x50, 0x8c, 0x70, 0x50, 0x08, 0x62, 0x79, 0x50, 0x8b, 0x50, 0x08, 0x75, 0x50, 0xa6, 0x70,
  0x50, 0x0a, 0x76, 0x50, 0xd4, 0x61, 0xdb, 0x02, 0x50, 0x8c, 0x70, 0x50, 0x08, 0x75, 0x50, 0xa7,
  0x70, 0x50, 0x0a, 0x61, 0x6e, 0x01, 0x50, 0xb6, 0x61, 0x73, 0x01, 0x50, 0x8d, 0x70, 0x50, 0x08,
  0x61, 0x78, 0x01, 0x50, 0xb2, 0x72, 0x50, 0xa9, 0x70, 0x50, 0x0a, 0x74, 0x50, 0xe4, 0x70, 0x50,
  0xdf, 0x77, 0x50, 0xf1, 0x70, 0x50, 0xe5, 0x61, 0x46, 0x04, 0x50, 0x8e, 0x70, 0x50, 0x08, 0x76,
  0x50, 0xb3, 0x75, 0x50, 0xff, 0x61, 0xdb, 0x02, 0x50, 0x8f, 0x70, 0x50, 0x08, 0x7c, 0x50, 0xf4,
  0x61, 0xdc, 0x02, 0x50, 0x8e, 0x50, 0x08, 0x62, 0x78, 0x50, 0x8d, 0x70, 0x50, 0x08, 0x7c, 0x50,
  0xf5, 0x61, 0x69, 0x01, 0x50, 0xb4, 0x61, 0x7a, 0x01, 0x50, 0xb2, 0x72, 0x50, 0xaf, 0x50, 0x07,
  0x62, 0x50, 0x8c, 0x70, 0x50, 0x08, 0x76, 0x50, 0xb3, 0x62, 0x71, 0x50, 0x8b, 0x70, 0x50, 0x08,
  0x7f, 0x70, 0x50, 0xf6, 0x61, 0xd8, 0x02, 0x50, 0x8c, 0x70, 0x50, 0x08, 0x62, 0x77, 0x50, 0x8d,
  0x70, 0x50, 0x08, 0x62, 0x7d, 0x50, 0xb4, 0x7e, 0x50, 0xf7, 0x61, 0xd6, 0x02, 0x50, 0x8e, 0x50,
  0x08, 0x79, 0x50, 0xb2, 0x72, 0x50, 0xaa, 0x70, 0x50, 0x06, 0x78, 0x50, 0xff, 0x76, 0x50, 0xd1,
  0x79, 0x50, 0xd2, 0x61, 0xc1, 0x02, 0x50, 0x8f, 0x70, 0x50, 0x08, 0x76, 0x50, 0xb3, 0x62, 0x71,
  0x50, 0x8e, 0x70, 0x50, 0x08, 0x62, 0x78, 0x50, 0x8d, 0x70, 0x50, 0x08, 0x61, 0xf9, 0x02, 0x50,
  0xd3, 0x61, 0xd8, 0x02, 0x50, 0x8c, 0x70, 0x50, 0x08, 0x62, 0x78, 0x50, 0x8b, 0x70, 0x50, 0x08,
  0x7f, 0x72, 0x50, 0xd4, 0x61, 0xd6, 0x02, 0x50, 0x8c, 0x70, 0x50, 0x08, 0x62, 0x77, 0x50, 0x8d,
  0x70, 0x50, 0x08, 0x62, 0x7f, 0x50, 0xb4, 0x7a, 0x50, 0xd5, 0x61, 0xd8, 0x02, 0x50, 0x8e, 0x70,
  0x50, 0x08, 0x62, 0x78, 0x50, 0x96, 0x73, 0x50, 0x8f, 0x70, 0x50, 0x08, 0x62, 0x74, 0x50, 0x97,
  0x74, 0x50, 0x8e, 0x70, 0x50, 0x08, 0x7f, 0x70, 0x50, 0xdf, 0x77, 0x50, 0xd0, 0x71, 0x50, 0xca,
  0x70, 0x50, 0x21, 0x61, 0xc7, 0x02, 0x50, 0x8d, 0x70, 0x50, 0x08, 0x73, 0x50, 0x98, 0x7f, 0x72,
  0x50, 0xdf, 0x62, 0x74, 0x50, 0xd2, 0x61, 0xd6, 0x02, 0x50, 0x8c, 0x70, 0x50, 0x08, 0x73, 0x50,
  0x99, 0x62, 0x74, 0x50, 0x8b, 0x70, 0x50, 0x08, 0x78, 0x50, 0xa9, 0x70, 0x50, 0x06, 0x7a, 0x50,
  0xd3, 0x61, 0xd4, 0x02, 0x50, 0x8c, 0x50, 0x08, 0x74, 0x50, 0x9a, 0x77, 0x50, 0xb5, 0x61, 0xdb,
  0x02, 0x50, 0x8d, 0x70, 0x50, 0x08, 0x78, 0x50, 0xa8, 0x70, 0x50, 0x06, 0x7a, 0x50, 0xd4, 0x61,
  0xdc, 0x02, 0x50, 0xa9, 0x50, 0x06, 0x62, 0x70, 0x50, 0x8e, 0x70, 0x50, 0x08, 0x62, 0x79, 0x50,
  0x8f, 0x50, 0x08, 0x74, 0x50, 0x9b, 0x74, 0x50, 0xaa, 0x70, 0x50, 0x06, 0x79, 0x50, 0xd5, 0x61,
  0xd4, 0x02, 0x50, 0x8e, 0x70, 0x50, 0x08, 0x62, 0x78, 0x50, 0x8d, 0x70, 0x50, 0x08, 0x73, 0x50,
  0x9c, 0x61, 0x77, 0x01, 0x50, 0xd0, 0x61, 0x56, 0x04, 0x50, 0x8c, 0x70, 0x50, 0x08, 0x73, 0x50,
  0x9d, 0x7b, 0x50, 0xdf, 0x61, 0xd8, 0x02, 0x50, 0x8b, 0x70, 0x50, 0x08, 0x78, 0x50, 0xa9, 0x70,
  0x50, 0x06, 0x76, 0x50, 0xd2, 0x61, 0xd8, 0x02, 0x50, 0x8c, 0x70, 0x50, 0x08, 0x73, 0x50, 0x9e,
  0x62, 0x73, 0x50, 0x8d, 0x70, 0x50, 0x08, 0x79, 0x50, 0xa8, 0x50, 0x06, 0x76, 0x50, 0xd3, 0x61,
  0xda, 0x02, 0x50, 0x9f, 0x75, 0x50, 0xa9, 0x70, 0x50, 0x06, 0x62, 0x70, 0x50, 0x8e, 0x50, 0x08,
  0x7e, 0x50, 0xd4, 0x61, 0xda, 0x02, 0x50, 0x8f, 0x50, 0x08, 0x79, 0x50, 0xaa, 0x70, 0x50, 0x06,
  0x61, 0xde, 0x02, 0x50, 0x8e, 0x70, 0x50, 0x08, 0x62, 0x78, 0x50, 0x8d, 0x70, 0x50, 0x08, 0x7a,
  0x50, 0xd5, 0x61, 0xc6, 0x05, 0x50, 0x8c, 0x70, 0x50, 0x08, 0x61, 0x77, 0x01, 0x50, 0x92, 0x71,
  0x50, 0x80, 0x70, 0x50, 0x0a, 0x76, 0x50, 0xe4, 0x71, 0x50, 0xdf, 0x76, 0x50, 0xf1, 0x70, 0x50,
  0xe5, 0x61, 0x62, 0x01, 0x50, 0xa9, 0x50, 0x06, 0x62, 0x76, 0x50, 0x93, 0x7b, 0x50, 0xff, 0x62,
  0x73, 0x50, 0xa8, 0x70, 0x50, 0x06, 0x76, 0x50, 0xf4, 0x62, 0x72, 0x50, 0xa9, 0x50, 0x06, 0x7a,
  0x50, 0xf5, 0x61, 0xc6, 0x05, 0x50, 0xaa, 0x70, 0x50, 0x06, 0x61, 0xf1, 0x02, 0x50, 0xf6, 0x61,
  0xad, 0x08, 0x50, 0x94, 0x7e, 0x50, 0xf7, 0x61, 0xd9, 0x02, 0x50, 0x95, 0x7a, 0x50, 0xa9, 0x70,
  0x50, 0x06, 0x62, 0x70, 0x50, 0x92, 0x71, 0x50, 0x8e, 0x70, 0x50, 0x08, 0x7c, 0x50, 0xff, 0x77,
  0x50, 0xd1, 0x78, 0x50, 0xd2, 0x61, 0xc7, 0x02, 0x50, 0x93, 0x74, 0x50, 0xa8, 0x70, 0x50, 0x06,
  0x62, 0x79, 0x50, 0xa9, 0x70, 0x50, 0x06, 0x61, 0xd0, 0x05, 0x50, 0xaa, 0x70, 0x50, 0x06, 0x7b,
  0x50, 0xd3, 0x61, 0xd0, 0x05, 0x50, 0xd4, 0x61, 0xab, 0x08, 0x50, 0x94, 0x75, 0x50, 0xa9, 0x70,
  0x50, 0x06, 0x7a, 0x50, 0xd5, 0x61, 0xbf, 0x05, 0x50, 0x95, 0x7a, 0x50, 0xb6, 0x74, 0x50, 0xa8,
  0x70, 0x50, 0x06, 0x61, 0x67, 0x01, 0x50, 0x92, 0x71, 0x50, 0x86, 0x70, 0x50, 0x08, 0x79, 0x50,
  0xb2, 0x71, 0x50, 0xa0, 0x70, 0x50, 0x0a, 0x74, 0x50, 0xdf, 0x77, 0x50, 0xd0, 0x61, 0x3f, 0x04,
  0x50, 0x93, 0x75, 0x50, 0xb3, 0x76, 0x50, 0xdf, 0x62, 0x79, 0x50, 0xd2, 0x61, 0xd2, 0x05, 0x50,
  0xd3, 0x61, 0xd2, 0x05, 0x50, 0xd4, 0x61, 0xae, 0x08, 0x50, 0x94, 0x76, 0x50, 0xb4, 0x75, 0x50,
  0xd5, 0x61, 0x50, 0x04, 0x50, 0x95, 0x75, 0x50, 0xb5, 0x62, 0x76, 0x50, 0x92, 0x71, 0x50, 0x87,
  0x70, 0x50, 0x07, 0x78, 0x50, 0xb2, 0x71, 0x50, 0xae, 0x70, 0x50, 0x08, 0x74, 0x50, 0xdf, 0x77,
  0x50, 0xd1, 0x61, 0x60, 0x01, 0x50, 0xd2, 0x62, 0x70, 0x50, 0x93, 0x75, 0x50, 0xb3, 0x76, 0x50,
  0xd3, 0x61, 0xd2, 0x05, 0x50, 0xd4, 0x61, 0x40, 0x07, 0x50, 0xd1, 0x61, 0x7c, 0x01, 0x50, 0xd2,
  0x62, 0x78, 0x50, 0xd3, 0x61, 0xc6, 0x05, 0x50, 0x94, 0x76, 0x50, 0xb4, 0x7a, 0x50, 0xd4, 0x61,
  0xd6, 0x02, 0x50, 0x95, 0x7a, 0x50, 0xb5, 0x62, 0x71, 0x50, 0x92, 0x71, 0x50, 0x86, 0x70, 0x50,
  0x08, 0x7a, 0x50, 0xb2, 0x72, 0x50, 0xa0, 0x70, 0x50, 0x0a, 0x77, 0x50, 0xe4, 0x70, 0x50, 0xdf,
  0x77, 0x50, 0xf1, 0x70, 0x50, 0xe5, 0x61, 0xc4, 0x02, 0x50, 0x93, 0x76, 0x50, 0xb3, 0x76, 0x50,
  0xff, 0x62, 0x78, 0x50, 0xf4, 0x61, 0xd6, 0x05, 0x50, 0xf5, 0x61, 0xbb, 0x08, 0x50, 0xf6, 0x61,
  0xc1, 0x05, 0x50, 0x94, 0x76, 0x50, 0xb4, 0x61, 0xf3, 0x02, 0x50, 0xf7, 0x61, 0xd7, 0x02, 0x50,
  0x95, 0x7a, 0x50, 0xb5, 0x62, 0x71, 0x50, 0x92, 0x71, 0x50, 0x87, 0x70, 0x50, 0x07, 0x7b, 0x50,
  0xb2, 0x71, 0x50, 0xae, 0x70, 0x50, 0x08, 0x78, 0x50, 0xff, 0x77, 0x50, 0xd1, 0x78, 0x50, 0xd2,
  0x61, 0xbc, 0x02, 0x50, 0x93, 0x76, 0x50, 0xb3, 0x61, 0xc6, 0x08, 0x50, 0xd3, 0x61, 0xd3, 0x05,
  0x50, 0xd4, 0x61, 0xa8, 0x08, 0x50, 0x94, 0x76, 0x50, 0xb4, 0x75, 0x50, 0xd5, 0x61, 0x50, 0x04,
  0x50, 0x95, 0x75, 0x50, 0xb5, 0x62, 0x76, 0x50, 0x92, 0x71, 0x50, 0x8e, 0x70, 0x50, 0x08, 0x78,
  0x50, 0xb2, 0x71, 0x50, 0xa9, 0x70, 0x50, 0x0a, 0x74, 0x50, 0xdf, 0x77, 0x50, 0xd0, 0x72, 0x50,
  0xca, 0x50, 0x23, 0x61, 0x3d, 0x04, 0x50, 0x93, 0x75, 0x50, 0xb3, 0x77, 0x50, 0xdf, 0x62, 0x78,
  0x50, 0xd2, 0x61, 0xd2, 0x05, 0x50, 0xd3, 0x61, 0xd2, 0x05, 0x50, 0xd4, 0x61, 0xaf, 0x08, 0x50,
  0x94, 0x75, 0x50, 0xb4, 0x76, 0x50, 0xd5, 0x61, 0x3f, 0x07, 0x50, 0xd0, 0x61, 0x59, 0x04, 0x50,
  0x8f, 0x70, 0x50, 0x08, 0x7b, 0x50, 0xaa, 0x70, 0x50, 0x0a, 0x7b, 0x50, 0xdf, 0x61, 0xcd, 0x02,
  0x50, 0x8e, 0x70, 0x50, 0x08, 0x79, 0x50, 0xa9, 0x70, 0x50, 0x0a, 0x7a, 0x50, 0xd2, 0x61, 0xd2,
  0x02, 0x50, 0x8d, 0x70, 0x50, 0x08, 0x78, 0x50, 0xa8, 0x70, 0x50, 0x0a, 0x62, 0x77, 0x50, 0xa7,
  0x70, 0x50, 0x0a, 0x7e, 0x50, 0xd3, 0x61, 0xd1, 0x02, 0x50, 0x8c, 0x50, 0x08, 0x74, 0x50, 0x95,
  0x77, 0x50, 0xb5, 0x61, 0xdc, 0x02, 0x50, 0x8b, 0x70, 0x50, 0x08, 0x78, 0x50, 0xa6, 0x70, 0x50,
  0x0a, 0x7f, 0x50, 0xd4, 0x61, 0xce, 0x02, 0x50, 0x8c, 0x70, 0x50, 0x08, 0x7a, 0x50, 0xa7, 0x70,
  0x50, 0x0a, 0x61, 0xdc, 0x02, 0x50, 0x8d, 0x70, 0x50, 0x08, 0x61, 0xf0, 0x02, 0x50, 0xa8, 0x70,
  0x50, 0x0a, 0x7f, 0x50, 0xd5, 0x61, 0xd0, 0x02, 0x50, 0x8e, 0x70, 0x50, 0x08, 0x79, 0x50, 0xa9,
  0x70, 0x50, 0x0a, 0x61, 0xdd, 0x02, 0x50, 0x8f, 0x70, 0x50, 0x08, 0x79, 0x50, 0xaa, 0x70, 0x50,
  0x0a, 0x79, 0x50, 0xe4, 0x70, 0x50, 0xdf, 0x76, 0x50, 0xf1, 0x71, 0x50, 0xe5, 0x61, 0xca, 0x02,
  0x50, 0x8e, 0x70, 0x50, 0x08, 0x75, 0x50, 0xa9, 0x70, 0x50, 0x0a, 0x77, 0x50, 0xff, 0x61, 0xd9,
  0x02, 0x50, 0x8d, 0x50, 0x08, 0x75, 0x50, 0xa8, 0x70, 0x50, 0x0a, 0x76, 0x50, 0xf4, 0x62, 0x50,
  0xa7, 0x70, 0x50, 0x0a, 0x62, 0x74, 0x50, 0x8c, 0x70, 0x50, 0x08, 0x7d, 0x50, 0xf5, 0x61, 0xda,
  0x02, 0x50, 0x8b, 0x70, 0x50, 0x08, 0x75, 0x50, 0xa6, 0x70, 0x50, 0x0a, 0x62, 0x72, 0x50, 0x8c,
  0x50, 0x08, 0x76, 0x50, 0xa7, 0x70, 0x50, 0x0a, 0x62, 0x76, 0x50, 0x8d, 0x70, 0x50, 0x08, 0x7d,
  0x50, 0xf6, 0x61, 0xd9, 0x02, 0x50, 0xa8, 0x50, 0x0a, 0x62, 0x74, 0x50, 0x8e, 0x70, 0x50, 0x08,
  0x75, 0x50, 0xa9, 0x70, 0x50, 0x0a, 0x62, 0x72, 0x50, 0x8f, 0x50, 0x08, 0x75, 0x50, 0xaa, 0x70,
  0x50, 0x0a, 0x7a, 0x50, 0xf7, 0x61, 0xd7, 0x02, 0x50, 0x8e, 0x70, 0x50, 0x08, 0x76, 0x50, 0xa9,
  0x50, 0x0a, 0x62, 0x71, 0x50, 0x8d, 0x50, 0x08, 0x76, 0x50, 0xa8, 0x50, 0x0a, 0x76, 0x50, 0xff,
  0x76, 0x50, 0xd1, 0x78, 0x50, 0xd2, 0x61, 0xcf, 0x02, 0x50, 0xa7, 0x70, 0x50, 0x0a, 0x62, 0x74,
  0x50, 0x8c, 0x70, 0x50, 0x08, 0x62, 0x78, 0x50, 0x8b, 0x50, 0x08, 0x75, 0x50, 0xa6, 0x70, 0x50,
  0x0a, 0x62, 0x72, 0x50, 0x8c, 0x70, 0x50, 0x08, 0x75, 0x50, 0xa7, 0x70, 0x50, 0x0a, 0x76, 0x50,
  0xd3, 0x61, 0xda, 0x02, 0x50, 0x8d, 0x70, 0x50, 0x08, 0x62, 0x7c, 0x50, 0xa8, 0x70, 0x50, 0x0a,
  0x76, 0x50, 0xd4, 0x61, 0xdd, 0x02, 0x50, 0x8e, 0x70, 0x50, 0x08, 0x75, 0x50, 0xa9, 0x50, 0x0a,
  0x62, 0x72, 0x50, 0x8f, 0x70, 0x50, 0x08, 0x75, 0x50, 0xaa, 0x50, 0x0a, 0x62, 0x73, 0x50, 0x8e,
  0x50, 0x08, 0x76, 0x50, 0xa9, 0x50, 0x0a, 0x76, 0x50, 0xd5, 0x61, 0xda, 0x02, 0x50, 0x8d, 0x70,
  0x50, 0x08, 0x75, 0x50, 0xa8, 0x70, 0x50, 0x0a, 0x61, 0x6d, 0x01, 0x50, 0x96, 0x75, 0x50, 0xb6,
  0x61, 0x76, 0x01, 0x50, 0xa7, 0x70, 0x50, 0x0a, 0x61, 0x70, 0x01, 0x50, 0x92, 0x72, 0x50, 0x8a,
  0x50, 0x06, 0x78, 0x50, 0xb2, 0x71, 0x50, 0xae, 0x70, 0x50, 0x08, 0x75, 0x50, 0xdf, 0x77, 0x50,
  0xd0, 0x61, 0x3e, 0x04, 0x50, 0x93, 0x76, 0x50, 0xb3, 0x76, 0x50, 0xdf, 0x62, 0x79, 0x50, 0xd2,
  0x61, 0xd1, 0x05, 0x50, 0xd3, 0x61, 0xd3, 0x05, 0x50, 0xd4, 0x61, 0xae, 0x08, 0x50, 0x94, 0x76,
  0x50, 0xb4, 0x75, 0x50, 0xd5, 0x61, 0x3c, 0x07, 0x50, 0xdf, 0x77, 0x50, 0xd1, 0x61, 0x7d, 0x01,
  0x50, 0xd2, 0x62, 0x73, 0x50, 0xaf, 0x70, 0x50, 0x08, 0x62, 0x74, 0x50, 0xae, 0x70, 0x50, 0x08,
  0x7e, 0x50, 0xd3, 0x61, 0xd8, 0x02, 0x50, 0xad, 0x70, 0x50, 0x08, 0x62, 0x70, 0x50, 0x89, 0x70,
  0x50, 0x06, 0x62, 0x7b, 0x50, 0x95, 0x74, 0x50, 0xac, 0x70, 0x50, 0x08, 0x74, 0x50, 0xb5, 0x77,
  0x50, 0xd1, 0x78, 0x50, 0xd2, 0x61, 0xca, 0x02, 0x50, 0x88, 0x70, 0x50, 0x06, 0x79, 0x50, 0xab,
  0x70, 0x50, 0x08, 0x7e, 0x50, 0xd3, 0x61, 0xcf, 0x02, 0x50, 0x89, 0x70, 0x50, 0x06, 0x79, 0x50,
  0xac, 0x70, 0x50, 0x08, 0x62, 0x75, 0x50, 0xad, 0x50, 0x08, 0x7f, 0x50, 0xd4, 0x61, 0xd1, 0x02,
  0x50, 0x8a, 0x50, 0x06, 0x61, 0xf1, 0x02, 0x50, 0xae, 0x70, 0x50, 0x08, 0x62, 0x78, 0x50, 0xaf,
  0x70, 0x50, 0x08, 0x79, 0x50, 0xe4, 0x70, 0x50, 0xdf, 0x76, 0x50, 0xf1, 0x70, 0x50, 0xe5, 0x61,
  0xd8, 0x02, 0x50, 0xae, 0x70, 0x50, 0x08, 0x77, 0x50, 0xff, 0x61, 0xd9, 0x02, 0x50, 0xad, 0x70,
  0x50, 0x08, 0x76, 0x50, 0xf4, 0x61, 0xdd, 0x02, 0x50, 0x89, 0x70, 0x50, 0x06, 0x62, 0x7d, 0x50,
  0xac, 0x50, 0x08, 0x7a, 0x50, 0xf5, 0x61, 0xd9, 0x02, 0x50, 0x88, 0x70, 0x50, 0x06, 0x75, 0x50,
  0xab, 0x70, 0x50, 0x08, 0x62, 0x72, 0x50, 0x89, 0x70, 0x50, 0x06, 0x75, 0x50, 0xac, 0x70, 0x50,
  0x08, 0x62, 0x75, 0x50, 0xad, 0x70, 0x50, 0x08, 0x79, 0x50, 0xf6, 0x61, 0xda, 0x02, 0x50, 0x8a,
  0x50, 0x06, 0x62, 0x7d, 0x50, 0xae, 0x70, 0x50, 0x08, 0x62, 0x78, 0x50, 0xaf, 0x70, 0x50, 0x08,
  0x79, 0x50, 0xf7, 0x62, 0x50, 0xae, 0x50, 0x08, 0x61, 0x74, 0x01, 0x50, 0xff, 0x76, 0x50, 0xd1,
  0x61, 0x6d, 0x01, 0x50, 0xad, 0x50, 0x08, 0x77, 0x50, 0xd2, 0x61, 0xdd, 0x02, 0x50, 0x89, 0x50,
  0x06, 0x62, 0x7d, 0x50, 0xac, 0x70, 0x50, 0x08, 0x62, 0x74, 0x50, 0x88, 0x70, 0x50, 0x06, 0x74,
  0x50, 0xab, 0x70, 0x50, 0x08, 0x62, 0x73, 0x50, 0x89, 0x50, 0x06, 0x76, 0x50, 0xac, 0x50, 0x08,
  0x76, 0x50, 0xd3, 0x61, 0xde, 0x02, 0x50, 0xad, 0x70, 0x50, 0x08, 0x62, 0x74, 0x50, 0x8a, 0x70,
  0x50, 0x06, 0x7a, 0x50, 0xd4, 0x62, 0x71, 0x50, 0xae, 0x70, 0x50, 0x08, 0x62, 0x78, 0x50, 0xaf,
  0x70, 0x50, 0x08, 0x62, 0x7a, 0x50, 0xae, 0x50, 0x08, 0x76, 0x50, 0xd5, 0x62, 0x71, 0x50, 0xad,
  0x70, 0x50, 0x08, 0x61, 0x70, 0x01, 0x50, 0x96, 0x75, 0x50, 0xb6, 0x61, 0x6e, 0x01, 0x50, 0x89,
  0x70, 0x50, 0x06, 0x61, 0x78, 0x01, 0x50, 0x92, 0x71, 0x50, 0x87, 0x70, 0x50, 0x07, 0x78, 0x50,
  0xb2, 0x71, 0x50, 0xa8, 0x70, 0x50, 0x07, 0x74, 0x50, 0xdf, 0x77, 0x50, 0xd0, 0x72, 0x50, 0xce,
  0x50, 0x2c, 0x61, 0x3c, 0x04, 0x50, 0x93, 0x75, 0x50, 0xb3, 0x76, 0x50, 0xdf, 0x62, 0x79, 0x50,
  0xd2, 0x61, 0xd2, 0x05, 0x50, 0xd3, 0x61, 0x68, 0x01, 0x50, 0xb4, 0x62, 0x7c, 0x50, 0xb2, 0x61,
  0x7c, 0x01, 0x50, 0xd4, 0x62, 0x76, 0x50, 0xb3, 0x61, 0xcb, 0x05, 0x50, 0x94, 0x7f, 0x71, 0x50,
  0xd5, 0x61, 0xdc, 0x02, 0x50, 0xb4, 0x62, 0x7a, 0x50, 0xb5, 0x75, 0x50, 0xb6, 0x78, 0x50, 0xd0,
  0x62, 0x73, 0x50, 0xdf, 0x61, 0xdc, 0x02, 0x50, 0x88, 0x50, 0x07, 0x7f, 0x72, 0x50, 0xd2, 0x61,
  0xd4, 0x02, 0x50, 0x87, 0x50, 0x07, 0x62, 0x78, 0x50, 0x86, 0x70, 0x50, 0x07, 0x7a, 0x50, 0xb7,
  0x7a, 0x50, 0xd3, 0x61, 0xbb, 0x05, 0x50, 0x85, 0x70, 0x50, 0x07, 0x74, 0x50, 0x95, 0x76, 0x50,
  0xb8, 0x7a, 0x50, 0xd4, 0x61, 0xc6, 0x05, 0x50, 0xa9, 0x70, 0x50, 0x07, 0x73, 0x50, 0xb9, 0x61,
  0xd9, 0x02, 0x50, 0x86, 0x70, 0x50, 0x07, 0x79, 0x50, 0xa8, 0x70, 0x50, 0x07, 0x7e, 0x50, 0xd5,
  0x61, 0xd6, 0x02, 0x50, 0xa7, 0x70, 0x50, 0x07, 0x73, 0x50, 0xba, 0x61, 0xdc, 0x02, 0x50, 0x87,
  0x70, 0x50, 0x07, 0x62, 0x78, 0x50, 0x88, 0x70, 0x50, 0x07, 0x7c, 0x50, 0xb2, 0x71, 0x50, 0xa3,
  0x70, 0x50, 0x0b, 0x77, 0x50, 0xe4, 0x71, 0x50, 0xdf, 0x76, 0x50, 0xf1, 0x70, 0x50, 0xe5, 0x61,
  0xc7, 0x02, 0x50, 0x87, 0x50, 0x07, 0x77, 0x50, 0xb3, 0x76, 0x50, 0xff, 0x61, 0xd9, 0x02, 0x50,
  0x86, 0x70, 0x50, 0x07, 0x7d, 0x50, 0xf4, 0x61, 0xc4, 0x05, 0x50, 0x85, 0x50, 0x07, 0x7f, 0x71,
  0x50, 0xf5, 0x61, 0xdb, 0x02, 0x50, 0xb4, 0x61, 0x75, 0x01, 0x50, 0xb2, 0x61, 0x58, 0x04, 0x50,
  0x86, 0x70, 0x50, 0x07, 0x76, 0x50, 0xb3, 0x75, 0x50, 0xf6, 0x61, 0xc5, 0x05, 0x50, 0x87, 0x50,
  0x07, 0x62, 0x79, 0x50, 0x88, 0x70, 0x50, 0x07, 0x7b, 0x50, 0xf7, 0x61, 0x6a, 0x01, 0x50, 0xb4,
  0x61, 0x72, 0x01, 0x50, 0x87, 0x70, 0x50, 0x07, 0x61, 0x76, 0x01, 0x50, 0xb5, 0x76, 0x50, 0xff,
  0x76, 0x50, 0xd1, 0x61, 0x64, 0x01, 0x50, 0x86, 0x70, 0x50, 0x07, 0x76, 0x50, 0xb6, 0x76, 0x50,
  0xd2, 0x61, 0xc3, 0x05, 0x50, 0x85, 0x70, 0x50, 0x07, 0x61, 0xd7, 0x05, 0x50, 0xb7, 0x76, 0x50,
  0xd3, 0x61, 0xdd, 0x02, 0x50, 0x86, 0x50, 0x07, 0x62, 0x7e, 0x50, 0xb8, 0x75, 0x50, 0xd4, 0x61,
  0xde, 0x02, 0x50, 0x87, 0x70, 0x50, 0x07, 0x77, 0x50, 0xa4, 0x70, 0x50, 0x0b, 0x62, 0x50, 0x88,
  0x70, 0x50, 0x07, 0x75, 0x50, 0xa3, 0x70, 0x50, 0x0b, 0x73, 0x50, 0xb9, 0x61, 0xdd, 0x02, 0x50,
  0x87, 0x70, 0x50, 0x07, 0x75, 0x50, 0xa2, 0x70, 0x50, 0x0b, 0x79, 0x50, 0xd5, 0x61, 0xd7, 0x02,
  0x50, 0x86, 0x70, 0x50, 0x07, 0x75, 0x50, 0xa1, 0x50, 0x0b, 0x74, 0x50, 0xba, 0x61, 0x69, 0x01,
  0x50, 0x96, 0x62, 0x7c, 0x50, 0x92, 0x71, 0x50, 0x86, 0x70, 0x50, 0x08, 0x78, 0x50, 0xb2, 0x71,
  0x50, 0xa6, 0x70, 0x50, 0x08, 0x74, 0x50, 0xdf, 0x77, 0x50, 0xd0, 0x61, 0x40, 0x04, 0x50, 0x93,
  0x75, 0x50, 0xb3, 0x77, 0x50, 0xdf, 0x62, 0x78, 0x50, 0xd2, 0x62, 0x7f, 0x50, 0xd3, 0x61, 0xdc,
  0x02, 0x50, 0xb4, 0x62, 0x7c, 0x50, 0xb2, 0x7f, 0x71, 0x50, 0xd4, 0x61, 0xd6, 0x02, 0x50, 0xb3,
  0x61, 0xdd, 0x05, 0x50, 0xd5, 0x61, 0xd7, 0x02, 0x50, 0x94, 0x62, 0x7f, 0x50, 0xb4, 0x62, 0x7a,
  0x50, 0xb5, 0x74, 0x50, 0xb6, 0x74, 0x50, 0xdf, 0x78, 0x50, 0xd1, 0x78, 0x50, 0xd2, 0x61, 0xd9,
  0x02, 0x50, 0xd3, 0x61, 0xd8, 0x02, 0x50, 0x87, 0x70, 0x50, 0x08, 0x62, 0x76, 0x50, 0x86, 0x70,
  0x50, 0x08, 0x7f, 0x75, 0x50, 0xd4, 0x61, 0xd2, 0x02, 0x50, 0x85, 0x50, 0x08, 0x7b, 0x50, 0xb7,
  0x61, 0xc6, 0x05, 0x50, 0x84, 0x70, 0x50, 0x08, 0x73, 0x50, 0x95, 0x76, 0x50, 0xb8, 0x78, 0x50,
  0xd1, 0x78, 0x50, 0xd2, 0x61, 0xd6, 0x02, 0x50, 0xa7, 0x70, 0x50, 0x08, 0x7e, 0x50, 0xd3, 0x61,
  0xd7, 0x02, 0x50, 0xa6, 0x70, 0x50, 0x08, 0x73, 0x50, 0xb9, 0x61, 0xdb, 0x02, 0x50, 0x85, 0x70,
  0x50, 0x08, 0x79, 0x50, 0xa5, 0x70, 0x50, 0x08, 0x7e, 0x50, 0xd4, 0x61, 0xd9, 0x02, 0x50, 0xba,
  0x61, 0xde, 0x02, 0x50, 0x96, 0x73, 0x50, 0x86, 0x70, 0x50, 0x08, 0x7e, 0x50, 0xa4, 0x50, 0x08,
  0x61, 0xd8, 0x02, 0x50, 0x92, 0x71, 0x50, 0x87, 0x70, 0x50, 0x07, 0x7b, 0x50, 0xb2, 0x71, 0x50,
  0xa3, 0x70, 0x50, 0x0b, 0x78, 0x50, 0xe4, 0x70, 0x50, 0xdf, 0x76, 0x50, 0xf1, 0x70, 0x50, 0xe5,
  0x61, 0xc4, 0x02, 0x50, 0x93, 0x76, 0x50, 0xb3, 0x76, 0x50, 0xff, 0x62, 0x77, 0x50, 0xf4, 0x61,
  0xd2, 0x05, 0x50, 0xf5, 0x61, 0x69, 0x01, 0x50, 0xb4, 0x62, 0x7c, 0x50, 0xb2, 0x61, 0x61, 0x04,
  0x50, 0xb3, 0x75, 0x50, 0xf6, 0x61, 0xc5, 0x05, 0x50, 0x94, 0x61, 0xf6, 0x02, 0x50, 0xf7, 0x61,
  0x69, 0x01, 0x50, 0xb4, 0x62, 0x7c, 0x50, 0xb2, 0x71, 0x50, 0xae, 0x70, 0x50, 0x0b, 0x75, 0x50,
  0xff, 0x77, 0x50, 0xd1, 0x61, 0x6c, 0x01, 0x50, 0xd2, 0x61, 0xde, 0x02, 0x50, 0x88, 0x70, 0x50,
  0x07, 0x7a, 0x50, 0xb3, 0x61, 0xdb, 0x02, 0x50, 0x87, 0x70, 0x50, 0x07, 0x62, 0x78, 0x50, 0x86,
  0x50, 0x07, 0x61, 0xf8, 0x02, 0x50, 0xd3, 0x61, 0x68, 0x01, 0x50, 0xb4, 0x61, 0x72, 0x01, 0x50,
  0x85, 0x70, 0x50, 0x07, 0x73, 0x50, 0x95, 0x61, 0x75, 0x01, 0x50, 0xb2, 0x71, 0x50, 0xa9, 0x70,
  0x50, 0x0c, 0x61, 0x7a, 0x01, 0x50, 0xd4, 0x62, 0x75, 0x50, 0xb3, 0x62, 0x50, 0x86, 0x70, 0x50,
  0x07, 0x61, 0xf8, 0x02, 0x50, 0xd5, 0x61, 0xda, 0x02, 0x50, 0x87, 0x50, 0x07, 0x61, 0x74, 0x01,
  0x50, 0x96, 0x75, 0x50, 0xb4, 0x61, 0x73, 0x01, 0x50, 0x92, 0x71, 0x50, 0x8e, 0x70, 0x50, 0x08,
  0x7b, 0x50, 0xb2, 0x71, 0x50, 0xa5, 0x70, 0x50, 0x0d, 0x77, 0x50, 0xdf, 0x78, 0x50, 0xd0, 0x71,
  0x50, 0xca, 0x70, 0x50, 0x23, 0x61, 0xc1, 0x02, 0x50, 0x93, 0x76, 0x50, 0xb3, 0x76, 0x50, 0xdf,
  0x62, 0x79, 0x50, 0xd2, 0x61, 0xd6, 0x05, 0x50, 0xd3, 0x61, 0xd2, 0x05, 0x50, 0xd4, 0x61, 0xaa,
  0x08, 0x50, 0x94, 0x76, 0x50, 0xb4, 0x7a, 0x50, 0xd5, 0x61, 0xb8, 0x08, 0x50, 0xd0, 0x61, 0xdb,
  0x02, 0x50, 0x8f, 0x70, 0x50, 0x08, 0x7c, 0x50, 0xa6, 0x50, 0x0d, 0x7c, 0x50, 0xdf, 0x61, 0xcc,
  0x02, 0x50, 0x8e, 0x70, 0x50, 0x08, 0x79, 0x50, 0xa5, 0x70, 0x50, 0x0d, 0x7b, 0x50, 0xd2, 0x61,
  0xd1, 0x02, 0x50, 0x8d, 0x50, 0x08, 0x79, 0x50, 0xa4, 0x70, 0x50, 0x0d, 0x62, 0x76, 0x50, 0xa3,
  0x70, 0x50, 0x0d, 0x7e, 0x50, 0xd3, 0x61, 0xd1, 0x02, 0x50, 0x8c, 0x70, 0x50, 0x08, 0x73, 0x50,
  0x95, 0x75, 0x50, 0xa2, 0x70, 0x50, 0x0d, 0x73, 0x50, 0xb5, 0x61, 0xd9, 0x02, 0x50, 0x8b, 0x70,
  0x50, 0x08, 0x79, 0x50, 0xa1, 0x70, 0x50, 0x0d, 0x7e, 0x50, 0xd4, 0x61, 0xcf, 0x02, 0x50, 0x8c,
  0x70, 0x50, 0x08, 0x79, 0x50, 0xa2, 0x70, 0x50, 0x0d, 0x61, 0xdc, 0x02, 0x50, 0x8d, 0x70, 0x50,
  0x08, 0x79, 0x50, 0xa3, 0x70, 0x50, 0x0d, 0x62, 0x76, 0x50, 0xa4, 0x70, 0x50, 0x0d, 0x7e, 0x50,
  0xd5, 0x61, 0xd0, 0x02, 0x50, 0x8e, 0x70, 0x50, 0x08, 0x78, 0x50, 0xa5, 0x70, 0x50, 0x0d, 0x61,
  0xde, 0x02, 0x50, 0x8f, 0x70, 0x50, 0x08, 0x79, 0x50, 0xa6, 0x70, 0x50, 0x0d, 0x61, 0x6d, 0x01,
  0x50, 0xe4, 0x70, 0x50, 0xdf, 0x76, 0x50, 0xf1, 0x70, 0x50, 0xe5, 0x61, 0x68, 0x01, 0x50, 0x8e,
  0x70, 0x50, 0x08, 0x75, 0x50, 0xa5, 0x70, 0x50, 0x0d, 0x62, 0x70, 0x50, 0x8d, 0x70, 0x50, 0x08,
  0x75, 0x50, 0xa4, 0x70, 0x50, 0x0d, 0x76, 0x50, 0xff, 0x62, 0x50, 0xa3, 0x50, 0x0d, 0x76, 0x50,
  0xf4, 0x61, 0xde, 0x02, 0x50, 0x8c, 0x50, 0x08, 0x75, 0x50, 0xa2, 0x70, 0x50, 0x0d, 0x62, 0x72,
  0x50, 0x8b, 0x70, 0x50, 0x08, 0x74, 0x50, 0xa1, 0x70, 0x50, 0x0d, 0x75, 0x50, 0xf5, 0x61, 0xdc,
  0x02, 0x50, 0x8c, 0x70, 0x50, 0x08, 0x75, 0x50, 0xa2, 0x70, 0x50, 0x0d, 0x62, 0x71, 0x50, 0x8d,
  0x70, 0x50, 0x08, 0x74, 0x50, 0xa3, 0x70, 0x50, 0x0d, 0x62, 0x76, 0x50, 0xa4, 0x70, 0x50, 0x0d,
  0x75, 0x50, 0xf6, 0x61, 0xde, 0x02, 0x50, 0x8e, 0x70, 0x50, 0x08, 0x75, 0x50, 0xa5, 0x70, 0x50,
  0x0d, 0x62, 0x71, 0x50, 0x8f, 0x70, 0x50, 0x08, 0x75, 0x50, 0xa6, 0x70, 0x50, 0x0d, 0x62, 0x72,
  0x50, 0x8e, 0x70, 0x50, 0x08, 0x75, 0x50, 0xa5, 0x70, 0x50, 0x0d, 0x75, 0x50, 0xf7, 0x61, 0xdb,
  0x02, 0x50, 0x8d, 0x50, 0x08, 0x75, 0x50, 0xa4, 0x70, 0x50, 0x0d, 0x61, 0x72, 0x01, 0x50, 0xff,
  0x76, 0x50, 0xd1, 0x61, 0x6d, 0x01, 0x50, 0xa3, 0x70, 0x50, 0x0d, 0x76, 0x50, 0xd2, 0x61, 0xdd,
  0x02, 0x50, 0x8c, 0x70, 0x50, 0x08, 0x74, 0x50, 0xa2, 0x70, 0x50, 0x0d, 0x62, 0x72, 0x50, 0x8b,
  0x70, 0x50, 0x08, 0x74, 0x50, 0xa1, 0x70, 0x50, 0x0d, 0x62, 0x72, 0x50, 0x8c, 0x70, 0x50, 0x08,
  0x75, 0x50, 0xa2, 0x70, 0x50, 0x0d, 0x62, 0x71, 0x50, 0x8d, 0x70, 0x50, 0x08, 0x75, 0x50, 0xa3,
  0x50, 0x0d, 0x76, 0x50, 0xd3, 0x62, 0x50, 0xa4, 0x70, 0x50, 0x0d, 0x62, 0x75, 0x50, 0x8e, 0x70,
  0x50, 0x08, 0x75, 0x50, 0xa5, 0x70, 0x50, 0x0d, 0x7a, 0x50, 0xd4, 0x61, 0xd6, 0x02, 0x50, 0x8f,
  0x70, 0x50, 0x08, 0x75, 0x50, 0xa6, 0x70, 0x50, 0x0d, 0x62, 0x72, 0x50, 0x8e, 0x50, 0x08, 0x76,
  0x50, 0xa5, 0x70, 0x50, 0x0d, 0x62, 0x70, 0x50, 0x8d, 0x70, 0x50, 0x08, 0x75, 0x50, 0xa4, 0x70,
  0x50, 0x0d, 0x7b, 0x50, 0xd5, 0x61, 0xda, 0x02, 0x50, 0xa3, 0x70, 0x50, 0x0d, 0x62, 0x73, 0x50,
  0x8c, 0x70, 0x50, 0x08, 0x75, 0x50, 0xa2, 0x70, 0x50, 0x0d, 0x75, 0x50, 0xdf, 0x77, 0x50, 0xd0,
  0x61, 0xd3, 0x02, 0x50, 0x8b, 0x70, 0x50, 0x08, 0x75, 0x50, 0xa1, 0x70, 0x50, 0x0d, 0x78, 0x50,
  0xdf, 0x61, 0xd9, 0x02, 0x50, 0x8c, 0x70, 0x50, 0x08, 0x76, 0x50, 0xa2, 0x50, 0x0d, 0x77, 0x50,
  0xd2, 0x61, 0xd9, 0x02, 0x50, 0x8d, 0x70, 0x50, 0x08, 0x75, 0x50, 0xa3, 0x50, 0x0d, 0x62, 0x76,
  0x50, 0xa4, 0x70, 0x50, 0x0d, 0x7b, 0x50, 0xd3, 0x61, 0xd8, 0x02, 0x50, 0x8e, 0x70, 0x50, 0x08,
  0x75, 0x50, 0xa5, 0x70, 0x50, 0x0d, 0x62, 0x71, 0x50, 0x8f, 0x70, 0x50, 0x08, 0x75, 0x50, 0xa6,
  0x70, 0x50, 0x0d, 0x7a, 0x50, 0xd4, 0x61, 0xd7, 0x02, 0x50, 0x8e, 0x50, 0x08, 0x76, 0x50, 0xa5,
  0x70, 0x50, 0x0d, 0x62, 0x70, 0x50, 0x8d, 0x70, 0x50, 0x08, 0x75, 0x50, 0xa4, 0x70, 0x50, 0x0d,
  0x62, 0x76, 0x50, 0xa3, 0x70, 0x50, 0x0d, 0x7a, 0x50, 0xd5, 0x61, 0xd9, 0x02, 0x50, 0x8c, 0x50,
  0x08, 0x75, 0x50, 0xa2, 0x70, 0x50, 0x0d, 0x62, 0x72, 0x50, 0x96, 0x73, 0x50, 0x8b, 0x70, 0x50,
  0x08, 0x78, 0x50, 0xb6, 0x74, 0x50, 0xa1, 0x70, 0x50, 0x0d, 0x61, 0xd7, 0x02, 0x50, 0x92, 0x72,
  0x50, 0x80, 0x70, 0x50, 0x0a, 0x7a, 0x50, 0xb2, 0x72, 0x50, 0xa5, 0x50, 0x0d, 0x78, 0x50, 0xdf,
  0x77, 0x50, 0xd1, 0x78, 0x50, 0xd2, 0x61, 0xbc, 0x02, 0x50, 0x93, 0x76, 0x50, 0xb3, 0x7b, 0x50,
  0xd3, 0x61, 0xd2, 0x05, 0x50, 0xd4, 0x61, 0x4a, 0x04, 0x50, 0x94, 0x75, 0x50, 0xb4, 0x62, 0x73,
  0x50, 0x95, 0x76, 0x50, 0xb5, 0x79, 0x50, 0xd1, 0x61, 0x65, 0x01, 0x50, 0x96, 0x75, 0x50, 0xb6,
  0x76, 0x50, 0xd2, 0x62, 0x78, 0x50, 0xd3, 0x61, 0xd3, 0x05, 0x50, 0xd4, 0x61, 0xdc, 0x02, 0x50,
  0x97, 0x76, 0x50, 0xb7, 0x61, 0x6c, 0x01, 0x50, 0x98, 0x76, 0x50, 0xb8, 0x62, 0x75, 0x50, 0x92,
  0x7b, 0x50, 0xb2, 0x78, 0x50, 0xe4, 0x70, 0x50, 0xdf, 0x76, 0x50, 0xf1, 0x70, 0x50, 0xe5, 0x61,
  0x3e, 0x04, 0x50, 0x93, 0x76, 0x50, 0xb3, 0x75, 0x50, 0xff, 0x62, 0x79, 0x50, 0xf4, 0x61, 0xd2,
  0x05, 0x50, 0xf5, 0x61, 0x67, 0x01, 0x50, 0x94, 0x75, 0x50, 0xb4, 0x62, 0x76, 0x50, 0x92, 0x7b,
  0x50, 0xb2, 0x61, 0x50, 0x04, 0x50, 0x93, 0x76, 0x50, 0xb3, 0x74, 0x50, 0xf6, 0x61, 0xbc, 0x08,
  0x50, 0xf7, 0x61, 0x67, 0x01, 0x50, 0x94, 0x75, 0x50, 0xb4, 0x62, 0x76, 0x50, 0x92, 0x7a, 0x50,
  0xb2, 0x79, 0x50, 0xff, 0x76, 0x50, 0xd1, 0x61, 0x60, 0x01, 0x50, 0xd2, 0x62, 0x70, 0x50, 0x93,
  0x75, 0x50, 0xb3, 0x61, 0xde, 0x05, 0x50, 0xd3, 0x61, 0xd6, 0x02, 0x50, 0x94, 0x7a, 0x50, 0xb4,
  0x62, 0x71, 0x50, 0x92, 0x7e, 0x50, 0xb2, 0x7f, 0x70, 0x50, 0xd4, 0x61, 0xc8, 0x02, 0x50, 0x93,
  0x76, 0x50, 0xb3, 0x61, 0xdd, 0x05, 0x50, 0xd5, 0x62, 0x62, 0x50, 0x94, 0x7b, 0x50, 0xb4, 0x62,
  0x72, 0x50, 0x92, 0x71, 0x50, 0x89, 0x70, 0x50, 0x0a, 0x7c, 0x50, 0xb2, 0x7c, 0x50, 0xe4, 0x70,
  0x50, 0xdf, 0x77, 0x50, 0xf1, 0x70, 0x50, 0xe5, 0x61, 0xbf, 0x02, 0x50, 0x93, 0x76, 0x50, 0xb3,
  0x76, 0x50, 0xff, 0x62, 0x79, 0x50, 0xf4, 0x61, 0xd5, 0x05, 0x50, 0xf5, 0x61, 0xd7, 0x02, 0x50,
  0x94, 0x7a, 0x50, 0xb4, 0x62, 0x50, 0x95, 0x75, 0x50, 0x96, 0x75, 0x50, 0xb5, 0x75, 0x50, 0xb6,
  0x62, 0x79, 0x50, 0xf6, 0x61, 0xab, 0x08, 0x50, 0x97, 0x76, 0x50, 0xb7, 0x78, 0x50, 0xf7, 0x61,
  0xd7, 0x02, 0x50, 0x98, 0x7a, 0x50, 0xb8, 0x62, 0x71, 0x50, 0x92, 0x71, 0x50, 0x85, 0x70, 0x50,
  0x0d, 0x7c, 0x50, 0xb2, 0x71, 0x50, 0xad, 0x70, 0x50, 0x11, 0x7d, 0x50, 0xf8, 0x61, 0xc6, 0x02,
  0x50, 0x93, 0x76, 0x50, 0xb3, 0x61, 0xd8, 0x05, 0x50, 0xf9, 0x61, 0xbb, 0x08, 0x50, 0xfa, 0x61,
  0xd2, 0x05, 0x50, 0xfb, 0x61, 0xdd, 0x02, 0x50, 0x94, 0x76, 0x50, 0xb4, 0x61, 0x56, 0x04, 0x50,
  0x95, 0x75, 0x50, 0xb5, 0x61, 0x7c, 0x01, 0x50, 0xfc, 0x61, 0x6a, 0x01, 0x50, 0x92, 0x71, 0x50,
  0x89, 0x70, 0x50, 0x0a, 0x79, 0x50, 0xb2, 0x71, 0x50, 0xa5, 0x70, 0x50, 0x0d, 0x61, 0x4c, 0x04,
  0x50, 0x93, 0x75, 0x50, 0xb3, 0x62, 0x7f, 0x50, 0xfd, 0x61, 0xd2, 0x05, 0x50, 0xfe, 0x61, 0xbc,
  0x08, 0x50, 0xff, 0x61, 0xc6, 0x05, 0x50, 0x94, 0x75, 0x50, 0xb4, 0x62, 0x71, 0x50, 0x95, 0x7b,
  0x50, 0xb5, 0x62, 0x70, 0x50, 0x92, 0x72, 0x50, 0x80, 0x70, 0x50, 0x0a, 0x7a, 0x50, 0xb2, 0x72,
  0x50, 0xae, 0x50, 0x0b, 0x61, 0xd6, 0x02, 0x50, 0x93, 0x76, 0x50, 0xb3, 0x61, 0x42, 0x17, 0x50,
  0x94, 0x76, 0x50, 0xb4, 0x61, 0xca, 0x05, 0x50, 0x95, 0x7a, 0x50, 0xb5, 0x62, 0x71, 0x50, 0x92,
  0x71, 0x50, 0x8e, 0x70, 0x50, 0x08, 0x7b, 0x50, 0xb2, 0x71, 0x50, 0xa9, 0x70, 0x50, 0x0a, 0x61,
  0xd6, 0x02, 0x50, 0x93, 0x76, 0x50, 0xb3, 0x61, 0x41, 0x17, 0x50, 0x94, 0x76, 0x50, 0xb4, 0x61,
  0x56, 0x04, 0x50, 0x95, 0x75, 0x50, 0xb5, 0x62, 0x77, 0x50, 0x92, 0x71, 0x50, 0x8a, 0x70, 0x50,
  0x06, 0x78, 0x50, 0xb2, 0x71, 0x50, 0xae, 0x70, 0x50, 0x08, 0x61, 0x4c, 0x04, 0x50, 0x93, 0x75,
  0x50, 0xb3, 0x61, 0x43, 0x17, 0x50, 0x94, 0x75, 0x50, 0xb4, 0x61, 0xaa, 0x0b, 0x50, 0xaf, 0x70,
  0x50, 0x08, 0x62, 0x73, 0x50, 0xae, 0x70, 0x50, 0x08, 0x62, 0x77, 0x50, 0xad, 0x70, 0x50, 0x08,
  0x62, 0x71, 0x50, 0x89, 0x70, 0x50, 0x06, 0x62, 0x7b, 0x50, 0x95, 0x75, 0x50, 0xac, 0x70, 0x50,
  0x08, 0x73, 0x50, 0xb5, 0x61, 0xdc, 0x02, 0x50, 0x88, 0x50, 0x06, 0x79, 0x50, 0xab, 0x70, 0x50,
  0x08, 0x61, 0xde, 0x02, 0x50, 0x89, 0x70, 0x50, 0x06, 0x7a, 0x50, 0xac, 0x50, 0x08, 0x62, 0x75,
  0x50, 0xad, 0x70, 0x50, 0x08, 0x62, 0x70, 0x50, 0x8a, 0x70, 0x50, 0x06, 0x62, 0x78, 0x50, 0x96,
  0x7b, 0x50, 0xb6, 0x74, 0x50, 0xae, 0x50, 0x08, 0x61, 0xdc, 0x02, 0x50, 0x92, 0x71, 0x50, 0x80,
  0x70, 0x50, 0x0a, 0x7b, 0x50, 0xb2, 0x71, 0x50, 0xae, 0x70, 0x50, 0x0b, 0x61, 0xd5, 0x02, 0x50,
  0x93, 0x76, 0x50, 0xb3, 0x61, 0x9c, 0x0b, 0x50, 0x94, 0x7a, 0x50, 0xb4, 0x62, 0x70, 0x50, 0x92,
  0x72, 0x50, 0x89, 0x70, 0x50, 0x0a, 0x7a, 0x50, 0xb2, 0x72, 0x50, 0xa5, 0x50, 0x0d, 0x61, 0xd6,
  0x02, 0x50, 0x93, 0x76, 0x50, 0xb3, 0x61, 0x9c, 0x0b, 0x50, 0x94, 0x7a, 0x50, 0xb4, 0x62, 0x75,
  0x50, 0x92, 0x71, 0x50, 0x8e, 0x70, 0x50, 0x08, 0x7e, 0x50, 0xb2, 0x7f, 0x75, 0x50, 0xd0, 0x61,
  0xbc, 0x02, 0x50, 0x93, 0x76, 0x50, 0xb3, 0x77, 0x50, 0xdf, 0x62, 0x78, 0x50, 0xd2, 0x61, 0xd1,
  0x05, 0x50, 0xd3, 0x61, 0x68, 0x01, 0x50, 0xb4, 0x62, 0x7c, 0x50, 0xb2, 0x61, 0x7c, 0x01, 0x50,
  0xd4, 0x62, 0x75, 0x50, 0xb3, 0x61, 0xcc, 0x05, 0x50, 0x94, 0x7b, 0x50, 0xd5, 0x61, 0x52, 0x04,
  0x50, 0xb4, 0x62, 0x7c, 0x50, 0xb2, 0x7b, 0x50, 0xd0, 0x61, 0x4f, 0x04, 0x50, 0x8f, 0x70, 0x50,
  0x08, 0x7a, 0x50, 0xb3, 0x76, 0x50, 0xdf, 0x61, 0xd4, 0x02, 0x50, 0x8e, 0x70, 0x50, 0x08, 0x7f,
  0x71, 0x50, 0xd2, 0x61, 0xd6, 0x02, 0x50, 0x8d, 0x50, 0x08, 0x61, 0xf8, 0x02, 0x50, 0xd3, 0x61,
  0x68, 0x01, 0x50, 0xb4, 0x61, 0x72, 0x01, 0x50, 0x8c, 0x70, 0x50, 0x08, 0x73, 0x50, 0x95, 0x61,
  0x75, 0x01, 0x50, 0xb2, 0x61, 0x6f, 0x01, 0x50, 0x8b, 0x70, 0x50, 0x08, 0x7e, 0x50, 0xd4, 0x61,
  0xda, 0x02, 0x50, 0x8c, 0x70, 0x50, 0x08, 0x7a, 0x50, 0xb3, 0x61, 0xdc, 0x02, 0x50, 0x8d, 0x70,
  0x50, 0x08, 0x61, 0xf8, 0x02, 0x50, 0xd5, 0x61, 0xda, 0x02, 0x50, 0x8e, 0x50, 0x08, 0x61, 0x76,
  0x01, 0x50, 0xb4, 0x61, 0x73, 0x01, 0x50, 0x8f, 0x50, 0x08, 0x61, 0x79, 0x01, 0x50, 0xb2, 0x78,
  0x50, 0xe4, 0x70, 0x50, 0xdf, 0x76, 0x50, 0xf1, 0x71, 0x50, 0xe5, 0x61, 0x5d, 0x01, 0x50, 0x8e,
  0x70, 0x50, 0x08, 0x62, 0x78, 0x50, 0x8d, 0x70, 0x50, 0x08, 0x77, 0x50, 0xb3, 0x76, 0x50, 0xff,
  0x62, 0x76, 0x50, 0xf4, 0x61, 0xdd, 0x02, 0x50, 0x8c, 0x50, 0x08, 0x7f, 0x71, 0x50, 0xf5, 0x61,
  0xd7, 0x02, 0x50, 0x8b, 0x50, 0x08, 0x75, 0x50, 0xb4, 0x62, 0x73, 0x50, 0x8c, 0x70, 0x50, 0x08,
  0x76, 0x50, 0xb5, 0x75, 0x50, 0xb6, 0x61, 0xdb, 0x02, 0x50, 0x8d, 0x70, 0x50, 0x08, 0x7f, 0x70,
  0x50, 0xf6, 0x61, 0xc0, 0x05, 0x50, 0x8e, 0x70, 0x50, 0x08, 0x62, 0x78, 0x50, 0x8f, 0x70, 0x50,
  0x08, 0x77, 0x50, 0xb7, 0x79, 0x50, 0xf7, 0x61, 0xd7, 0x02, 0x50, 0x8e, 0x70, 0x50, 0x08, 0x62,
  0x77, 0x50, 0x8d, 0x70, 0x50, 0x08, 0x77, 0x50, 0xb8, 0x75, 0x50, 0xff, 0x76, 0x50, 0xd1, 0x78,
  0x50, 0xd2, 0x61, 0xb4, 0x05, 0x50, 0x8c, 0x50, 0x08, 0x78, 0x50, 0xa6, 0x70, 0x50, 0x0d, 0x74,
  0x50, 0xb9, 0x61, 0xda, 0x02, 0x50, 0x8b, 0x70, 0x50, 0x08, 0x75, 0x50, 0xa5, 0x70, 0x50, 0x0d,
  0x62, 0x71, 0x50, 0x8c, 0x70, 0x50, 0x08, 0x75, 0x50, 0xa4, 0x70, 0x50, 0x0d, 0x74, 0x50, 0xba,
  0x7a, 0x50, 0xd3, 0x61, 0xd1, 0x02, 0x50, 0x8d, 0x70, 0x50, 0x08, 0x75, 0x50, 0xa3, 0x70, 0x50,
  0x0d, 0x62, 0x76, 0x50, 0xa2, 0x50, 0x0d, 0x7f, 0x50, 0xd4, 0x61, 0xd4, 0x02, 0x50, 0x8e, 0x70,
  0x50, 0x08, 0x75, 0x50, 0xa1, 0x70, 0x50, 0x0d, 0x62, 0x71, 0x50, 0x8f, 0x70, 0x50, 0x08, 0x76,
  0x50, 0xa2, 0x70, 0x50, 0x0d, 0x73, 0x50, 0xbb, 0x61, 0xdd, 0x02, 0x50, 0x8e, 0x70, 0x50, 0x08,
  0x75, 0x50, 0xa3, 0x70, 0x50, 0x0d, 0x7e, 0x50, 0xd5, 0x61, 0xd2, 0x02, 0x50, 0x8d, 0x50, 0x08,
  0x76, 0x50, 0xa4, 0x50, 0x0d, 0x74, 0x50, 0xbc, 0x62, 0x71, 0x50, 0xbd, 0x73, 0x50, 0xa5, 0x70,
  0x50, 0x0d, 0x61, 0x70, 0x01, 0x50, 0xb2, 0x71, 0x50, 0xa9, 0x70, 0x50, 0x0a, 0x74, 0x50, 0xdf,
  0x78, 0x50, 0xd0, 0x61, 0x5e, 0x01, 0x50, 0x8c, 0x70, 0x50, 0x08, 0x62, 0x78, 0x50, 0x8b, 0x70,
  0x50, 0x08, 0x76, 0x50, 0xb3, 0x77, 0x50, 0xdf, 0x61, 0xda, 0x02, 0x50, 0x8c, 0x70, 0x50, 0x08,
  0x7d, 0x50, 0xd2, 0x61, 0xda, 0x02, 0x50, 0x8d, 0x70, 0x50, 0x08, 0x61, 0xf4, 0x02, 0x50, 0xd3,
  0x61, 0x6b, 0x01, 0x50, 0xb4, 0x61, 0x72, 0x01, 0x50, 0x8e, 0x70, 0x50, 0x08, 0x61, 0x79, 0x01,
  0x50, 0xb2, 0x71, 0x50, 0xae, 0x70, 0x50, 0x08, 0x61, 0x6c, 0x01, 0x50, 0x8f, 0x70, 0x50, 0x08,
  0x7a, 0x50, 0xd4, 0x61, 0xde, 0x02, 0x50, 0x8e, 0x50, 0x08, 0x77, 0x50, 0xb3, 0x62, 0x70, 0x50,
  0x8d, 0x70, 0x50, 0x08, 0x61, 0xf4, 0x02, 0x50, 0xd5, 0x61, 0xde, 0x02, 0x50, 0x8c, 0x50, 0x08,
  0x61, 0x76, 0x01, 0x50, 0xb4, 0x61, 0x73, 0x01, 0x50, 0x8b, 0x50, 0x08, 0x61, 0x7b, 0x01, 0x50,
  0xb2, 0x71, 0x50, 0xaa, 0x70, 0x50, 0x06, 0x74, 0x50, 0xdf, 0x77, 0x50, 0xd1, 0x61, 0x5e, 0x01,
  0x50, 0x8c, 0x70, 0x50, 0x08, 0x7b, 0x50, 0xd2, 0x61, 0xdc, 0x02, 0x50, 0x8d, 0x70, 0x50, 0x08,
  0x76, 0x50, 0xb3, 0x75, 0x50, 0xd3, 0x61, 0xc4, 0x05, 0x50, 0x8e, 0x70, 0x50, 0x08, 0x7c, 0x50,
  0xd4, 0x61, 0xdb, 0x02, 0x50, 0x8f, 0x70, 0x50, 0x08, 0x61, 0x76, 0x01, 0x50, 0xb4, 0x61, 0x73,
  0x01, 0x50, 0x8e, 0x70, 0x50, 0x08, 0x61, 0x76, 0x01, 0x50, 0xb5, 0x78, 0x50, 0xd1, 0x61, 0x68,
  0x01, 0x50, 0x8d, 0x70, 0x50, 0x08, 0x76, 0x50, 0xb6, 0x77, 0x50, 0xd2, 0x62, 0x75, 0x50, 0xd3,
  0x61, 0xde, 0x02, 0x50, 0x8c, 0x50, 0x08, 0x62, 0x79, 0x50, 0x8b, 0x70, 0x50, 0x08, 0x7f, 0x72,
  0x50, 0xd4, 0x61, 0xd6, 0x02, 0x50, 0x8c, 0x70, 0x50, 0x08, 0x75, 0x50, 0xb7, 0x75, 0x50, 0xb8,
  0x61, 0xdb, 0x02, 0x50, 0x8d, 0x70, 0x50, 0x08, 0x79, 0x50, 0xb2, 0x72, 0x50, 0xa9, 0x50, 0x0a,
  0x78, 0x50, 0xe4, 0x70, 0x50, 0xdf, 0x77, 0x50, 0xf1, 0x70, 0x50, 0xe5, 0x61, 0xcf, 0x02, 0x50,
  0xb3, 0x76, 0x50, 0xff, 0x61, 0xdc, 0x02, 0x50, 0x8e, 0x50, 0x08, 0x7e, 0x50, 0xf4, 0x61, 0xda,
  0x02, 0x50, 0x8f, 0x70, 0x50, 0x08, 0x62, 0x78, 0x50, 0x8e, 0x70, 0x50, 0x08, 0x7f, 0x71, 0x50,
  0xf5, 0x61, 0xd6, 0x02, 0x50, 0x8d, 0x70, 0x50, 0x08, 0x75, 0x50, 0xb4, 0x62, 0x79, 0x50, 0xb2,
  0x72, 0x50, 0xae, 0x50, 0x08, 0x62, 0x50, 0x8c, 0x70, 0x50, 0x08, 0x77, 0x50, 0xb3, 0x79, 0x50,
  0xf6, 0x61, 0xd6, 0x02, 0x50, 0x8b, 0x70, 0x50, 0x08, 0x62, 0x79, 0x50, 0x8c, 0x70, 0x50, 0x08,
  0x62, 0x78, 0x50, 0x8d, 0x50, 0x08, 0x7f, 0x71, 0x50, 0xf7, 0x61, 0xdb, 0x02, 0x50, 0xb4, 0x62,
  0x75, 0x50, 0x8e, 0x70, 0x50, 0x08, 0x79, 0x50, 0xb2, 0x71, 0x50, 0xaa, 0x70, 0x50, 0x06, 0x78,
  0x50, 0xff, 0x77, 0x50, 0xd1, 0x78, 0x50, 0xd2, 0x61, 0xc1, 0x02, 0x50, 0x8f, 0x70, 0x50, 0x08,
  0x76, 0x50, 0xb3, 0x62, 0x72, 0x50, 0x8e, 0x50, 0x08, 0x62, 0x78, 0x50, 0x8d, 0x70, 0x50, 0x08,
  0x61, 0xf9, 0x02, 0x50, 0xd3, 0x61, 0xd8, 0x02, 0x50, 0x8c, 0x70, 0x50, 0x08, 0x62, 0x79, 0x50,
  0x8b, 0x50, 0x08, 0x7f, 0x72, 0x50, 0xd4, 0x61, 0xd6, 0x02, 0x50, 0x8c, 0x70, 0x50, 0x08, 0x62,
  0x77, 0x50, 0x8d, 0x70, 0x50, 0x08, 0x62, 0x7e, 0x50, 0xb4, 0x75, 0x50, 0xd5, 0x61, 0xde, 0x02,
  0x50, 0x8e, 0x50, 0x08, 0x61, 0x74, 0x01, 0x50, 0x96, 0x76, 0x50, 0xb5, 0x61, 0x6e, 0x01, 0x50,
  0x8f, 0x50, 0x08, 0x61, 0x75, 0x01, 0x50, 0x97, 0x78, 0x50, 0xb2, 0x72, 0x50, 0xa4, 0x50, 0x06,
  0x75, 0x50, 0xdf, 0x77, 0x50, 0xd0, 0x71, 0x50, 0xca, 0x70, 0x50, 0x21, 0x61, 0x57, 0x01, 0x50,
  0x8e, 0x70, 0x50, 0x08, 0x62, 0x78, 0x50, 0x8d, 0x70, 0x50, 0x08, 0x73, 0x50, 0x98, 0x76, 0x50,
  0xb3, 0x76, 0x50, 0xdf, 0x62, 0x76, 0x50, 0xd2, 0x61, 0xd9, 0x02, 0x50, 0x8c, 0x70, 0x50, 0x08,
  0x73, 0x50, 0x99, 0x62, 0x74, 0x50, 0x8b, 0x70, 0x50, 0x08, 0x7f, 0x70, 0x50, 0xd3, 0x61, 0xd8,
  0x02, 0x50, 0x8c, 0x70, 0x50, 0x08, 0x73, 0x50, 0x9a, 0x62, 0x73, 0x50, 0x8d, 0x70, 0x50, 0x08,
  0x7f, 0x71, 0x50, 0xd4, 0x61, 0xc0, 0x05, 0x50, 0x8e, 0x50, 0x08, 0x62, 0x79, 0x50, 0x8f, 0x70,
  0x50, 0x08, 0x73, 0x50, 0x9b, 0x76, 0x50, 0xb4, 0x75, 0x50, 0xd5, 0x61, 0xd7, 0x02, 0x50, 0x8e,
  0x70, 0x50, 0x08, 0x61, 0x74, 0x01, 0x50, 0x9c, 0x61, 0x74, 0x01, 0x50, 0x8d, 0x70, 0x50, 0x08,
  0x73, 0x50, 0x9d, 0x61, 0x73, 0x01, 0x50, 0x92, 0x71, 0x50, 0x80, 0x70, 0x50, 0x0a, 0x7a, 0x50,
  0xd0, 0x61, 0x4e, 0x04, 0x50, 0x93, 0x7f, 0x71, 0x50, 0xdf, 0x62, 0x76, 0x50, 0xd2, 0x61, 0xc9,
  0x05, 0x50, 0xa3, 0x70, 0x50, 0x06, 0x7e, 0x50, 0xd3, 0x61, 0xdc, 0x02, 0x50, 0xb5, 0x62, 0x76,
  0x50, 0xa2, 0x70, 0x50, 0x06, 0x7f, 0x50, 0xd4, 0x61, 0xd9, 0x02, 0x50, 0xa3, 0x70, 0x50, 0x06,
  0x61, 0xcb, 0x05, 0x50, 0x94, 0x75, 0x50, 0xa4, 0x50, 0x06, 0x7f, 0x50, 0xd5, 0x61, 0xca, 0x05,
  0x50, 0xe4, 0x70, 0x50, 0xdf, 0x76, 0x50, 0xf1, 0x70, 0x50, 0xe5, 0x61, 0xde, 0x02, 0x50, 0xff,
  0x62, 0x50, 0x81, 0x70, 0x50, 0x0a, 0x7e, 0x50, 0xf4, 0x61, 0xd7, 0x02, 0x50, 0x80, 0x50, 0x0a,
  0x79, 0x50, 0xa3, 0x70, 0x50, 0x06, 0x61, 0xdd, 0x02, 0x50, 0x8f, 0x70, 0x50, 0x09, 0x7f, 0x72,
  0x50, 0xf5, 0x61, 0xde, 0x02, 0x50, 0xa2, 0x50, 0x06, 0x62, 0x70, 0x50, 0x8e, 0x70, 0x50, 0x09,
  0x74, 0x50, 0x95, 0x75, 0x50, 0xa3, 0x70, 0x50, 0x06, 0x61, 0xdd, 0x02, 0x50, 0x8d, 0x50, 0x09,
  0x7f, 0x72, 0x50, 0xf6, 0x61, 0xd6, 0x02, 0x50, 0x8e, 0x70, 0x50, 0x09, 0x79, 0x50, 0xa4, 0x70,
  0x50, 0x06, 0x61, 0xdd, 0x02, 0x50, 0x8f, 0x70, 0x50, 0x09, 0x61, 0xf9, 0x02, 0x50, 0xf7, 0x61,
  0xd8, 0x02, 0x50, 0x96, 0x73, 0x50, 0x80, 0x70, 0x50, 0x0a, 0x62, 0x77, 0x50, 0x92, 0x71, 0x50,
  0x8e, 0x70, 0x50, 0x08, 0x7d, 0x50, 0xff, 0x76, 0x50, 0xd1, 0x78, 0x50, 0xd2, 0x61, 0xc7, 0x02,
  0x50, 0x93, 0x74, 0x50, 0xa3, 0x70, 0x50, 0x06, 0x61, 0xd1, 0x05, 0x50, 0xa2, 0x50, 0x06, 0x62,
  0x79, 0x50, 0xa3, 0x70, 0x50, 0x06, 0x76, 0x50, 0xd3, 0x61, 0xca, 0x05, 0x50, 0xa4, 0x70, 0x50,
  0x06, 0x76, 0x50, 0xd4, 0x61, 0xae, 0x08, 0x50, 0x94, 0x7a, 0x50, 0xd5, 0x61, 0x52, 0x04, 0x50,
  0x95, 0x75, 0x50, 0xb6, 0x61, 0x75, 0x01, 0x50, 0xa3, 0x50, 0x06, 0x61, 0x71, 0x01, 0x50, 0x92,
  0x71, 0x50, 0x86, 0x70, 0x50, 0x08, 0x79, 0x50, 0xb2, 0x71, 0x50, 0xa0, 0x70, 0x50, 0x0a, 0x74,
  0x50, 0xdf, 0x77, 0x50, 0xd0, 0x61, 0x3f, 0x04, 0x50, 0x93, 0x75, 0x50, 0xb3, 0x77, 0x50, 0xdf,
  0x62, 0x78, 0x50, 0xd2, 0x61, 0xd2, 0x05, 0x50, 0xd3, 0x61, 0x68, 0x01, 0x50, 0xb4, 0x62, 0x7c,
  0x50, 0xb2, 0x72, 0x50, 0xa6, 0x70, 0x50, 0x08, 0x61, 0x78, 0x01, 0x50, 0xd4, 0x62, 0x75, 0x50,
  0xb3, 0x61, 0xcc, 0x05, 0x50, 0x94, 0x7c, 0x50, 0xd5, 0x61, 0x51, 0x04, 0x50, 0xb4, 0x62, 0x7d,
  0x50, 0xb2, 0x72, 0x50, 0xa4, 0x50, 0x06, 0x75, 0x50, 0xdf, 0x77, 0x50, 0xd1, 0x61, 0x6f, 0x01,
  0x50, 0xd2, 0x61, 0xdb, 0x02, 0x50, 0x87, 0x70, 0x50, 0x08, 0x7a, 0x50, 0xb3, 0x61, 0xdb, 0x02,
  0x50, 0x86, 0x50, 0x08, 0x7f, 0x76, 0x50, 0xd3, 0x61, 0xd1, 0x02, 0x50, 0x85, 0x70, 0x50, 0x08,
  0x62, 0x78, 0x50, 0x95, 0x76, 0x50, 0x96, 0x75, 0x50, 0xb4, 0x62, 0x50, 0x92, 0x71, 0x50, 0x8e,
  0x70, 0x50, 0x08, 0x79, 0x50, 0xb5, 0x75, 0x50, 0xb6, 0x77, 0x50, 0xd1, 0x79, 0x50, 0xd2, 0x61,
  0xc3, 0x02, 0x50, 0x93, 0x7f, 0x71, 0x50, 0xd3, 0x61, 0xd3, 0x05, 0x50, 0xd4, 0x61, 0xde, 0x02,
  0x50, 0xb7, 0x62, 0x77, 0x50, 0xb8, 0x62, 0x7d, 0x50, 0xb2, 0x71, 0x50, 0xa0, 0x70, 0x50, 0x0a,
  0x78, 0x50, 0xe4, 0x70, 0x50, 0xdf, 0x76, 0x50, 0xf1, 0x70, 0x50, 0xe5, 0x61, 0xd2, 0x02, 0x50,
  0xb3, 0x76, 0x50, 0xff, 0x62, 0x78, 0x50, 0xf4, 0x61, 0xdc, 0x02, 0x50, 0x94, 0x61, 0xfa, 0x02,
  0x50, 0xf5, 0x61, 0xde, 0x02, 0x50, 0xb4, 0x62, 0x7c, 0x50, 0xb2, 0x71, 0x50, 0xa6, 0x70, 0x50,
  0x08, 0x62, 0x50, 0x8f, 0x70, 0x50, 0x08, 0x7a, 0x50, 0xb3, 0x79, 0x50, 0xf6, 0x61, 0xd1, 0x02,
  0x50, 0x8e, 0x50, 0x08, 0x62, 0x78, 0x50, 0x8d, 0x70, 0x50, 0x08, 0x61, 0xfc, 0x02, 0x50, 0xf7,
  0x61, 0x61, 0x01, 0x50, 0x95, 0x75, 0x50, 0xb4, 0x61, 0x6e, 0x01, 0x50, 0x8c, 0x70, 0x50, 0x08,
  0x73, 0x50, 0x96, 0x61, 0x73, 0x01, 0x50, 0x92, 0x71, 0x50, 0x80, 0x70, 0x50, 0x0a, 0x79, 0x50,
  0xb2, 0x71, 0x50, 0xa4, 0x70, 0x50, 0x06, 0x75, 0x50, 0xff, 0x76, 0x50, 0xd1, 0x61, 0x5f, 0x01,
  0x50, 0xd2, 0x62, 0x70, 0x50, 0x93, 0x75, 0x50, 0xb3, 0x61, 0xc2, 0x08, 0x50, 0xd3, 0x61, 0xd2,
  0x05, 0x50, 0xd4, 0x61, 0xaf, 0x08, 0x50, 0x94, 0x75, 0x50, 0xb4, 0x76, 0x50, 0xd5, 0x61, 0x4f,
  0x04, 0x50, 0x95, 0x75, 0x50, 0xb5, 0x62, 0x76, 0x50, 0x92, 0x71, 0x50, 0x8e, 0x70, 0x50, 0x08,
  0x79, 0x50, 0xb2, 0x71, 0x50, 0xa5, 0x70, 0x50, 0x0d, 0x75, 0x50, 0xdf, 0x77, 0x50, 0xd0, 0x71,
  0x50, 0xca, 0x70, 0x50, 0x23, 0x61, 0x3b, 0x04, 0x50, 0x93, 0x76, 0x50, 0xb3, 0x76, 0x50, 0xdf,
  0x62, 0x78, 0x50, 0xd2, 0x61, 0xd2, 0x05, 0x50, 0xd3, 0x61, 0x69, 0x01, 0x50, 0xb4, 0x62, 0x7c,
  0x50, 0xb2, 0x61, 0x7c, 0x01, 0x50, 0xd4, 0x62, 0x74, 0x50, 0xb3, 0x61, 0xcc, 0x05, 0x50, 0x94,
  0x7f, 0x72, 0x50, 0xd5, 0x61, 0xdc, 0x02, 0x50, 0xb4, 0x62, 0x7c, 0x50, 0xb2, 0x7e, 0x50, 0xd0,
  0x61, 0xd9, 0x02, 0x50, 0xb3, 0x77, 0x50, 0xdf, 0x61, 0xdb, 0x02, 0x50, 0x8f, 0x70, 0x50, 0x08,
  0x7f, 0x71, 0x50, 0xd2, 0x61, 0xd4, 0x02, 0x50, 0x8e, 0x70, 0x50, 0x08, 0x62, 0x78, 0x50, 0x8d,
  0x50, 0x08, 0x7f, 0x76, 0x50, 0xd3, 0x61, 0xda, 0x02, 0x50, 0xb4, 0x62, 0x71, 0x50, 0x8c, 0x70,
  0x50, 0x08, 0x73, 0x50, 0x95, 0x77, 0x50, 0xb2, 0x7f, 0x71, 0x50, 0xd4, 0x61, 0xca, 0x02, 0x50,
  0x8b, 0x70, 0x50, 0x08, 0x7a, 0x50, 0xb3, 0x61, 0xde, 0x02, 0x50, 0x8c, 0x50, 0x08, 0x62, 0x78,
  0x50, 0x8d, 0x70, 0x50, 0x08, 0x7f, 0x75, 0x50, 0xd5, 0x61, 0xbb, 0x05, 0x50, 0x8e, 0x70, 0x50,
  0x08, 0x79, 0x50, 0xb4, 0x62, 0x50, 0x8f, 0x50, 0x08, 0x7c, 0x50, 0xb2, 0x7b, 0x50, 0xe4, 0x70,
  0x50, 0xdf, 0x76, 0x50, 0xf1, 0x71, 0x50, 0xe5, 0x61, 0xc6, 0x02, 0x50, 0x8e, 0x70, 0x50, 0x08,
  0x77, 0x50, 0xb3, 0x76, 0x50, 0xff, 0x61, 0xd9, 0x02, 0x50, 0x8d, 0x70, 0x50, 0x08, 0x7d, 0x50,
  0xf4, 0x61, 0xc3, 0x05, 0x50, 0x8c, 0x70, 0x50, 0x08, 0x7f, 0x70, 0x50, 0xf5, 0x61, 0xd7, 0x02,
  0x50, 0x8b, 0x70, 0x50, 0x08, 0x75, 0x50, 0xb4, 0x62, 0x73, 0x50, 0x8c, 0x70, 0x50, 0x08, 0x75,
  0x50, 0xb5, 0x75, 0x50, 0xb6, 0x61, 0xdb, 0x02, 0x50, 0x8d, 0x70, 0x50, 0x08, 0x7c, 0x50, 0xf6,
  0x61, 0xc4, 0x05, 0x50, 0x8e, 0x70, 0x50, 0x08, 0x62, 0x78, 0x50, 0x8f, 0x70, 0x50, 0x08, 0x76,
  0x50, 0xb7, 0x75, 0x50, 0xf7, 0x61, 0xdc, 0x02, 0x50, 0x8e, 0x70, 0x50, 0x08, 0x61, 0x77, 0x01,
  0x50, 0xff, 0x77, 0x50, 0xd1, 0x61, 0x68, 0x01, 0x50, 0x8d, 0x70, 0x50, 0x08, 0x76, 0x50, 0xb8,
  0x77, 0x50, 0xd2, 0x62, 0x70, 0x50, 0xa6, 0x70, 0x50, 0x0d, 0x62, 0x72, 0x50, 0x8c, 0x50, 0x08,
  0x76, 0x50, 0xa5, 0x50, 0x0d, 0x74, 0x50, 0xb9, 0x61, 0xdd, 0x02, 0x50, 0x8b, 0x70, 0x50, 0x08,
  0x74, 0x50, 0xa4, 0x70, 0x50, 0x0d, 0x62, 0x72, 0x50, 0x8c, 0x70, 0x50, 0x08, 0x75, 0x50, 0xa3,
  0x70, 0x50, 0x0d, 0x73, 0x50, 0xba, 0x75, 0x50, 0xd3, 0x61, 0xd7, 0x02, 0x50, 0x8d, 0x70, 0x50,
  0x08, 0x74, 0x50, 0xa2, 0x70, 0x50, 0x0d, 0x62, 0x76, 0x50, 0xa1, 0x70, 0x50, 0x0d, 0x7a, 0x50,
  0xd4, 0x61, 0xd9, 0x02, 0x50, 0x8e, 0x70, 0x50, 0x08, 0x75, 0x50, 0xa2, 0x70, 0x50, 0x0d, 0x62,
  0x71, 0x50, 0x8f, 0x70, 0x50, 0x08, 0x75, 0x50, 0xa3, 0x70, 0x50, 0x0d, 0x73, 0x50, 0xbb, 0x61,
  0xde, 0x02, 0x50, 0x8e, 0x70, 0x50, 0x08, 0x75, 0x50, 0xa4, 0x50, 0x0d, 0x7a, 0x50, 0xd5, 0x61,
  0xd7, 0x02, 0x50, 0x8d, 0x50, 0x08, 0x75, 0x50, 0xa5, 0x70, 0x50, 0x0d, 0x73, 0x50, 0xbc, 0x61,
  0x69, 0x01, 0x50, 0x96, 0x76, 0x50, 0xbd, 0x61, 0x76, 0x01, 0x50, 0xa6, 0x50, 0x0d, 0x61, 0x6f,
  0x01, 0x50, 0x92, 0x72, 0x50, 0x85, 0x70, 0x50, 0x0d, 0x78, 0x50, 0xb2, 0x72, 0x50, 0xad, 0x70,
  0x50, 0x11, 0x74, 0x50, 0xdf, 0x77, 0x50, 0xd0, 0x61, 0x3e, 0x04, 0x50, 0x93, 0x76, 0x50, 0xb3,
  0x76, 0x50, 0xdf, 0x62, 0x79, 0x50, 0xd2, 0x62, 0x7e, 0x50, 0xd3, 0x61, 0xdd, 0x02, 0x50, 0xb4,
  0x62, 0x7c, 0x50, 0xb2, 0x7f, 0x70, 0x50, 0xd4, 0x61, 0xd7, 0x02, 0x50, 0xb3, 0x61, 0xdd, 0x05,
  0x50, 0xd5, 0x61, 0xd7, 0x02, 0x50, 0x94, 0x62, 0x7e, 0x50, 0xb4, 0x62, 0x7a, 0x50, 0xb5, 0x75,
  0x50, 0xb6, 0x74, 0x50, 0xdf, 0x77, 0x50, 0xd1, 0x78, 0x50, 0xd2, 0x61, 0xd9, 0x02, 0x50, 0xd3,
  0x61, 0xd8, 0x02, 0x50, 0x86, 0x70, 0x50, 0x0d, 0x62, 0x76, 0x50, 0x85, 0x70, 0x50, 0x0d, 0x7f,
  0x76, 0x50, 0xd4, 0x61, 0xd1, 0x02, 0x50, 0x84, 0x70, 0x50, 0x0d, 0x7a, 0x50, 0xb7, 0x61, 0xdd,
  0x02, 0x50, 0x83, 0x70, 0x50, 0x0d, 0x62, 0x78, 0x50, 0x82, 0x70, 0x50, 0x0d, 0x73, 0x50, 0x95,
  0x77, 0x50, 0xb8, 0x77, 0x50, 0xd1, 0x78, 0x50, 0xd2, 0x61, 0xcb, 0x02, 0x50, 0x81, 0x70, 0x50,
  0x0d, 0x7c, 0x50, 0xae, 0x70, 0x50, 0x11, 0x7e, 0x50, 0xd3, 0x61, 0xcc, 0x02, 0x50, 0x82, 0x70,
  0x50, 0x0d, 0x79, 0x50, 0xad, 0x70, 0x50, 0x11, 0x73, 0x50, 0xb9, 0x61, 0xd9, 0x02, 0x50, 0x83,
  0x50, 0x0d, 0x79, 0x50, 0xac, 0x70, 0x50, 0x11, 0x7f, 0x50, 0xd4, 0x61, 0xce, 0x02, 0x50, 0x84,
  0x70, 0x50, 0x0d, 0x79, 0x50, 0xaa, 0x50, 0x11, 0x74, 0x50, 0xba, 0x61, 0xd9, 0x02, 0x50, 0x96,
  0x73, 0x50, 0x85, 0x70, 0x50, 0x0d, 0x7d, 0x50, 0xa9, 0x70, 0x50, 0x11, 0x61, 0xd8, 0x02, 0x50,
  0x92, 0x71, 0x50, 0x89, 0x70, 0x50, 0x0a, 0x7c, 0x50, 0xb2, 0x71, 0x50, 0xa5, 0x70, 0x50, 0x0d,
  0x77, 0x50, 0xe4, 0x70, 0x50, 0xdf, 0x77, 0x50, 0xf1, 0x70, 0x50, 0xe5, 0x61, 0xc2, 0x02, 0x50,
  0x93, 0x77, 0x50, 0xb3, 0x76, 0x50, 0xff, 0x62, 0x77, 0x50, 0xf4, 0x61, 0xd2, 0x05, 0x50, 0xf5,
  0x61, 0x69, 0x01, 0x50, 0xb4, 0x62, 0x7c, 0x50, 0xb2, 0x61, 0x60, 0x04, 0x50, 0xb3, 0x75, 0x50,
  0xf6, 0x61, 0xc6, 0x05, 0x50, 0x94, 0x61, 0xf5, 0x02, 0x50, 0xf7, 0x61, 0x69, 0x01, 0x50, 0xb4,
  0x62, 0x7a, 0x50, 0xb5, 0x76, 0x50, 0xff, 0x76, 0x50, 0xd1, 0x61, 0x6c, 0x01, 0x50, 0xb6, 0x76,
  0x50, 0xd2, 0x61, 0xdd, 0x02, 0x50, 0x8a, 0x70, 0x50, 0x0a, 0x62, 0x76, 0x50, 0x89, 0x50, 0x0a,
  0x62, 0x78, 0x50, 0x88, 0x70, 0x50, 0x0a, 0x62, 0x78, 0x50, 0x87, 0x70, 0x50, 0x0a, 0x7a, 0x50,
  0xb7, 0x75, 0x50, 0xd3, 0x61, 0xda, 0x02, 0x50, 0x95, 0x62, 0x77, 0x50, 0x86, 0x50, 0x0a, 0x7a,
  0x50, 0xb8, 0x76, 0x50, 0xd4, 0x61, 0xd7, 0x02, 0x50, 0x87, 0x70, 0x50, 0x0a, 0x7b, 0x50, 0xa6,
  0x70, 0x50, 0x0d, 0x62, 0x73, 0x50, 0xa5, 0x70, 0x50, 0x0d, 0x73, 0x50, 0xb9, 0x61, 0xdc, 0x02,
  0x50, 0x88, 0x70, 0x50, 0x0a, 0x78, 0x50, 0xa4, 0x70, 0x50, 0x0d, 0x7a, 0x50, 0xd5, 0x61, 0xd3,
  0x02, 0x50, 0x89, 0x70, 0x50, 0x0a, 0x78, 0x50, 0xa3, 0x70, 0x50, 0x0d, 0x73, 0x50, 0xba, 0x61,
  0x66, 0x01, 0x50, 0x96, 0x61, 0x77, 0x01, 0x50, 0x92, 0x72, 0x50, 0x8e, 0x50, 0x0b, 0x7b, 0x50,
  0xb2, 0x71, 0x50, 0xa0, 0x70, 0x50, 0x0a, 0x78, 0x50, 0xdf, 0x77, 0x50, 0xd0, 0x71, 0x50, 0xce,
  0x70, 0x50, 0x2c, 0x61, 0xc2, 0x02, 0x50, 0x93, 0x76, 0x50, 0xb3, 0x77, 0x50, 0xdf, 0x62, 0x78,
  0x50, 0xd2, 0x61, 0xd7, 0x05, 0x50, 0xd3, 0x61, 0xdc, 0x02, 0x50, 0xb4, 0x62, 0x7c, 0x50, 0xb2,
  0x7f, 0x71, 0x50, 0xd4, 0x61, 0xd6, 0x02, 0x50, 0xb3, 0x61, 0xcb, 0x05, 0x50, 0x94, 0x7f, 0x71,
  0x50, 0xd5, 0x61, 0xc6, 0x05, 0x50, 0xb4, 0x62, 0x79, 0x50, 0xb5, 0x75, 0x50, 0xb6, 0x78, 0x50,
  0xd0, 0x61, 0xd6, 0x02, 0x50, 0x8f, 0x70, 0x50, 0x0b, 0x7f, 0x72, 0x50, 0xdf, 0x61, 0xd3, 0x02,
  0x50, 0x8e, 0x50, 0x0b, 0x7f, 0x72, 0x50, 0xd2, 0x61, 0xd5, 0x02, 0x50, 0x8d, 0x70, 0x50, 0x0b,
  0x62, 0x78, 0x50, 0x8c, 0x70, 0x50, 0x0b, 0x7b, 0x50, 0xb7, 0x7a, 0x50, 0xd3, 0x61, 0xd1, 0x02,
  0x50, 0x8b, 0x70, 0x50, 0x0b, 0x74, 0x50, 0x95, 0x62, 0x74, 0x50, 0x8a, 0x50, 0x0b, 0x7b, 0x50,
  0xb8, 0x7a, 0x50, 0xd4, 0x61, 0xd2, 0x02, 0x50, 0x8b, 0x70, 0x50, 0x0b, 0x7c, 0x50, 0xa1, 0x70,
  0x50, 0x0a, 0x61, 0xda, 0x02, 0x50, 0x8c, 0x70, 0x50, 0x0b, 0x79, 0x50, 0xa0, 0x70, 0x50, 0x0a,
  0x73, 0x50, 0xb9, 0x61, 0xd9, 0x02, 0x50, 0x8d, 0x70, 0x50, 0x0b, 0x79, 0x50, 0xaf, 0x70, 0x50,
  0x09, 0x7e, 0x50, 0xd5, 0x61, 0xce, 0x02, 0x50, 0x8e, 0x70, 0x50, 0x0b, 0x7b, 0x50, 0xba, 0x61,
  0xdc, 0x02, 0x50, 0x8f, 0x70, 0x50, 0x0b, 0x78, 0x50, 0xae, 0x70, 0x50, 0x09, 0x61, 0x6d, 0x01,
  0x50, 0xe4, 0x70, 0x50, 0xdf, 0x77, 0x50, 0xf1, 0x70, 0x50, 0xe5, 0x61, 0x67, 0x01, 0x50, 0x8e,
  0x70, 0x50, 0x0b, 0x75, 0x50, 0xad, 0x70, 0x50, 0x09, 0x62, 0x71, 0x50, 0x8d, 0x70, 0x50, 0x0b,
  0x75, 0x50, 0xae, 0x70, 0x50, 0x09, 0x7a, 0x50, 0xff, 0x61, 0xd6, 0x02, 0x50, 0x8c, 0x70, 0x50,
  0x0b, 0x75, 0x50, 0xaf, 0x50, 0x09, 0x74, 0x50, 0xbb, 0x75, 0x50, 0xf4, 0x61, 0xd7, 0x02, 0x50,
  0x8b, 0x70, 0x50, 0x0b, 0x62, 0x78, 0x50, 0x8a, 0x70, 0x50, 0x0b, 0x75, 0x50, 0xa0, 0x70, 0x50,
  0x0a, 0x73, 0x50, 0xbc, 0x75, 0x50, 0xf5, 0x61, 0xd8, 0x02, 0x50, 0x8b, 0x70, 0x50, 0x0b, 0x74,
  0x50, 0xa1, 0x70, 0x50, 0x0a, 0x62, 0x72, 0x50, 0x8c, 0x50, 0x0b, 0x75, 0x50, 0xa0, 0x70, 0x50,
  0x0a, 0x74, 0x50, 0xbd, 0x61, 0xdd, 0x02, 0x50, 0x8d, 0x50, 0x0b, 0x75, 0x50, 0xaf, 0x70, 0x50,
  0x09, 0x79, 0x50, 0xf6, 0x61, 0xd8, 0x02, 0x50, 0x8e, 0x70, 0x50, 0x0b, 0x77, 0x50, 0xbe, 0x62,
  0x70, 0x50, 0x8f, 0x70, 0x50, 0x0b, 0x74, 0x50, 0xae, 0x70, 0x50, 0x09, 0x62, 0x72, 0x50, 0x8e,
  0x70, 0x50, 0x0b, 0x75, 0x50, 0xad, 0x70, 0x50, 0x09, 0x73, 0x50, 0xbf, 0x75, 0x50, 0xf7, 0x61,
  0x63, 0x01, 0x50, 0x96, 0x61, 0x74, 0x01, 0x50, 0x8d, 0x70, 0x50, 0x0b, 0x79, 0x50, 0xae, 0x70,
  0x50, 0x09, 0x61, 0x6c, 0x01, 0x50, 0x92, 0x71, 0x50, 0x80, 0x70, 0x50, 0x0a, 0x78, 0x50, 0xb2,
  0x71, 0x50, 0xae, 0x70, 0x50, 0x0b, 0x75, 0x50, 0xff, 0x76, 0x50, 0xd1, 0x61, 0x60, 0x01, 0x50,
  0xd2, 0x62, 0x70, 0x50, 0x93, 0x75, 0x50, 0xb3, 0x61, 0xc2, 0x08, 0x50, 0xd3, 0x61, 0x66, 0x01,
  0x50, 0x94, 0x62, 0x7a, 0x50, 0x95, 0x61, 0x75, 0x01, 0x50, 0x96, 0x7c, 0x50, 0xd4, 0x61, 0xb6,
  0x08, 0x50, 0xb4, 0x7a, 0x50, 0xd5, 0x61, 0xd6, 0x02, 0x50, 0x97, 0x75, 0x50, 0x98, 0x74, 0x50,
  0xb5, 0x62, 0x71, 0x50, 0x92, 0x71, 0x50, 0x86, 0x70, 0x50, 0x08, 0x7a, 0x50, 0xb2, 0x72, 0x50,
  0xa0, 0x70, 0x50, 0x0a, 0x77, 0x50, 0xdf, 0x77, 0x50, 0xd0, 0x61, 0xc6, 0x02, 0x50, 0x93, 0x76,
  0x50, 0xb3, 0x76, 0x50, 0xdf, 0x62, 0x79, 0x50, 0xd2, 0x61, 0xd6, 0x05, 0x50, 0xd3, 0x61, 0xd2,
  0x05, 0x50, 0xd4, 0x61, 0xa9, 0x08, 0x50, 0x94, 0x76, 0x50, 0xb4, 0x7b, 0x50, 0xd5, 0x62, 0x62,
  0x50, 0x95, 0x7a, 0x50, 0xb5, 0x62, 0x71, 0x50, 0x92, 0x71, 0x50, 0x87, 0x70, 0x50, 0x07, 0x7b,
  0x50, 0xb2, 0x71, 0x50, 0xae, 0x70, 0x50, 0x08, 0x77, 0x50, 0xdf, 0x78, 0x50, 0xd1, 0x78, 0x50,
  0xd2, 0x61, 0xbc, 0x02, 0x50, 0x93, 0x76, 0x50, 0xb3, 0x7a, 0x50, 0xd3, 0x61, 0xd2, 0x05, 0x50,
  0xd4, 0x61, 0x3a, 0x07, 0x50, 0xd1, 0x61, 0x7d, 0x01, 0x50, 0xd2, 0x62, 0x78, 0x50, 0xd3, 0x61,
  0xc5, 0x05, 0x50, 0x94, 0x76, 0x50, 0xb4, 0x75, 0x50, 0xd4, 0x61, 0x50, 0x04, 0x50, 0x95, 0x75,
  0x50, 0xb5, 0x62, 0x76, 0x50, 0x92, 0x71, 0x50, 0x86, 0x70, 0x50, 0x08, 0x78, 0x50, 0xb2, 0x71,
  0x50, 0xa0, 0x70, 0x50, 0x0a, 0x74, 0x50, 0xe4, 0x70, 0x50, 0xdf, 0x77, 0x50, 0xf1, 0x70, 0x50,
  0xe5, 0x61, 0x3e, 0x04, 0x50, 0x93, 0x75, 0x50, 0xb3, 0x76, 0x50, 0xff, 0x62, 0x78, 0x50, 0xf4,
  0x61, 0xd2, 0x05, 0x50, 0xf5, 0x61, 0xbc, 0x08, 0x50, 0xf6, 0x61, 0xc6, 0x05, 0x50, 0x94, 0x75,
  0x50, 0xb4, 0x62, 0x7f, 0x50, 0xf7, 0x61, 0x67, 0x01, 0x50, 0x95, 0x75, 0x50, 0xb5, 0x62, 0x76,
  0x50, 0x92, 0x71, 0x50, 0x87, 0x70, 0x50, 0x07, 0x78, 0x50, 0xb2, 0x71, 0x50, 0xae, 0x70, 0x50,
  0x08, 0x75, 0x50, 0xff, 0x77, 0x50, 0xd1, 0x61, 0x60, 0x01, 0x50, 0xd2, 0x62, 0x50, 0x93, 0x76,
  0x50, 0xb3, 0x61, 0xde, 0x05, 0x50, 0xd3, 0x61, 0xd2, 0x05, 0x50, 0xd4, 0x61, 0xbc, 0x08, 0x50,
  0xd5, 0x61, 0xd7, 0x02, 0x50, 0x94, 0x76, 0x50, 0xb4, 0x62, 0x70, 0x50, 0x95, 0x7a, 0x50, 0xb5,
  0x62, 0x71, 0x50, 0x92, 0x71, 0x50, 0x8e, 0x70, 0x50, 0x08, 0x7c, 0x50, 0xb2, 0x71, 0x50, 0xa9,
  0x70, 0x50, 0x0a, 0x78, 0x50, 0xdf, 0x77, 0x50, 0xd0, 0x71, 0x50, 0xca, 0x70, 0x50, 0x23, 0x61,
  0xc1, 0x02, 0x50, 0x93, 0x76, 0x50, 0xb3, 0x77, 0x50, 0xdf, 0x62, 0x78, 0x50, 0xd2, 0x61, 0xd6,
  0x05, 0x50, 0xd3, 0x61, 0xd3, 0x05, 0x50, 0xd4, 0x61, 0xa9, 0x08, 0x50, 0x94, 0x76, 0x50, 0xb4,
  0x7a, 0x50, 0xd5, 0x61, 0xb9, 0x08, 0x50, 0xd0, 0x61, 0xda, 0x02, 0x50, 0x8f, 0x70, 0x50, 0x08,
  0x7b, 0x50, 0xaa, 0x70, 0x50, 0x0a, 0x7a, 0x50, 0xdf, 0x61, 0xce, 0x02, 0x50, 0x8e, 0x70, 0x50,
  0x08, 0x79, 0x50, 0xa9, 0x50, 0x0a, 0x7a, 0x50, 0xd2, 0x61, 0xd2, 0x02, 0x50, 0x8d, 0x70, 0x50,
  0x08, 0x79, 0x50, 0xa8, 0x50, 0x0a, 0x62, 0x76, 0x50, 0xa7, 0x70, 0x50, 0x0a, 0x7a, 0x50, 0xd3,
  0x61, 0xd6, 0x02, 0x50, 0x8c, 0x50, 0x08, 0x74, 0x50, 0x95, 0x77, 0x50, 0xb5, 0x61, 0xdc, 0x02,
  0x50, 0x8b, 0x70, 0x50, 0x08, 0x78, 0x50, 0xa6, 0x70, 0x50, 0x0a, 0x7a, 0x50, 0xd4, 0x61, 0xd3,
  0x02, 0x50, 0x8c, 0x70, 0x50, 0x08, 0x79, 0x50, 0xa7, 0x70, 0x50, 0x0a, 0x61, 0xdd, 0x02, 0x50,
  0x8d, 0x70, 0x50, 0x08, 0x61, 0xf0, 0x02, 0x50, 0xa8, 0x70, 0x50, 0x0a, 0x7a, 0x50, 0xd5, 0x61,
  0xd5, 0x02, 0x50, 0x8e, 0x70, 0x50, 0x08, 0x79, 0x50, 0xa9, 0x50, 0x0a, 0x61, 0xde, 0x02, 0x50,
  0x8f, 0x70, 0x50, 0x08, 0x79, 0x50, 0xaa, 0x70, 0x50, 0x0a, 0x61, 0x6d, 0x01, 0x50, 0xe4, 0x70,
  0x50, 0xdf, 0x76, 0x50, 0xf1, 0x70, 0x50, 0xe5, 0x61, 0x68, 0x01, 0x50, 0x8e, 0x70, 0x50, 0x08,
  0x75, 0x50, 0xa9, 0x70, 0x50, 0x0a, 0x62, 0x71, 0x50, 0x8d, 0x50, 0x08, 0x75, 0x50, 0xa8, 0x70,
  0x50, 0x0a, 0x76, 0x50, 0xff, 0x62, 0x50, 0xa7, 0x70, 0x50, 0x0a, 0x75, 0x50, 0xf4, 0x61, 0xde,
  0x02, 0x50, 0x8c, 0x70, 0x50, 0x08, 0x62, 0x78, 0x50, 0x8b, 0x70, 0x50, 0x08, 0x74, 0x50, 0xa6,
  0x70, 0x50, 0x0a, 0x76, 0x50, 0xf5, 0x61, 0xdc, 0x02, 0x50, 0x8c, 0x50, 0x08, 0x76, 0x50, 0xa7,
  0x50, 0x0a, 0x62, 0x71, 0x50, 0x8d, 0x70, 0x50, 0x08, 0x62, 0x7c, 0x50, 0xa8, 0x70, 0x50, 0x0a,
  0x75, 0x50, 0xf6, 0x61, 0xde, 0x02, 0x50, 0x8e, 0x70, 0x50, 0x08, 0x75, 0x50, 0xa9, 0x70, 0x50,
  0x0a, 0x62, 0x72, 0x50, 0x8f, 0x50, 0x08, 0x75, 0x50, 0xaa, 0x70, 0x50, 0x0a, 0x62, 0x73, 0x50,
  0x8e, 0x50, 0x08, 0x76, 0x50, 0xa9, 0x70, 0x50, 0x0a, 0x79, 0x50, 0xf7, 0x61, 0xd6, 0x02, 0x50,
  0x8d, 0x70, 0x50, 0x08, 0x75, 0x50, 0xa8, 0x70, 0x50, 0x0a, 0x75, 0x50, 0xff, 0x77, 0x50, 0xd1,
  0x78, 0x50, 0xd2, 0x61, 0xcf, 0x02, 0x50, 0xa7, 0x70, 0x50, 0x0a, 0x62, 0x74, 0x50, 0x8c, 0x50,
  0x08, 0x62, 0x79, 0x50, 0x8b, 0x50, 0x08, 0x76, 0x50, 0xa6, 0x50, 0x0a, 0x62, 0x72, 0x50, 0x8c,
  0x70, 0x50, 0x08, 0x76, 0x50, 0xa7, 0x70, 0x50, 0x0a, 0x7a, 0x50, 0xd3, 0x61, 0xd5, 0x02, 0x50,
  0x8d, 0x70, 0x50, 0x08, 0x62, 0x7c, 0x50, 0xa8, 0x70, 0x50, 0x0a, 0x7b, 0x50, 0xd4, 0x61, 0xd8,
  0x02, 0x50, 0x8e, 0x70, 0x50, 0x08, 0x75, 0x50, 0xa9, 0x70, 0x50, 0x0a, 0x62, 0x71, 0x50, 0x8f,
  0x70, 0x50, 0x08, 0x75, 0x50, 0xaa, 0x70, 0x50, 0x0a, 0x62, 0x72, 0x50, 0x8e, 0x70, 0x50, 0x08,
  0x75, 0x50, 0xa9, 0x70, 0x50, 0x0a, 0x7b, 0x50, 0xd5, 0x61, 0xd4, 0x02, 0x50, 0x8d, 0x70, 0x50,
  0x08, 0x75, 0x50, 0xa8, 0x70, 0x50, 0x0a, 0x62, 0x76, 0x50, 0xa7, 0x70, 0x50, 0x0a, 0x62, 0x74,
  0x50, 0x8c, 0x70, 0x50, 0x08, 0x78, 0x50, 0xdf, 0x78, 0x50, 0xd0, 0x61, 0xd6, 0x02, 0x50, 0x8b,
  0x70, 0x50, 0x08, 0x75, 0x50, 0xa6, 0x70, 0x50, 0x0a, 0x77, 0x50, 0xdf, 0x61, 0xd9, 0x02, 0x50,
  0x8c, 0x70, 0x50, 0x08, 0x76, 0x50, 0xa7, 0x70, 0x50, 0x0a, 0x76, 0x50, 0xd2, 0x61, 0xd9, 0x02,
  0x50, 0x8d, 0x70, 0x50, 0x08, 0x62, 0x7d, 0x50, 0xa8, 0x50, 0x0a, 0x7b, 0x50, 0xd3, 0x61, 0xd8,
  0x02, 0x50, 0x8e, 0x70, 0x50, 0x08, 0x75, 0x50, 0xa9, 0x70, 0x50, 0x0a, 0x62, 0x71, 0x50, 0x8f,
  0x70, 0x50, 0x08, 0x75, 0x50, 0xaa, 0x70, 0x50, 0x0a, 0x7b, 0x50, 0xd4, 0x61, 0xd6, 0x02, 0x50,
  0x8e, 0x70, 0x50, 0x08, 0x75, 0x50, 0xa9, 0x70, 0x50, 0x0a, 0x62, 0x71, 0x50, 0x8d, 0x50, 0x08,
  0x75, 0x50, 0xa8, 0x70, 0x50, 0x0a, 0x62, 0x75, 0x50, 0xa7, 0x70, 0x50, 0x0a, 0x76, 0x50, 0xd5,
  0x61, 0xdd, 0x02, 0x50, 0x8c, 0x70, 0x50, 0x08, 0x62, 0x78, 0x50, 0x8b, 0x70, 0x50, 0x08, 0x75,
  0x50, 0xa6, 0x70, 0x50, 0x0a, 0x61, 0x71, 0x01, 0x50, 0xdf, 0x77, 0x50, 0xd1, 0x61, 0x69, 0x01,
  0x50, 0x8c, 0x70, 0x50, 0x08, 0x75, 0x50, 0xa7, 0x70, 0x50, 0x0a, 0x77, 0x50, 0xd2, 0x61, 0xd9,
  0x02, 0x50, 0x8d, 0x50, 0x08, 0x7a, 0x50, 0xd3, 0x62, 0x72, 0x50, 0xa8, 0x70, 0x50, 0x0a, 0x62,
  0x74, 0x50, 0x8e, 0x70, 0x50, 0x08, 0x74, 0x50, 0xa9, 0x70, 0x50, 0x0a, 0x76, 0x50, 0xd4, 0x61,
  0xdb, 0x02, 0x50, 0x8f, 0x70, 0x50, 0x08, 0x74, 0x50, 0xaa, 0x70, 0x50, 0x0a, 0x62, 0x73, 0x50,
  0x8e, 0x50, 0x08, 0x76, 0x50, 0xa9, 0x50, 0x0a, 0x61, 0x74, 0x01, 0x50, 0xd1, 0x61, 0x6d, 0x01,
  0x50, 0x8d, 0x70, 0x50, 0x08, 0x75, 0x50, 0xa8, 0x50, 0x0a, 0x77, 0x50, 0xd2, 0x61, 0xde, 0x02,
  0x50, 0xa7, 0x70, 0x50, 0x0a, 0x76, 0x50, 0xd3, 0x61, 0xdd, 0x02, 0x50, 0x8c, 0x70, 0x50, 0x08,
  0x62, 0x79, 0x50, 0x8b, 0x50, 0x08, 0x75, 0x50, 0xa6, 0x70, 0x50, 0x0a, 0x76, 0x50, 0xd4, 0x61,
  0xdb, 0x02, 0x50, 0x8c, 0x70, 0x50, 0x08, 0x75, 0x50, 0xa7, 0x70, 0x50, 0x0a, 0x61, 0x6e, 0x01,
  0x50, 0xb6, 0x61, 0x73, 0x01, 0x50, 0x8d, 0x70, 0x50, 0x08, 0x61, 0x79, 0x01, 0x50, 0xb2, 0x71,
  0x50, 0xa9, 0x70, 0x50, 0x0a, 0x74, 0x50, 0xe4, 0x70, 0x50, 0xdf, 0x77, 0x50, 0xf1, 0x70, 0x50,
  0xe5, 0x61, 0x46, 0x04, 0x50, 0x8e, 0x70, 0x50, 0x08, 0x76, 0x50, 0xb3, 0x76, 0x50, 0xff, 0x61,
  0xda, 0x02, 0x50, 0x8f, 0x70, 0x50, 0x08, 0x7c, 0x50, 0xf4, 0x61, 0xdc, 0x02, 0x50, 0x8e, 0x70,
  0x50, 0x08, 0x62, 0x77, 0x50, 0x8d, 0x70, 0x50, 0x08, 0x7c, 0x50, 0xf5, 0x61, 0x69, 0x01, 0x50,
  0xb4, 0x62, 0x7c, 0x50, 0xb2, 0x71, 0x50, 0xaf, 0x70, 0x50, 0x07, 0x61, 0x6d, 0x01, 0x50, 0x8c,
  0x70, 0x50, 0x08, 0x62, 0x78, 0x50, 0x8b, 0x70, 0x50, 0x08, 0x77, 0x50, 0xb3, 0x78, 0x50, 0xf6,
  0x61, 0xd8, 0x02, 0x50, 0x8c, 0x70, 0x50, 0x08, 0x62, 0x77, 0x50, 0x8d, 0x70, 0x50, 0x08, 0x62,
  0x7d, 0x50, 0xb4, 0x7e, 0x50, 0xf7, 0x61, 0xd6, 0x02, 0x50, 0x8e, 0x50, 0x08, 0x7a, 0x50, 0xb2,
  0x71, 0x50, 0xaa, 0x70, 0x50, 0x06, 0x78, 0x50, 0xff, 0x76, 0x50, 0xd1, 0x79, 0x50, 0xd2, 0x61,
  0xc1, 0x02, 0x50, 0x8f, 0x70, 0x50, 0x08, 0x76, 0x50, 0xb3, 0x62, 0x71, 0x50, 0x8e, 0x70, 0x50,
  0x08, 0x62, 0x78, 0x50, 0x8d, 0x70, 0x50, 0x08, 0x61, 0xf9, 0x02, 0x50, 0xd3, 0x61, 0xd8, 0x02,
  0x50, 0x8c, 0x70, 0x50, 0x08, 0x62, 0x78, 0x50, 0x8b, 0x70, 0x50, 0x08, 0x7f, 0x72, 0x50, 0xd4,
  0x61, 0xd6, 0x02, 0x50, 0x8c, 0x70, 0x50, 0x08, 0x62, 0x78, 0x50, 0x8d, 0x50, 0x08, 0x62, 0x7f,
  0x50, 0xb4, 0x7a, 0x50, 0xd5, 0x61, 0xd8, 0x02, 0x50, 0x8e, 0x70, 0x50, 0x08, 0x62, 0x78, 0x50,
  0x96, 0x73, 0x50, 0x8f, 0x70, 0x50, 0x08, 0x62, 0x75, 0x50, 0x97, 0x73, 0x50, 0x8e, 0x70, 0x50,
  0x08, 0x7f, 0x70, 0x50, 0xdf, 0x77, 0x50, 0xd0, 0x71, 0x50, 0xca, 0x70, 0x50, 0x21, 0x61, 0xc7,
  0x02, 0x50, 0x8d, 0x70, 0x50, 0x08, 0x73, 0x50, 0x98, 0x7f, 0x72, 0x50, 0xdf, 0x62, 0x74, 0x50,
  0xd2, 0x61, 0xd6, 0x02, 0x50, 0x8c, 0x70, 0x50, 0x08, 0x74, 0x50, 0x99, 0x62, 0x73, 0x50, 0x8b,
  0x70, 0x50, 0x08, 0x79, 0x50, 0xa9, 0x70, 0x50, 0x06, 0x7e, 0x50, 0xd3, 0x61, 0xcf, 0x02, 0x50,
  0x8c, 0x50, 0x08, 0x74, 0x50, 0x9a, 0x77, 0x50, 0xb5, 0x61, 0xdb, 0x02, 0x50, 0x8d, 0x70, 0x50,
  0x08, 0x78, 0x50, 0xa8, 0x70, 0x50, 0x06, 0x7a, 0x50, 0xd4, 0x61, 0xdc, 0x02, 0x50, 0xa9, 0x50,
  0x06, 0x62, 0x70, 0x50, 0x8e, 0x70, 0x50, 0x08, 0x62, 0x79, 0x50, 0x8f, 0x50, 0x08, 0x74, 0x50,
  0x9b, 0x74, 0x50, 0xaa, 0x70, 0x50, 0x06, 0x79, 0x50, 0xd5, 0x61, 0xd4, 0x02, 0x50, 0x8e, 0x70,
  0x50, 0x08, 0x62, 0x78, 0x50, 0x8d, 0x70, 0x50, 0x08, 0x73, 0x50, 0x9c, 0x61, 0x77, 0x01, 0x50,
  0xd0, 0x61, 0x56, 0x04, 0x50, 0x8c, 0x70, 0x50, 0x08, 0x73, 0x50, 0x9d, 0x7b, 0x50, 0xdf, 0x61,
  0xd8, 0x02, 0x50, 0x8b, 0x70, 0x50, 0x08, 0x78, 0x50, 0xa9, 0x70, 0x50, 0x06, 0x76, 0x50, 0xd2,
  0x61, 0xd8, 0x02, 0x50, 0x8c, 0x70, 0x50, 0x08, 0x73, 0x50, 0x9e, 0x62, 0x73, 0x50, 0x8d, 0x70,
  0x50, 0x08, 0x79, 0x50, 0xa8, 0x50, 0x06, 0x76, 0x50, 0xd3, 0x61, 0xda, 0x02, 0x50, 0x9f, 0x75,
  0x50, 0xa9, 0x70, 0x50, 0x06, 0x62, 0x70, 0x50, 0x8e, 0x50, 0x08, 0x7e, 0x50, 0xd4, 0x61, 0xda,
  0x02, 0x50, 0x8f, 0x70, 0x50, 0x08, 0x78, 0x50, 0xaa, 0x70, 0x50, 0x06, 0x61, 0xde, 0x02, 0x50,
  0x8e, 0x70, 0x50, 0x08, 0x62, 0x78, 0x50, 0x8d, 0x70, 0x50, 0x08, 0x7b, 0x50, 0xd5, 0x61, 0xc5,
  0x05, 0x50, 0x8c, 0x70, 0x50, 0x08, 0x61, 0x77, 0x01, 0x50, 0x92, 0x71, 0x50, 0x80, 0x70, 0x50,
  0x0a, 0x77, 0x50, 0xe4, 0x70, 0x50, 0xdf, 0x76, 0x50, 0xf1, 0x70, 0x50, 0xe5, 0x61, 0x62, 0x01,
  0x50, 0xa9, 0x70, 0x50, 0x06, 0x62, 0x75, 0x50, 0x93, 0x7b, 0x50, 0xff, 0x62, 0x73, 0x50, 0xa8,
  0x70, 0x50, 0x06, 0x76, 0x50, 0xf4, 0x62, 0x72, 0x50, 0xa9, 0x50, 0x06, 0x7a, 0x50, 0xf5, 0x61,
  0xc6, 0x05, 0x50, 0xaa, 0x70, 0x50, 0x06, 0x61, 0xf1, 0x02, 0x50, 0xf6, 0x61, 0xad, 0x08, 0x50,
  0x94, 0x7e, 0x50, 0xf7, 0x61, 0xd9, 0x02, 0x50, 0x95, 0x7a, 0x50, 0xa9, 0x70, 0x50, 0x06, 0x62,
  0x70, 0x50, 0x92, 0x71, 0x50, 0x8e, 0x70, 0x50, 0x08, 0x7d, 0x50, 0xff, 0x76, 0x50, 0xd1, 0x78,
  0x50, 0xd2, 0x61, 0xc7, 0x02, 0x50, 0x93, 0x74, 0x50, 0xa8, 0x70, 0x50, 0x06, 0x62, 0x79, 0x50,
  0xa9, 0x70, 0x50, 0x06, 0x61, 0xd0, 0x05, 0x50, 0xaa, 0x70, 0x50, 0x06, 0x7b, 0x50, 0xd3, 0x61,
  0xd0, 0x05, 0x50, 0xd4, 0x61, 0xac, 0x08, 0x50, 0x94, 0x74, 0x50, 0xa9, 0x70, 0x50, 0x06, 0x7b,
  0x50, 0xd5, 0x62, 0x62, 0x50, 0x95, 0x7a, 0x50, 0xb6, 0x74, 0x50, 0xa8, 0x70, 0x50, 0x06, 0x61,
  0x66, 0x01, 0x50, 0x92, 0x72, 0x50, 0x86, 0x70, 0x50, 0x08, 0x79, 0x50, 0xb2, 0x71, 0x50, 0xa0,
  0x70, 0x50, 0x0a, 0x74, 0x50, 0xdf, 0x77, 0x50, 0xd0, 0x61, 0x3e, 0x04, 0x50, 0x93, 0x76, 0x50,
  0xb3, 0x76, 0x50, 0xdf, 0x62, 0x79, 0x50, 0xd2, 0x61, 0xd2, 0x05, 0x50, 0xd3, 0x61, 0xd2, 0x05,
  0x50, 0xd4, 0x61, 0xae, 0x08, 0x50, 0x94, 0x76, 0x50, 0xb4, 0x75, 0x50, 0xd5, 0x61, 0x50, 0x04,
  0x50, 0x95, 0x75, 0x50, 0xb5, 0x62, 0x76, 0x50, 0x92, 0x71, 0x50, 0x87, 0x70, 0x50, 0x07, 0x78,
  0x50, 0xb2, 0x71, 0x50, 0xae, 0x70, 0x50, 0x08, 0x74, 0x50, 0xdf, 0x77, 0x50, 0xd1, 0x61, 0x60,
  0x01, 0x50, 0xd2, 0x62, 0x70, 0x50, 0x93, 0x76, 0x50, 0xb3, 0x75, 0x50, 0xd3, 0x61, 0xd2, 0x05,
  0x50, 0xd4, 0x61, 0x40, 0x07, 0x50, 0xd1, 0x61, 0x7c, 0x01, 0x50, 0xd2, 0x62, 0x78, 0x50, 0xd3,
  0x61, 0xc6, 0x05, 0x50, 0x94, 0x76, 0x50, 0xb4, 0x7a, 0x50, 0xd4, 0x61, 0xd6, 0x02, 0x50, 0x95,
  0x7a, 0x50, 0xb5, 0x62, 0x71, 0x50, 0x92, 0x71, 0x50, 0x86, 0x70, 0x50, 0x08, 0x7a, 0x50, 0xb2,
  0x72, 0x50, 0xa0, 0x70, 0x50, 0x0a, 0x77, 0x50, 0xe4, 0x70, 0x50, 0xdf, 0x77, 0x50, 0xf1, 0x70,
  0x50, 0xe5, 0x61, 0xc4, 0x02, 0x50, 0x93, 0x76, 0x50, 0xb3, 0x76, 0x50, 0xff, 0x62, 0x78, 0x50,
  0xf4, 0x61, 0xd6, 0x05, 0x50, 0xf5, 0x61, 0xbb, 0x08, 0x50, 0xf6, 0x61, 0xc1, 0x05, 0x50, 0x94,
  0x77, 0x50, 0xb4, 0x61, 0xf3, 0x02, 0x50, 0xf7, 0x61, 0xd6, 0x02, 0x50, 0x95, 0x7a, 0x50, 0xb5,
  0x62, 0x71, 0x50, 0x92, 0x71, 0x50, 0x87, 0x70, 0x50, 0x07, 0x7b, 0x50, 0xb2, 0x71, 0x50, 0xae,
  0x70, 0x50, 0x08, 0x78, 0x50, 0xff, 0x77, 0x50, 0xd1, 0x78, 0x50, 0xd2, 0x61, 0xbc, 0x02, 0x50,
  0x93, 0x76, 0x50, 0xb3, 0x61, 0xc6, 0x08, 0x50, 0xd3, 0x61, 0xd3, 0x05, 0x50, 0xd4, 0x61, 0xa8,
  0x08, 0x50, 0x94, 0x76, 0x50, 0xb4, 0x75, 0x50, 0xd5, 0x61, 0x50, 0x04, 0x50, 0x95, 0x75, 0x50,
  0xb5, 0x62, 0x76, 0x50, 0x92, 0x71, 0x50, 0x8e, 0x70, 0x50, 0x08, 0x78, 0x50, 0xb2, 0x71, 0x50,
  0xa9, 0x70, 0x50, 0x0a, 0x74, 0x50, 0xdf, 0x77, 0x50, 0xd0, 0x72, 0x50, 0xca, 0x50, 0x23, 0x61,
  0x3d, 0x04, 0x50, 0x93, 0x75, 0x50, 0xb3, 0x77, 0x50, 0xdf, 0x62, 0x78, 0x50, 0xd2, 0x61, 0xd2,
  0x05, 0x50, 0xd3, 0x61, 0xd2, 0x05, 0x50, 0xd4, 0x61, 0xaf, 0x08, 0x50, 0x94, 0x75, 0x50, 0xb4,
  0x76, 0x50, 0xd5, 0x61, 0x3f, 0x07, 0x50, 0xd0, 0x61, 0x59, 0x04, 0x50, 0x8f, 0x70, 0x50, 0x08,
  0x7b, 0x50, 0xaa, 0x70, 0x50, 0x0a, 0x7b, 0x50, 0xdf, 0x61, 0xcd, 0x02, 0x50, 0x8e, 0x70, 0x50,
  0x08, 0x79, 0x50, 0xa9, 0x70, 0x50, 0x0a, 0x7a, 0x50, 0xd2, 0x61, 0xd2, 0x02, 0x50, 0x8d, 0x70,
  0x50, 0x08, 0x78, 0x50, 0xa8, 0x70, 0x50, 0x0a, 0x62, 0x76, 0x50, 0xa7, 0x70, 0x50, 0x0a, 0x79,
  0x50, 0xd3, 0x61, 0xd7, 0x02, 0x50, 0x8c, 0x50, 0x08, 0x74, 0x50, 0x95, 0x77, 0x50, 0xb5, 0x61,
  0xdc, 0x02, 0x50, 0x8b, 0x70, 0x50, 0x08, 0x79, 0x50, 0xa6, 0x50, 0x0a, 0x7f, 0x50, 0xd4, 0x61,
  0xce, 0x02, 0x50, 0x8c, 0x70, 0x50, 0x08, 0x7a, 0x50, 0xa7, 0x70, 0x50, 0x0a, 0x61, 0xdc, 0x02,
  0x50, 0x8d, 0x70, 0x50, 0x08, 0x61, 0xf0, 0x02, 0x50, 0xa8, 0x70, 0x50, 0x0a, 0x7f, 0x50, 0xd5,
  0x61, 0xd0, 0x02, 0x50, 0x8e, 0x70, 0x50, 0x08, 0x79, 0x50, 0xa9, 0x70, 0x50, 0x0a, 0x61, 0xdd,
  0x02, 0x50, 0x8f, 0x70, 0x50, 0x08, 0x79, 0x50, 0xaa, 0x70, 0x50, 0x0a, 0x79, 0x50, 0xe4, 0x70,
  0x50, 0xdf, 0x76, 0x50, 0xf1, 0x71, 0x50, 0xe5, 0x61, 0xca, 0x02, 0x50, 0x8e, 0x70, 0x50, 0x08,
  0x75, 0x50, 0xa9, 0x70, 0x50, 0x0a, 0x77, 0x50, 0xff, 0x61, 0xd9, 0x02, 0x50, 0x8d, 0x50, 0x08,
  0x76, 0x50, 0xa8, 0x50, 0x0a, 0x76, 0x50, 0xf4, 0x62, 0x50, 0xa7, 0x70, 0x50, 0x0a, 0x62, 0x74,
  0x50, 0x8c, 0x70, 0x50, 0x08, 0x7d, 0x50, 0xf5, 0x61, 0xda, 0x02, 0x50, 0x8b, 0x70, 0x50, 0x08,
  0x75, 0x50, 0xa6, 0x70, 0x50, 0x0a, 0x62, 0x72, 0x50, 0x8c, 0x50, 0x08, 0x76, 0x50, 0xa7, 0x70,
  0x50, 0x0a, 0x62, 0x70, 0x50, 0x8d, 0x70, 0x50, 0x08, 0x7e, 0x50, 0xf6, 0x61, 0xde, 0x02, 0x50,
  0xa8, 0x70, 0x50, 0x0a, 0x62, 0x73, 0x50, 0x8e, 0x70, 0x50, 0x08, 0x75, 0x50, 0xa9, 0x70, 0x50,
  0x0a, 0x62, 0x71, 0x50, 0x8f, 0x70, 0x50, 0x08, 0x75, 0x50, 0xaa, 0x70, 0x50, 0x0a, 0x7a, 0x50,
  0xf7, 0x61, 0xd7, 0x02, 0x50, 0x8e, 0x70, 0x50, 0x08, 0x76, 0x50, 0xa9, 0x50, 0x0a, 0x62, 0x71,
  0x50, 0x8d, 0x70, 0x50, 0x08, 0x75, 0x50, 0xa8, 0x50, 0x0a, 0x76, 0x50, 0xff, 0x76, 0x50, 0xd1,
  0x78, 0x50, 0xd2, 0x61, 0xcf, 0x02, 0x50, 0xa7, 0x70, 0x50, 0x0a, 0x62, 0x74, 0x50, 0x8c, 0x70,
  0x50, 0x08, 0x62, 0x78, 0x50, 0x8b, 0x70, 0x50, 0x08, 0x75, 0x50, 0xa6, 0x70, 0x50, 0x0a, 0x62,
  0x71, 0x50, 0x8c, 0x70, 0x50, 0x08, 0x75, 0x50, 0xa7, 0x70, 0x50, 0x0a, 0x76, 0x50, 0xd3, 0x61,
  0xda, 0x02, 0x50, 0x8d, 0x70, 0x50, 0x08, 0x62, 0x7c, 0x50, 0xa8, 0x70, 0x50, 0x0a, 0x76, 0x50,
  0xd4, 0x61, 0xdd, 0x02, 0x50, 0x8e, 0x70, 0x50, 0x08, 0x75, 0x50, 0xa9, 0x50, 0x0a, 0x62, 0x72,
  0x50, 0x8f, 0x70, 0x50, 0x08, 0x75, 0x50, 0xaa, 0x50, 0x0a, 0x62, 0x73, 0x50, 0x8e, 0x70, 0x50,
  0x08, 0x75, 0x50, 0xa9, 0x70, 0x50, 0x0a, 0x76, 0x50, 0xd5, 0x61, 0xd9, 0x02, 0x50, 0x8d, 0x70,
  0x50, 0x08, 0x75, 0x50, 0xa8, 0x70, 0x50, 0x0a, 0x61, 0x6d, 0x01, 0x50, 0x96, 0x75, 0x50, 0xb6,
  0x61, 0x76, 0x01, 0x50, 0xa7, 0x70, 0x50, 0x0a, 0x61, 0x71, 0x01, 0x50, 0x92, 0x71, 0x50, 0x8a,
  0x70, 0x50, 0x06, 0x77, 0x50, 0xb2, 0x72, 0x50, 0xae, 0x50, 0x08, 0x75, 0x50, 0xdf, 0x77, 0x50,
  0xd0, 0x61, 0x3e, 0x04, 0x50, 0x93, 0x76, 0x50, 0xb3, 0x76, 0x50, 0xdf, 0x62, 0x79, 0x50, 0xd2,
  0x61, 0xd2, 0x05, 0x50, 0xd3, 0x61, 0xd2, 0x05, 0x50, 0xd4, 0x61, 0xaf, 0x08, 0x50, 0x94, 0x75,
  0x50, 0xb4, 0x76, 0x50, 0xd5, 0x61, 0x3b, 0x07, 0x50, 0xdf, 0x77, 0x50, 0xd1, 0x61, 0x7d, 0x01,
  0x50, 0xd2, 0x62, 0x73, 0x50, 0xaf, 0x70, 0x50, 0x08, 0x62, 0x74, 0x50, 0xae, 0x70, 0x50, 0x08,
  0x7e, 0x50, 0xd3, 0x61, 0xd8, 0x02, 0x50, 0xad, 0x70, 0x50, 0x08, 0x62, 0x70, 0x50, 0x89, 0x70,
  0x50, 0x06, 0x62, 0x7b, 0x50, 0x95, 0x74, 0x50, 0xac, 0x70, 0x50, 0x08, 0x74, 0x50, 0xb5, 0x77,
  0x50, 0xd1, 0x78, 0x50, 0xd2, 0x61, 0xca, 0x02, 0x50, 0x88, 0x70, 0x50, 0x06, 0x79, 0x50, 0xab,
  0x70, 0x50, 0x08, 0x7e, 0x50, 0xd3, 0x61, 0xcf, 0x02, 0x50, 0x89, 0x70, 0x50, 0x06, 0x79, 0x50,
  0xac, 0x70, 0x50, 0x08, 0x62, 0x75, 0x50, 0xad, 0x50, 0x08, 0x7f, 0x50, 0xd4, 0x61, 0xd0, 0x02,
  0x50, 0x8a, 0x70, 0x50, 0x06, 0x61, 0xf1, 0x02, 0x50, 0xae, 0x70, 0x50, 0x08, 0x62, 0x78, 0x50,
  0xaf, 0x70, 0x50, 0x08, 0x79, 0x50, 0xe4, 0x70, 0x50, 0xdf, 0x76, 0x50, 0xf1, 0x70, 0x50, 0xe5,
  0x61, 0xd2, 0x02, 0x50, 0xae, 0x70, 0x50, 0x08, 0x77, 0x50, 0xff, 0x62, 0x50, 0xad, 0x70, 0x50,
  0x08, 0x76, 0x50, 0xf4, 0x61, 0xdd, 0x02, 0x50, 0x89, 0x70, 0x50, 0x06, 0x62, 0x7d, 0x50, 0xac,
  0x50, 0x08, 0x7a, 0x50, 0xf5, 0x61, 0xd9, 0x02, 0x50, 0x88, 0x70, 0x50, 0x06, 0x75, 0x50, 0xab,
  0x70, 0x50, 0x08, 0x62, 0x72, 0x50, 0x89, 0x70, 0x50, 0x06, 0x75, 0x50, 0xac, 0x70, 0x50, 0x08,
  0x62, 0x75, 0x50, 0xad, 0x70, 0x50, 0x08, 0x79, 0x50, 0xf6, 0x61, 0xda, 0x02, 0x50, 0x8a, 0x50,
  0x06, 0x62, 0x7d, 0x50, 0xae, 0x70, 0x50, 0x08, 0x62, 0x78, 0x50, 0xaf, 0x70, 0x50, 0x08, 0x79,
  0x50, 0xf7, 0x62, 0x50, 0xae, 0x50, 0x08, 0x61, 0x74, 0x01, 0x50, 0xff, 0x76, 0x50, 0xd1, 0x61,
  0x6d, 0x01, 0x50, 0xad, 0x50, 0x08, 0x77, 0x50, 0xd2, 0x61, 0xdd, 0x02, 0x50, 0x89, 0x50, 0x06,
  0x62, 0x7d, 0x50, 0xac, 0x70, 0x50, 0x08, 0x62, 0x74, 0x50, 0x88, 0x70, 0x50, 0x06, 0x74, 0x50,
  0xab, 0x70, 0x50, 0x08, 0x62, 0x73, 0x50, 0x89, 0x50, 0x06, 0x76, 0x50, 0xac, 0x50, 0x08, 0x76,
  0x50, 0xd3, 0x61, 0xde, 0x02, 0x50, 0xad, 0x70, 0x50, 0x08, 0x62, 0x74, 0x50, 0x8a, 0x70, 0x50,
  0x06, 0x7a, 0x50, 0xd4, 0x62, 0x71, 0x50, 0xae, 0x70, 0x50, 0x08, 0x62, 0x79, 0x50, 0xaf, 0x50,
  0x08, 0x62, 0x7a, 0x50, 0xae, 0x70, 0x50, 0x08, 0x75, 0x50, 0xd5, 0x62, 0x71, 0x50, 0xad, 0x70,
  0x50, 0x08, 0x61, 0x70, 0x01, 0x50, 0x96, 0x75, 0x50, 0xb6, 0x61, 0x6e, 0x01, 0x50, 0x89, 0x70,
  0x50, 0x06, 0x61, 0x78, 0x01, 0x50, 0x92, 0x71, 0x50, 0x87, 0x70, 0x50, 0x07, 0x78, 0x50, 0xb2,
  0x71, 0x50, 0xa8, 0x70, 0x50, 0x07, 0x74, 0x50, 0xdf, 0x77, 0x50, 0xd0, 0x72, 0x50, 0xce, 0x50,
  0x2c, 0x61, 0x3c, 0x04, 0x50, 0x93, 0x75, 0x50, 0xb3, 0x77, 0x50, 0xdf, 0x62, 0x78, 0x50, 0xd2,
  0x61, 0xd2, 0x05, 0x50, 0xd3, 0x61, 0x68, 0x01, 0x50, 0xb4, 0x62, 0x7c, 0x50, 0xb2, 0x61, 0x7c,
  0x01, 0x50, 0xd4, 0x62, 0x75, 0x50, 0xb3, 0x61, 0xcc, 0x05, 0x50, 0x94, 0x7f, 0x71, 0x50, 0xd5,
  0x61, 0xdd, 0x02, 0x50, 0xb4, 0x62, 0x79, 0x50, 0xb5, 0x75, 0x50, 0xb6, 0x78, 0x50, 0xd0, 0x62,
  0x73, 0x50, 0xdf, 0x61, 0xdc, 0x02, 0x50, 0x88, 0x70, 0x50, 0x07, 0x7f, 0x71, 0x50, 0xd2, 0x61,
  0xd4, 0x02, 0x50, 0x87, 0x50, 0x07, 0x62, 0x78, 0x50, 0x86, 0x70, 0x50, 0x07, 0x7a, 0x50, 0xb7,
  0x7b, 0x50, 0xd3, 0x61, 0xba, 0x05, 0x50, 0x85, 0x70, 0x50, 0x07, 0x74, 0x50, 0x95, 0x76, 0x50,
  0xb8, 0x7a, 0x50, 0xd4, 0x61, 0xc6, 0x05, 0x50, 0xa9, 0x70, 0x50, 0x07, 0x73, 0x50, 0xb9, 0x61,
  0xd9, 0x02, 0x50, 0x86, 0x70, 0x50, 0x07, 0x79, 0x50, 0xa8, 0x70, 0x50, 0x07, 0x7e, 0x50, 0xd5,
  0x61, 0xd6, 0x02, 0x50, 0xa7, 0x70, 0x50, 0x07, 0x73, 0x50, 0xba, 0x62, 0x73, 0x50, 0x87, 0x70,
  0x50, 0x07, 0x62, 0x71, 0x50, 0x88, 0x70, 0x50, 0x07, 0x7c, 0x50, 0xb2, 0x71, 0x50, 0xa3, 0x70,
  0x50, 0x0b, 0x77, 0x50, 0xe4, 0x71, 0x50, 0xdf, 0x76, 0x50, 0xf1, 0x70, 0x50, 0xe5, 0x61, 0xc7,
  0x02, 0x50, 0x87, 0x50, 0x07, 0x77, 0x50, 0xb3, 0x76, 0x50, 0xff, 0x61, 0xd9, 0x02, 0x50, 0x86,
  0x70, 0x50, 0x07, 0x7d, 0x50, 0xf4, 0x61, 0xc4, 0x05, 0x50, 0x85, 0x50, 0x07, 0x7f, 0x71, 0x50,
  0xf5, 0x61, 0xdb, 0x02, 0x50, 0xb4, 0x62, 0x7c, 0x50, 0xb2, 0x62, 0x71, 0x50, 0x86, 0x70, 0x50,
  0x07, 0x76, 0x50, 0xb3, 0x75, 0x50, 0xf6, 0x61, 0xc5, 0x05, 0x50, 0x87, 0x50, 0x07, 0x62, 0x79,
  0x50, 0x88, 0x70, 0x50, 0x07, 0x7b, 0x50, 0xf7, 0x61, 0x6a, 0x01, 0x50, 0xb4, 0x61, 0x72, 0x01,
  0x50, 0x87, 0x70, 0x50, 0x07, 0x61, 0x76, 0x01, 0x50, 0xb5, 0x76, 0x50, 0xff, 0x76, 0x50, 0xd1,
  0x61, 0x64, 0x01, 0x50, 0x86, 0x70, 0x50, 0x07, 0x76, 0x50, 0xb6, 0x76, 0x50, 0xd2, 0x61, 0xc3,
  0x05, 0x50, 0x85, 0x70, 0x50, 0x07, 0x61, 0xd8, 0x05, 0x50, 0xb7, 0x75, 0x50, 0xd3, 0x61, 0xdd,
  0x02, 0x50, 0x86, 0x50, 0x07, 0x62, 0x7e, 0x50, 0xb8, 0x76, 0x50, 0xd4, 0x61, 0xdd, 0x02, 0x50,
  0x87, 0x70, 0x50, 0x07, 0x77, 0x50, 0xa4, 0x70, 0x50, 0x0b, 0x62, 0x50, 0x88, 0x70, 0x50, 0x07,
  0x75, 0x50, 0xa3, 0x70, 0x50, 0x0b, 0x73, 0x50, 0xb9, 0x62, 0x50, 0x87, 0x70, 0x50, 0x07, 0x75,
  0x50, 0xa2, 0x70, 0x50, 0x0b, 0x79, 0x50, 0xd5, 0x61, 0xd5, 0x02, 0x50, 0x86, 0x70, 0x50, 0x07,
  0x75, 0x50, 0xa1, 0x50, 0x0b, 0x74, 0x50, 0xba, 0x61, 0x69, 0x01, 0x50, 0x96, 0x62, 0x7c, 0x50,
  0x92, 0x71, 0x50, 0x86, 0x70, 0x50, 0x08, 0x78, 0x50, 0xb2, 0x71, 0x50, 0xa6, 0x70, 0x50, 0x08,
  0x74, 0x50, 0xdf, 0x78, 0x50, 0xd0, 0x61, 0x3f, 0x04, 0x50, 0x93, 0x76, 0x50, 0xb3, 0x76, 0x50,
  0xdf, 0x62, 0x78, 0x50, 0xd2, 0x61, 0xcb, 0x05, 0x50, 0xb4, 0x7f, 0x70, 0x50, 0xd3, 0x61, 0xdb,
  0x02, 0x50, 0xb2, 0x62, 0x78, 0x50, 0xb3, 0x7a, 0x50, 0xd4, 0x61, 0xa9, 0x08, 0x50, 0x94, 0x7f,
  0x71, 0x50, 0xd5, 0x61, 0xdd, 0x02, 0x50, 0xb4, 0x62, 0x7a, 0x50, 0xb5, 0x74, 0x50, 0xb6, 0x74,
  0x50, 0xdf, 0x78, 0x50, 0xd1, 0x78, 0x50, 0xd2, 0x61, 0xd9, 0x02, 0x50, 0xd3, 0x61, 0xd8, 0x02,
  0x50, 0x87, 0x70, 0x50, 0x08, 0x62, 0x76, 0x50, 0x86, 0x70, 0x50, 0x08, 0x7f, 0x75, 0x50, 0xd4,
  0x61, 0xd2, 0x02, 0x50, 0x85, 0x50, 0x08, 0x7b, 0x50, 0xb7, 0x61, 0xc6, 0x05, 0x50, 0x84, 0x70,
  0x50, 0x08, 0x73, 0x50, 0x95, 0x76, 0x50, 0xb8, 0x78, 0x50, 0xd1, 0x78, 0x50, 0xd2, 0x61, 0xd6,
  0x02, 0x50, 0xa7, 0x70, 0x50, 0x08, 0x7e, 0x50, 0xd3, 0x61, 0xd7, 0x02, 0x50, 0xa6, 0x70, 0x50,
  0x08, 0x73, 0x50, 0xb9, 0x61, 0xdb, 0x02, 0x50, 0x85, 0x70, 0x50, 0x08, 0x79, 0x50, 0xa5, 0x70,
  0x50, 0x08, 0x7e, 0x50, 0xd4, 0x61, 0xd9, 0x02, 0x50, 0xba, 0x61, 0xde, 0x02, 0x50, 0x96, 0x74,
  0x50, 0x86, 0x50, 0x08, 0x7e, 0x50, 0xa4, 0x50, 0x08, 0x61, 0xd8, 0x02, 0x50, 0x92, 0x72, 0x50,
  0x87, 0x50, 0x07, 0x7b, 0x50, 0xb2, 0x71, 0x50, 0xa3, 0x70, 0x50, 0x0b, 0x78, 0x50, 0xe4, 0x70,
  0x50, 0xdf, 0x76, 0x50, 0xf1, 0x70, 0x50, 0xe5, 0x61, 0xc4, 0x02, 0x50, 0x93, 0x76, 0x50, 0xb3,
  0x76, 0x50, 0xff, 0x62, 0x79, 0x50, 0xf4, 0x61, 0xd0, 0x05, 0x50, 0xf5, 0x61, 0x69, 0x01, 0x50,
  0xb4, 0x62, 0x7c, 0x50, 0xb2, 0x61, 0x61, 0x04, 0x50, 0xb3, 0x74, 0x50, 0xf6, 0x61, 0xc7, 0x05,
  0x50, 0x94, 0x61, 0xf5, 0x02, 0x50, 0xf7, 0x61, 0x69, 0x01, 0x50, 0xb4, 0x62, 0x7c, 0x50, 0xb2,
  0x71, 0x50, 0xae, 0x70, 0x50, 0x0b, 0x75, 0x50, 0xff, 0x77, 0x50, 0xd1, 0x61, 0x6c, 0x01, 0x50,
  0xd2, 0x61, 0xde, 0x02, 0x50, 0x88, 0x70, 0x50, 0x07, 0x7a, 0x50, 0xb3, 0x61, 0xdb, 0x02, 0x50,
  0x87, 0x70, 0x50, 0x07, 0x62, 0x78, 0x50, 0x86, 0x50, 0x07, 0x61, 0xf9, 0x02, 0x50, 0xd3, 0x61,
  0x67, 0x01, 0x50, 0xb4, 0x61, 0x72, 0x01, 0x50, 0x85, 0x70, 0x50, 0x07, 0x73, 0x50, 0x95, 0x61,
  0x75, 0x01, 0x50, 0xb2, 0x71, 0x50, 0xa9, 0x70, 0x50, 0x0c, 0x61, 0x7a, 0x01, 0x50, 0xd4, 0x62,
  0x75, 0x50, 0xb3, 0x62, 0x50, 0x86, 0x70, 0x50, 0x07, 0x61, 0xf8, 0x02, 0x50, 0xd5, 0x61, 0xd9,
  0x02, 0x50, 0x87, 0x70, 0x50, 0x07, 0x61, 0x74, 0x01, 0x50, 0x96, 0x75, 0x50, 0xb4, 0x61, 0x73,
  0x01, 0x50, 0x92, 0x72, 0x50, 0x8e, 0x50, 0x08, 0x7b, 0x50, 0xb2, 0x71, 0x50, 0xa5, 0x70, 0x50,
  0x0d, 0x78, 0x50, 0xdf, 0x77, 0x50, 0xd0, 0x71, 0x50, 0xca, 0x70, 0x50, 0x23, 0x61, 0xc1, 0x02,
  0x50, 0x93, 0x76, 0x50, 0xb3, 0x76, 0x50, 0xdf, 0x62, 0x79, 0x50, 0xd2, 0x61, 0xd6, 0x05, 0x50,
  0xd3, 0x61, 0xd2, 0x05, 0x50, 0xd4, 0x61, 0xaa, 0x08, 0x50, 0x94, 0x76, 0x50, 0xb4, 0x7a, 0x50,
  0xd5, 0x61, 0xb8, 0x08, 0x50, 0xd0, 0x61, 0xdb, 0x02, 0x50, 0x8f, 0x70, 0x50, 0x08, 0x7c, 0x50,
  0xa6, 0x50, 0x0d, 0x7c, 0x50, 0xdf, 0x61, 0xcc, 0x02, 0x50, 0x8e, 0x70, 0x50, 0x08, 0x79, 0x50,
  0xa5, 0x70, 0x50, 0x0d, 0x7b, 0x50, 0xd2, 0x61, 0xd1, 0x02, 0x50, 0x8d, 0x70, 0x50, 0x08, 0x78,
  0x50, 0xa4, 0x70, 0x50, 0x0d, 0x62, 0x76, 0x50, 0xa3, 0x70, 0x50, 0x0d, 0x7e, 0x50, 0xd3, 0x61,
  0xd1, 0x02, 0x50, 0x8c, 0x70, 0x50, 0x08, 0x73, 0x50, 0x95, 0x75, 0x50, 0xa2, 0x70, 0x50, 0x0d,
  0x73, 0x50, 0xb5, 0x61, 0xd9, 0x02, 0x50, 0x8b, 0x70, 0x50, 0x08, 0x79, 0x50, 0xa1, 0x70, 0x50,
  0x0d, 0x7e, 0x50, 0xd4, 0x61, 0xcf, 0x02, 0x50, 0x8c, 0x70, 0x50, 0x08, 0x79, 0x50, 0xa2, 0x70,
  0x50, 0x0d, 0x61, 0xdc, 0x02, 0x50, 0x8d, 0x70, 0x50, 0x08, 0x79, 0x50, 0xa3, 0x70, 0x50, 0x0d,
  0x62, 0x76, 0x50, 0xa4, 0x70, 0x50, 0x0d, 0x7e, 0x50, 0xd5, 0x61, 0xd0, 0x02, 0x50, 0x8e, 0x70,
  0x50, 0x08, 0x78, 0x50, 0xa5, 0x70, 0x50, 0x0d, 0x61, 0xde, 0x02, 0x50, 0x8f, 0x70, 0x50, 0x08,
  0x79, 0x50, 0xa6, 0x70, 0x50, 0x0d, 0x61, 0x6d, 0x01, 0x50, 0xe4, 0x70, 0x50, 0xdf, 0x76, 0x50,
  0xf1, 0x70, 0x50, 0xe5, 0x61, 0x68, 0x01, 0x50, 0x8e, 0x70, 0x50, 0x08, 0x75, 0x50, 0xa5, 0x70,
  0x50, 0x0d, 0x62, 0x70, 0x50, 0x8d, 0x70, 0x50, 0x08, 0x75, 0x50, 0xa4, 0x70, 0x50, 0x0d, 0x76,
  0x50, 0xff, 0x62, 0x50, 0xa3, 0x50, 0x0d, 0x76, 0x50, 0xf4, 0x61, 0xde, 0x02, 0x50, 0x8c, 0x50,
  0x08, 0x75, 0x50, 0xa2, 0x70, 0x50, 0x0d, 0x62, 0x72, 0x50, 0x8b, 0x70, 0x50, 0x08, 0x74, 0x50,
  0xa1, 0x70, 0x50, 0x0d, 0x75, 0x50, 0xf5, 0x61, 0xdc, 0x02, 0x50, 0x8c, 0x70, 0x50, 0x08, 0x75,
  0x50, 0xa2, 0x70, 0x50, 0x0d, 0x62, 0x71, 0x50, 0x8d, 0x70, 0x50, 0x08, 0x75, 0x50, 0xa3, 0x50,
  0x0d, 0x62, 0x76, 0x50, 0xa4, 0x70, 0x50, 0x0d, 0x75, 0x50, 0xf6, 0x61, 0xde, 0x02, 0x50, 0x8e,
  0x70, 0x50, 0x08, 0x75, 0x50, 0xa5, 0x70, 0x50, 0x0d, 0x62, 0x71, 0x50, 0x8f, 0x70, 0x50, 0x08,
  0x75, 0x50, 0xa6, 0x70, 0x50, 0x0d, 0x62, 0x72, 0x50, 0x8e, 0x70, 0x50, 0x08, 0x75, 0x50, 0xa5,
  0x70, 0x50, 0x0d, 0x75, 0x50, 0xf7, 0x61, 0xdb, 0x02, 0x50, 0x8d, 0x50, 0x08, 0x75, 0x50, 0xa4,
  0x70, 0x50, 0x0d, 0x61, 0x72, 0x01, 0x50, 0xff, 0x76, 0x50, 0xd1, 0x61, 0x6d, 0x01, 0x50, 0xa3,
  0x70, 0x50, 0x0d, 0x76, 0x50, 0xd2, 0x61, 0xdd, 0x02, 0x50, 0x8c, 0x70, 0x50, 0x08, 0x74, 0x50,
  0xa2, 0x70, 0x50, 0x0d, 0x62, 0x72, 0x50, 0x8b, 0x70, 0x50, 0x08, 0x74, 0x50, 0xa1, 0x70, 0x50,
  0x0d, 0x62, 0x73, 0x50, 0x8c, 0x50, 0x08, 0x76, 0x50, 0xa2, 0x50, 0x0d, 0x62, 0x71, 0x50, 0x8d,
  0x70, 0x50, 0x08, 0x75, 0x50, 0xa3, 0x50, 0x0d, 0x76, 0x50, 0xd3, 0x62, 0x50, 0xa4, 0x70, 0x50,
  0x0d, 0x62, 0x74, 0x50, 0x8e, 0x70, 0x50, 0x08, 0x75, 0x50, 0xa5, 0x70, 0x50, 0x0d, 0x76, 0x50,
  0xd4, 0x61, 0xdb, 0x02, 0x50, 0x8f, 0x70, 0x50, 0x08, 0x75, 0x50, 0xa6, 0x70, 0x50, 0x0d, 0x62,
  0x72, 0x50, 0x8e, 0x50, 0x08, 0x76, 0x50, 0xa5, 0x70, 0x50, 0x0d, 0x62, 0x70, 0x50, 0x8d, 0x70,
  0x50, 0x08, 0x75, 0x50, 0xa4, 0x70, 0x50, 0x0d, 0x7b, 0x50, 0xd5, 0x61, 0xda, 0x02, 0x50, 0xa3,
  0x70, 0x50, 0x0d, 0x62, 0x73, 0x50, 0x8c, 0x70, 0x50, 0x08, 0x75, 0x50, 0xa2, 0x70, 0x50, 0x0d,
  0x75, 0x50, 0xdf, 0x77, 0x50, 0xd0, 0x61, 0xd4, 0x02, 0x50, 0x8b, 0x50, 0x08, 0x75, 0x50, 0xa1,
  0x70, 0x50, 0x0d, 0x78, 0x50, 0xdf, 0x61, 0xd9, 0x02, 0x50, 0x8c, 0x70, 0x50, 0x08, 0x76, 0x50,
  0xa2, 0x50, 0x0d, 0x77, 0x50, 0xd2, 0x61, 0xd9, 0x02, 0x50, 0x8d, 0x70, 0x50, 0x08, 0x75, 0x50,
  0xa3, 0x70, 0x50, 0x0d, 0x62, 0x75, 0x50, 0xa4, 0x70, 0x50, 0x0d, 0x7b, 0x50, 0xd3, 0x61, 0xd8,
  0x02, 0x50, 0x8e, 0x70, 0x50, 0x08, 0x75, 0x50, 0xa5, 0x70, 0x50, 0x0d, 0x62, 0x71, 0x50, 0x8f,
  0x70, 0x50, 0x08, 0x75, 0x50, 0xa6, 0x70, 0x50, 0x0d, 0x7a, 0x50, 0xd4, 0x61, 0xd7, 0x02, 0x50,
  0x8e, 0x70, 0x50, 0x08, 0x75, 0x50, 0xa5, 0x70, 0x50, 0x0d, 0x62, 0x70, 0x50, 0x8d, 0x70, 0x50,
  0x08, 0x75, 0x50, 0xa4, 0x70, 0x50, 0x0d, 0x62, 0x76, 0x50, 0xa3, 0x70, 0x50, 0x0d, 0x7a, 0x50,
  0xd5, 0x61, 0xd9, 0x02, 0x50, 0x8c, 0x50, 0x08, 0x75, 0x50, 0xa2, 0x70, 0x50, 0x0d, 0x62, 0x72,
  0x50, 0x96, 0x73, 0x50, 0x8b, 0x70, 0x50, 0x08, 0x78, 0x50, 0xb6, 0x74, 0x50, 0xa1, 0x70, 0x50,
  0x0d, 0x61, 0xd7, 0x02, 0x50, 0x92, 0x72, 0x50, 0x80, 0x70, 0x50, 0x0a, 0x7a, 0x50, 0xb2, 0x72,
  0x50, 0xa5, 0x50, 0x0d, 0x78, 0x50, 0xdf, 0x77, 0x50, 0xd1, 0x78, 0x50, 0xd2, 0x61, 0xbc, 0x02,
  0x50, 0x93, 0x76, 0x50, 0xb3, 0x7b, 0x50, 0xd3, 0x61, 0xd2, 0x05, 0x50, 0xd4, 0x62, 0x62, 0x50,
  0x94, 0x7a, 0x50, 0xb4, 0x61, 0x6a, 0x01, 0x50, 0x95, 0x76, 0x50, 0xb5, 0x79, 0x50, 0xd1, 0x61,
  0x65, 0x01, 0x50, 0x96, 0x75, 0x50, 0xb6, 0x76, 0x50, 0xd2, 0x62, 0x79, 0x50, 0xd3, 0x61, 0xd2,
  0x05, 0x50, 0xd4, 0x61, 0xdc, 0x02, 0x50, 0x97, 0x76, 0x50, 0xb7, 0x61, 0x6c, 0x01, 0x50, 0x98,
  0x76, 0x50, 0xb8, 0x62, 0x75, 0x50, 0x92, 0x7b, 0x50, 0xb2, 0x78, 0x50, 0xe4, 0x70, 0x50, 0xdf,
  0x76, 0x50, 0xf1, 0x70, 0x50, 0xe5, 0x61, 0x3e, 0x04, 0x50, 0x93, 0x76, 0x50, 0xb3, 0x75, 0x50,
  0xff, 0x62, 0x79, 0x50, 0xf4, 0x61, 0xd2, 0x05, 0x50, 0xf5, 0x61, 0x67, 0x01, 0x50, 0x94, 0x75,
  0x50, 0xb4, 0x62, 0x76, 0x50, 0x92, 0x7b, 0x50, 0xb2, 0x61, 0x50, 0x04, 0x50, 0x93, 0x76, 0x50,
  0xb3, 0x74, 0x50, 0xf6, 0x61, 0xbc, 0x08, 0x50, 0xf7, 0x61, 0x67, 0x01, 0x50, 0x94, 0x75, 0x50,
  0xb4, 0x62, 0x76, 0x50, 0x92, 0x7b, 0x50, 0xb2, 0x78, 0x50, 0xff, 0x76, 0x50, 0xd1, 0x61, 0x60,
  0x01, 0x50, 0xd2, 0x62, 0x70, 0x50, 0x93, 0x75, 0x50, 0xb3, 0x61, 0xde, 0x05, 0x50, 0xd3, 0x61,
  0xd6, 0x02, 0x50, 0x94, 0x7a, 0x50, 0xb4, 0x62, 0x71, 0x50, 0x92, 0x7e, 0x50, 0xb2, 0x7f, 0x70,
  0x50, 0xd4, 0x61, 0xc8, 0x02, 0x50, 0x93, 0x76, 0x50, 0xb3, 0x61, 0xdd, 0x05, 0x50, 0xd5, 0x61,
  0xbf, 0x05, 0x50, 0x94, 0x7a, 0x50, 0xb4, 0x62, 0x73, 0x50, 0x92, 0x72, 0x50, 0x89, 0x50, 0x0a,
  0x7e, 0x50, 0xb2, 0x7e, 0x50, 0xe4, 0x70, 0x50, 0xdf, 0x76, 0x50, 0xf1, 0x70, 0x50, 0xe5, 0x61,
  0xbb, 0x02, 0x50, 0x93, 0x76, 0x50, 0xb3, 0x76, 0x50, 0xff, 0x62, 0x79, 0x50, 0xf4, 0x61, 0xd6,
  0x05, 0x50, 0xf5, 0x61, 0xd6, 0x02, 0x50, 0x94, 0x7a, 0x50, 0xb4, 0x62, 0x50, 0x95, 0x75, 0x50,
  0x96, 0x76, 0x50, 0xb5, 0x75, 0x50, 0xb6, 0x62, 0x78, 0x50, 0xf6, 0x61, 0xaa, 0x08, 0x50, 0x97,
  0x77, 0x50, 0xb7, 0x78, 0x50, 0xf7, 0x61, 0xc2, 0x05, 0x50, 0x98, 0x76, 0x50, 0xb8, 0x79, 0x50,
  0xf8, 0x61, 0xd9, 0x02, 0x50, 0x8a, 0x70, 0x50, 0x0a, 0x7b, 0x50, 0xa6, 0x70, 0x50, 0x0d, 0x61,
  0xd8, 0x02, 0x50, 0x89, 0x70, 0x50, 0x0a, 0x74, 0x50, 0x99, 0x74, 0x50, 0xa5, 0x70, 0x50, 0x0d,
  0x73, 0x50, 0xb9, 0x61, 0xd9, 0x02, 0x50, 0x88, 0x70, 0x50, 0x0a, 0x78, 0x50, 0xa4, 0x70, 0x50,
  0x0d, 0x79, 0x50, 0xf9, 0x61, 0xd4, 0x02, 0x50, 0x87, 0x70, 0x50, 0x0a, 0x73, 0x50, 0x9a, 0x74,
  0x50, 0xa3, 0x70, 0x50, 0x0d, 0x74, 0x50, 0xba, 0x62, 0x71, 0x50, 0xa2, 0x70, 0x50, 0x0d, 0x62,
  0x70, 0x50, 0x86, 0x70, 0x50, 0x0a, 0x79, 0x50, 0xa1, 0x50, 0x0d, 0x7a, 0x50, 0xfa, 0x61, 0xd4,
  0x02, 0x50, 0x87, 0x70, 0x50, 0x0a, 0x79, 0x50, 0xa2, 0x70, 0x50, 0x0d, 0x62, 0x50, 0x9b, 0x75,
  0x50, 0xa3, 0x50, 0x0d, 0x74, 0x50, 0xbb, 0x74, 0x50, 0xfb, 0x61, 0xd7, 0x02, 0x50, 0x88, 0x50,
  0x0a, 0x79, 0x50, 0xa4, 0x70, 0x50, 0x0d, 0x61, 0xde, 0x02, 0x50, 0x89, 0x70, 0x50, 0x0a, 0x73,
  0x50, 0x9c, 0x74, 0x50, 0xa5, 0x70, 0x50, 0x0d, 0x73, 0x50, 0xbc, 0x61, 0xda, 0x02, 0x50, 0x8a,
  0x70, 0x50, 0x0a, 0x78, 0x50, 0xa6, 0x70, 0x50, 0x0d, 0x79, 0x50, 0xfc, 0x61, 0xd5, 0x02, 0x50,
  0x89, 0x50, 0x0a, 0x74, 0x50, 0x9d, 0x74, 0x50, 0xa5, 0x70, 0x50, 0x0d, 0x74, 0x50, 0xbd, 0x61,
  0xd8, 0x02, 0x50, 0x88, 0x70, 0x50, 0x0a, 0x79, 0x50, 0xa4, 0x50, 0x0d, 0x61, 0xde, 0x02, 0x50,
  0x87, 0x70, 0x50, 0x0a, 0x73, 0x50, 0x9e, 0x75, 0x50, 0xa3, 0x50, 0x0d, 0x74, 0x50, 0xbe, 0x74,
  0x50, 0xfd, 0x61, 0xdc, 0x02, 0x50, 0xa2, 0x70, 0x50, 0x0d, 0x62, 0x70, 0x50, 0x86, 0x70, 0x50,
  0x0a, 0x74, 0x50, 0x9f, 0x74, 0x50, 0xa1, 0x70, 0x50, 0x0d, 0x73, 0x50, 0xbf, 0x75, 0x50, 0xfe,
  0x61, 0xd4, 0x02, 0x50, 0x87, 0x70, 0x50, 0x0a, 0x79, 0x50, 0xa2, 0x70, 0x50, 0x0d, 0x62, 0x72,
  0x50, 0xa3, 0x50, 0x0d, 0x62, 0x74, 0x50, 0x88, 0x70, 0x50, 0x0a, 0x75, 0x50, 0xa4, 0x70, 0x50,
  0x0d, 0x76, 0x50, 0xff, 0x61, 0xda, 0x02, 0x50, 0x89, 0x70, 0x50, 0x0a, 0x75, 0x50, 0xa5, 0x70,
  0x50, 0x0d, 0x62, 0x71, 0x50, 0x8a, 0x70, 0x50, 0x0a, 0x75, 0x50, 0xa6, 0x70, 0x50, 0x0d, 0x62,
  0x72, 0x50, 0x89, 0x70, 0x50, 0x0a, 0x76, 0x50, 0xa5, 0x70, 0x50, 0x0d, 0x62, 0x70, 0x50, 0x88,
  0x70, 0x50, 0x0a, 0x76, 0x50, 0xa4, 0x50, 0x0d, 0x62, 0x71, 0x50, 0x87, 0x70, 0x50, 0x0a, 0x76,
  0x50, 0xa3, 0x50, 0x0d, 0x62, 0x76, 0x50, 0xa2, 0x70, 0x50, 0x0d, 0x62, 0x73, 0x50, 0x86, 0x70,
  0x50, 0x0a, 0x76, 0x50, 0xa1, 0x70, 0x50, 0x0d, 0x62, 0x71, 0x50, 0x87, 0x70, 0x50, 0x0a, 0x76,
  0x50, 0xa2, 0x70, 0x50, 0x0d, 0x62, 0x75, 0x50, 0xa3, 0x70, 0x50, 0x0d, 0x62, 0x72, 0x50, 0x88,
  0x70, 0x50, 0x0a, 0x76, 0x50, 0xa4, 0x70, 0x50, 0x0d, 0x62, 0x71, 0x50, 0x89, 0x50, 0x0a, 0x76,
  0x50, 0xa5, 0x70, 0x50, 0x0d, 0x62, 0x71, 0x50, 0x8a, 0x70, 0x50, 0x0a, 0x75, 0x50, 0xa6, 0x70,
  0x50, 0x0d, 0x62, 0x71, 0x50, 0x89, 0x70, 0x50, 0x0a, 0x77, 0x50, 0xa5, 0x50, 0x0d, 0x62, 0x70,
  0x50, 0x88, 0x70, 0x50, 0x0a, 0x76, 0x50, 0xa4, 0x50, 0x0d, 0x62, 0x75, 0x50, 0x87, 0x70, 0x50,
  0x0a, 0x7a, 0x50, 0xa3, 0x70, 0x50, 0x0d, 0x62, 0x71, 0x50, 0x92, 0x71, 0x50, 0x83, 0x70, 0x50,
  0x15, 0x79, 0x50, 0x93, 0x7f, 0x71, 0x50, 0xb2, 0x72, 0x50, 0xab, 0x50, 0x1a, 0x7f, 0x71, 0x50,
  0xd0, 0x71, 0x50, 0xc6, 0x70, 0x50, 0x35, 0x61, 0xa9, 0x02, 0x50, 0x84, 0x70, 0x50, 0x15, 0x73,
  0x50, 0x94, 0x76, 0x50, 0xb3, 0x77, 0x50, 0xdf, 0x61, 0xd6, 0x02, 0x50, 0x83, 0x70, 0x50, 0x15,
  0x7f, 0x71, 0x50, 0xd2, 0x61, 0xa8, 0x08, 0x50, 0x82, 0x70, 0x50, 0x15, 0x7a, 0x50, 0xb4, 0x61,
  0xc6, 0x05, 0x50, 0x81, 0x70, 0x50, 0x15, 0x61, 0xd4, 0x05, 0x50, 0x95, 0x76, 0x50, 0xb5, 0x62,
  0x50, 0x82, 0x70, 0x50, 0x15, 0x61, 0xd1, 0x05, 0x50, 0x83, 0x70, 0x50, 0x15, 0x61, 0xf1, 0x02,
  0x50, 0xb6, 0x61, 0xc9, 0x05, 0x50, 0x84, 0x70, 0x50, 0x15, 0x62, 0x79, 0x50, 0x83, 0x70, 0x50,
  0x15, 0x7d, 0x50, 0xd3, 0x62, 0x70, 0x50, 0xaa, 0x70, 0x50, 0x1a, 0x62, 0x76, 0x50, 0xab, 0x70,
  0x50, 0x1a, 0x76, 0x50, 0xd4, 0x61, 0xdd, 0x02, 0x50, 0x82, 0x70, 0x50, 0x15, 0x74, 0x50, 0xac,
  0x70, 0x50, 0x1a, 0x62, 0x76, 0x50, 0xad, 0x70, 0x50, 0x1a, 0x62, 0x74, 0x50, 0x81, 0x70, 0x50,
  0x15, 0x75, 0x50, 0xae, 0x50, 0x1a, 0x76, 0x50, 0xd5, 0x62, 0x50, 0xa0, 0x70, 0x50, 0x1b, 0x61,
  0x70, 0x01, 0x50, 0x97, 0x75, 0x50, 0xb8, 0x61, 0x77, 0x01, 0x50, 0xae, 0x70, 0x50, 0x1a, 0x73,
  0x50, 0xb9, 0x61, 0x6a, 0x01, 0x50, 0x92, 0x71, 0x50, 0x80, 0x70, 0x50, 0x14, 0x78, 0x50, 0xb2,
  0x71, 0x50, 0xad, 0x70, 0x50, 0x17, 0x78, 0x50, 0xd0, 0x61, 0x60, 0x01, 0x50, 0x93, 0x62, 0x73,
  0x50, 0x81, 0x50, 0x14, 0x74, 0x50, 0x94, 0x75, 0x50, 0xb3, 0x77, 0x50, 0xdf, 0x61, 0xd6, 0x02,
  0x50, 0x80, 0x70, 0x50, 0x14, 0x7f, 0x71, 0x50, 0xd2, 0x61, 0xa8, 0x08, 0x50, 0x8f, 0x70, 0x50,
  0x13, 0x7a, 0x50, 0xb4, 0x61, 0xc7, 0x05, 0x50, 0x8e, 0x70, 0x50, 0x13, 0x61, 0xd4, 0x05, 0x50,
  0x95, 0x76, 0x50, 0xb5, 0x62, 0x50, 0x8f, 0x70, 0x50, 0x13, 0x61, 0xd1, 0x05, 0x50, 0x80, 0x70,
  0x50, 0x14, 0x61, 0xf2, 0x02, 0x50, 0xb6, 0x61, 0xc9, 0x05, 0x50, 0x81, 0x50, 0x14, 0x7f, 0x72,
  0x50, 0xd3, 0x61, 0xd6, 0x02, 0x50, 0x80, 0x70, 0x50, 0x14, 0x62, 0x7f, 0x50, 0xac, 0x70, 0x50,
  0x17, 0x7b, 0x50, 0xd4, 0x61, 0xda, 0x02, 0x50, 0xad, 0x70, 0x50, 0x17, 0x62, 0x73, 0x50, 0x8f,
  0x70, 0x50, 0x13, 0x75, 0x50, 0xae, 0x70, 0x50, 0x17, 0x62, 0x76, 0x50, 0xaf, 0x50, 0x17, 0x7b,
  0x50, 0xd5, 0x61, 0xd8, 0x02, 0x50, 0x8e, 0x70, 0x50, 0x13, 0x75, 0x50, 0xa0, 0x70, 0x50, 0x18,
  0x62, 0x71, 0x50, 0x97, 0x7c, 0x50, 0xb8, 0x73, 0x50, 0xa1, 0x70, 0x50, 0x18, 0x73, 0x50, 0xb9,
  0x61, 0xd6, 0x02, 0x50, 0x92, 0x72, 0x50, 0x8c, 0x50, 0x17, 0x76, 0x50, 0x8d, 0x70, 0x50, 0x17,
  0x74, 0x50, 0x93, 0x78, 0x50, 0xb2, 0x72, 0x50, 0xad, 0x70, 0x50, 0x1f, 0x77, 0x50, 0xdf, 0x77,
  0x50, 0xd0, 0x71, 0x50, 0xc9, 0x70, 0x50, 0x2f, 0x61, 0xb9, 0x02, 0x50, 0x94, 0x76, 0x50, 0xb3,
  0x77, 0x50, 0xdf, 0x62, 0x79, 0x50, 0xd2, 0x61, 0xd8, 0x02, 0x50, 0x8c, 0x70, 0x50, 0x17, 0x62,
  0x78, 0x50, 0x8b, 0x70, 0x50, 0x17, 0x7f, 0x75, 0x50, 0xd3, 0x61, 0xdb, 0x02, 0x50, 0xb4, 0x62,
  0x70, 0x50, 0x8a, 0x70, 0x50, 0x17, 0x7f, 0x70, 0x50, 0xd4, 0x61, 0xc0, 0x05, 0x50, 0x89, 0x70,
  0x50, 0x17, 0x62, 0x79, 0x50, 0x8a, 0x50, 0x17, 0x74, 0x50, 0x95, 0x75, 0x50, 0xb5, 0x76, 0x50,
  0xd5, 0x61, 0xbf, 0x05, 0x50, 0x8b, 0x70, 0x50, 0x17, 0x61, 0x78, 0x01, 0x50, 0xdf, 0x77, 0x50,
  0xd1, 0x61, 0x79, 0x01, 0x50, 0xd2, 0x61, 0xd9, 0x02, 0x50, 0x8c, 0x50, 0x17, 0x7a, 0x50, 0xb6,
  0x61, 0xde, 0x02, 0x50, 0x8d, 0x50, 0x17, 0x61, 0xdf, 0x05, 0x50, 0xd3, 0x61, 0xdc, 0x02, 0x50,
  0x8c, 0x70, 0x50, 0x17, 0x77, 0x50, 0xac, 0x70, 0x50, 0x1f, 0x62, 0x50, 0x8b, 0x70, 0x50, 0x17,
  0x75, 0x50, 0xad, 0x70, 0x50, 0x1f, 0x76, 0x50, 0xd4, 0x61, 0xde, 0x02, 0x50, 0xae, 0x70, 0x50,
  0x1f, 0x62, 0x74, 0x50, 0x8a, 0x70, 0x50, 0x17, 0x75, 0x50, 0xa0, 0x70, 0x50, 0x20, 0x62, 0x75,
  0x50, 0xa1, 0x70, 0x50, 0x20, 0x76, 0x50, 0xd5, 0x61, 0xde, 0x02, 0x50, 0x89, 0x50, 0x17, 0x75,
  0x50, 0xa2, 0x70, 0x50, 0x20, 0x62, 0x72, 0x50, 0x8a, 0x70, 0x50, 0x17, 0x75, 0x50, 0xa1, 0x70,
  0x50, 0x20, 0x61, 0x70, 0x01, 0x50, 0xe4, 0x70, 0x50, 0xdf, 0x76, 0x50, 0xf1, 0x70, 0x50, 0xe5,
  0x61, 0x6c, 0x01, 0x50, 0xa0, 0x70, 0x50, 0x20, 0x62, 0x74, 0x50, 0x8b, 0x70, 0x50, 0x17, 0x74,
  0x50, 0xae, 0x70, 0x50, 0x1f, 0x76, 0x50, 0xff, 0x62, 0x70, 0x50, 0xad, 0x70, 0x50, 0x1f, 0x76,
  0x50, 0xf4, 0x61, 0xdd, 0x02, 0x50, 0x8c, 0x50, 0x17, 0x76, 0x50, 0xac, 0x50, 0x1f, 0x7a, 0x50,
  0xf5, 0x61, 0xd7, 0x02, 0x50, 0x8d, 0x50, 0x17, 0x76, 0x50, 0xad, 0x70, 0x50, 0x1f, 0x62, 0x75,
  0x50, 0xae, 0x70, 0x50, 0x1f, 0x62, 0x79, 0x50, 0xa0, 0x70, 0x50, 0x20, 0x79, 0x50, 0xf6, 0x61,
  0xd9, 0x02, 0x50, 0x8c, 0x70, 0x50, 0x17, 0x75, 0x50, 0xa1, 0x70, 0x50, 0x20, 0x62, 0x71, 0x50,
  0x8b, 0x70, 0x50, 0x17, 0x75, 0x50, 0xa2, 0x70, 0x50, 0x20, 0x62, 0x76, 0x50, 0xa1, 0x70, 0x50,
  0x20, 0x7a, 0x50, 0xf7, 0x61, 0xd8, 0x02, 0x50, 0x8a, 0x70, 0x50, 0x17, 0x75, 0x50, 0xa0, 0x70,
  0x50, 0x20, 0x62, 0x76, 0x50, 0xae, 0x70, 0x50, 0x1f, 0x75, 0x50, 0xff, 0x76, 0x50, 0xd1, 0x72,
  0x50, 0xc6, 0x50, 0x35, 0x76, 0x50, 0xd2, 0x61, 0xcd, 0x02, 0x50, 0x89, 0x50, 0x17, 0x76, 0x50,
  0xad, 0x50, 0x1f, 0x62, 0x72, 0x50, 0x8a, 0x70, 0x50, 0x17, 0x75, 0x50, 0xac, 0x70, 0x50, 0x1f,
  0x62, 0x76, 0x50, 0xad, 0x70, 0x50, 0x1f, 0x62, 0x73, 0x50, 0x8b, 0x70, 0x50, 0x17, 0x75, 0x50,
  0xae, 0x70, 0x50, 0x1f, 0x7a, 0x50, 0xd3, 0x61, 0xdb, 0x02, 0x50, 0xa0, 0x50, 0x20, 0x62, 0x74,
  0x50, 0x8c, 0x70, 0x50, 0x17, 0x75, 0x50, 0xa1, 0x70, 0x50, 0x20, 0x7b, 0x50, 0xd4, 0x61, 0xd5,
  0x02, 0x50, 0x8d, 0x70, 0x50, 0x17, 0x75, 0x50, 0xa2, 0x70, 0x50, 0x20, 0x62, 0x76, 0x50, 0xa1,
  0x70, 0x50, 0x20, 0x62, 0x79, 0x50, 0xa0, 0x50, 0x20, 0x7b, 0x50, 0xd5, 0x61, 0xd8, 0x02, 0x50,
  0x8c, 0x50, 0x17, 0x76, 0x50, 0xae, 0x50, 0x1f, 0x62, 0x72, 0x50, 0x8b, 0x70, 0x50, 0x17, 0x75,
  0x50, 0xad, 0x50, 0x1f, 0x62, 0x76, 0x50, 0xac, 0x70, 0x50, 0x1f, 0x76, 0x50, 0xdf, 0x77, 0x50,
  0xd0, 0x71, 0x50, 0xc9, 0x70, 0x50, 0x38, 0x61, 0xd2, 0x02, 0x50, 0x8a, 0x50, 0x17, 0x76, 0x50,
  0xad, 0x50, 0x1f, 0x77, 0x50, 0xdf, 0x61, 0xde, 0x02, 0x50, 0xae, 0x70, 0x50, 0x1f, 0x76, 0x50,
  0xd2, 0x61, 0xdd, 0x02, 0x50, 0x89, 0x70, 0x50, 0x17, 0x74, 0x50, 0xa0, 0x70, 0x50, 0x20, 0x62,
  0x72, 0x50, 0x8a, 0x70, 0x50, 0x17, 0x75, 0x50, 0xa1, 0x70, 0x50, 0x20, 0x76, 0x50, 0xd3, 0x61,
  0xde, 0x02, 0x50, 0xa2, 0x70, 0x50, 0x20, 0x62, 0x74, 0x50, 0x8b, 0x70, 0x50, 0x17, 0x75, 0x50,
  0xa1, 0x70, 0x50, 0x20, 0x76, 0x50, 0xd4, 0x61, 0xde, 0x02, 0x50, 0xa0, 0x70, 0x50, 0x20, 0x62,
  0x74, 0x50, 0x8c, 0x70, 0x50, 0x17, 0x75, 0x50, 0xae, 0x70, 0x50, 0x1f, 0x62, 0x71, 0x50, 0x8d,
  0x70, 0x50, 0x17, 0x75, 0x50, 0xad, 0x70, 0x50, 0x1f, 0x76, 0x50, 0xd5, 0x62, 0x50, 0xac, 0x50,
  0x1f, 0x62, 0x7a, 0x50, 0xad, 0x70, 0x50, 0x1f, 0x61, 0x75, 0x01, 0x50, 0xd0, 0x61, 0x6e, 0x01,
  0x50, 0x8c, 0x70, 0x50, 0x17, 0x74, 0x50, 0xae, 0x70, 0x50, 0x1f, 0x62, 0x72, 0x50, 0x8b, 0x70,
  0x50, 0x17, 0x74, 0x50, 0xa0, 0x70, 0x50, 0x20, 0x77, 0x50, 0xdf, 0x61, 0xde, 0x02, 0x50, 0xa1,
  0x70, 0x50, 0x20, 0x76, 0x50, 0xd2, 0x61, 0xdd, 0x02, 0x50, 0x8a, 0x70, 0x50, 0x17, 0x75, 0x50,
  0xa2, 0x50, 0x20, 0x62, 0x77, 0x50, 0xa1, 0x70, 0x50, 0x20, 0x76, 0x50, 0xd3, 0x61, 0xdc, 0x02,
  0x50, 0x89, 0x70, 0x50, 0x17, 0x75, 0x50, 0xa0, 0x70, 0x50, 0x20, 0x62, 0x72, 0x50, 0x8a, 0x70,
  0x50, 0x17, 0x74, 0x50, 0xae, 0x70, 0x50, 0x1f, 0x76, 0x50, 0xd4, 0x62, 0x50, 0xad, 0x50, 0x1f,
  0x62, 0x75, 0x50, 0x8b, 0x50, 0x17, 0x75, 0x50, 0xac, 0x70, 0x50, 0x1f, 0x62, 0x77, 0x50, 0xad,
  0x70, 0x50, 0x1f, 0x7b, 0x50, 0xd5, 0x61, 0xd7, 0x02, 0x50, 0x8c, 0x70, 0x50, 0x17, 0x75, 0x50,
  0xae, 0x70, 0x50, 0x1f, 0x62, 0x72, 0x50, 0x8d, 0x50, 0x17, 0x75, 0x50, 0xa0, 0x70, 0x50, 0x20,
  0x75, 0x50, 0xe4, 0x70, 0x50, 0xdf, 0x76, 0x50, 0xf1, 0x70, 0x50, 0xe5, 0x61, 0xd7, 0x02, 0x50,
  0xa1, 0x70, 0x50, 0x20, 0x76, 0x50, 0xff, 0x62, 0x72, 0x50, 0xa2, 0x70, 0x50, 0x20, 0x76, 0x50,
  0xf4, 0x61, 0xdc, 0x02, 0x50, 0x8c, 0x70, 0x50, 0x17, 0x75, 0x50, 0xa1, 0x70, 0x50, 0x20, 0x62,
  0x71, 0x50, 0x8b, 0x70, 0x50, 0x17, 0x75, 0x50, 0xa0, 0x70, 0x50, 0x20, 0x79, 0x50, 0xf5, 0x61,
  0xdc, 0x02, 0x50, 0xae, 0x50, 0x1f, 0x62, 0x74, 0x50, 0x8a, 0x70, 0x50, 0x17, 0x75, 0x50, 0xad,
  0x70, 0x50, 0x1f, 0x62, 0x76, 0x50, 0xac, 0x70, 0x50, 0x1f, 0x79, 0x50, 0xf6, 0x61, 0xd9, 0x02,
  0x50, 0x89, 0x70, 0x50, 0x17, 0x76, 0x50, 0xad, 0x70, 0x50, 0x1f, 0x62, 0x71, 0x50, 0x8a, 0x70,
  0x50, 0x17, 0x75, 0x50, 0xae, 0x70, 0x50, 0x1f, 0x62, 0x75, 0x50, 0xa0, 0x70, 0x50, 0x20, 0x79,
  0x50, 0xf7, 0x61, 0xda, 0x02, 0x50, 0x8b, 0x70, 0x50, 0x17, 0x75, 0x50, 0xa1, 0x70, 0x50, 0x20,
  0x62, 0x75, 0x50, 0xa2, 0x70, 0x50, 0x20, 0x78, 0x50, 0xf1, 0x70, 0x50, 0xe5, 0x61, 0xda, 0x02,
  0x50, 0x8c, 0x70, 0x50, 0x17, 0x75, 0x50, 0xa1, 0x70, 0x50, 0x20, 0x77, 0x50, 0xff, 0x61, 0xd9,
  0x02, 0x50, 0x8d, 0x70, 0x50, 0x17, 0x75, 0x50, 0xa0, 0x70, 0x50, 0x20, 0x76, 0x50, 0xf4, 0x62,
  0x50, 0xae, 0x50, 0x1f, 0x62, 0x79, 0x50, 0xad, 0x70, 0x50, 0x1f, 0x79, 0x50, 0xf5, 0x61, 0xd9,
  0x02, 0x50, 0x8c, 0x70, 0x50, 0x17, 0x75, 0x50, 0xac, 0x70, 0x50, 0x1f, 0x62, 0x72, 0x50, 0x8b,
  0x50, 0x17, 0x76, 0x50, 0xad, 0x70, 0x50, 0x1f, 0x62, 0x75, 0x50, 0xae, 0x70, 0x50, 0x1f, 0x79,
  0x50, 0xf6, 0x61, 0xd9, 0x02, 0x50, 0x8a, 0x70, 0x50, 0x17, 0x75, 0x50, 0xa0, 0x70, 0x50, 0x20,
  0x62, 0x76, 0x50, 0xa1, 0x50, 0x20, 0x62, 0x75, 0x50, 0x89, 0x50, 0x17, 0x75, 0x50, 0xa2, 0x70,
  0x50, 0x20, 0x75, 0x50, 0xf7, 0x61, 0x67, 0x01, 0x50, 0x97, 0x76, 0x50, 0xb8, 0x61, 0x6e, 0x01,
  0x50, 0x8a, 0x70, 0x50, 0x17, 0x79, 0x50, 0xa1, 0x70, 0x50, 0x20, 0x73, 0x50, 0xb9, 0x61, 0x65,
  0x01, 0x50, 0x9a, 0x78, 0x50, 0xb2, 0x71, 0x50, 0xab, 0x70, 0x50, 0x23, 0x75, 0x50, 0xff, 0x77,
  0x50, 0xd0, 0x71, 0x50, 0xca, 0x70, 0x50, 0x23, 0x61, 0x40, 0x04, 0x50, 0x8b, 0x70, 0x50, 0x17,
  0x7a, 0x50, 0xb3, 0x76, 0x50, 0xdf, 0x62, 0x76, 0x50, 0xd2, 0x61, 0xd9, 0x02, 0x50, 0x8c, 0x70,
  0x50, 0x17, 0x62, 0x78, 0x50, 0x8d, 0x70, 0x50, 0x17, 0x74, 0x50, 0x9b, 0x7b, 0x50, 0xd3, 0x62,
  0x71, 0x50, 0xb4, 0x61, 0xf0, 0x02, 0x50, 0xd4, 0x61, 0xd9, 0x02, 0x50, 0x8c, 0x50, 0x17, 0x62,
  0x79, 0x50, 0x8b, 0x50, 0x17, 0x74, 0x50, 0x9c, 0x62, 0x7d, 0x50, 0xb5, 0x76, 0x50, 0xd5, 0x61,
  0xd9, 0x02, 0x50, 0x8a, 0x70, 0x50, 0x17, 0x61, 0x60, 0x04, 0x50, 0xdf, 0x78, 0x50, 0xd1, 0x61,
  0x68, 0x01, 0x50, 0x89, 0x70, 0x50, 0x17, 0x73, 0x50, 0x9d, 0x7d, 0x50, 0xd2, 0x61, 0xd7, 0x02,
  0x50, 0x8a, 0x70, 0x50, 0x17, 0x7a, 0x50, 0xb6, 0x61, 0xc6, 0x05, 0x50, 0x8b, 0x50, 0x17, 0x62,
  0x7b, 0x50, 0x9e, 0x7d, 0x50, 0xd3, 0x61, 0xd9, 0x02, 0x50, 0x8c, 0x70, 0x50, 0x17, 0x7c, 0x50,
  0xaa, 0x50, 0x23, 0x61, 0xdb, 0x02, 0x50, 0x8d, 0x70, 0x50, 0x17, 0x7a, 0x50, 0xab, 0x50, 0x23,
  0x7b, 0x50, 0xd4, 0x61, 0xda, 0x02, 0x50, 0xad, 0x70, 0x50, 0x23, 0x62, 0x73, 0x50, 0x9f, 0x74,
  0x50, 0xae, 0x70, 0x50, 0x23, 0x62, 0x70, 0x50, 0x8c, 0x50, 0x17, 0x79, 0x50, 0xa0, 0x70, 0x50,
  0x24, 0x7b, 0x50, 0xd5, 0x61, 0xd2, 0x02, 0x50, 0x8b, 0x70, 0x50, 0x17, 0x79, 0x50, 0xa1, 0x50,
  0x24, 0x62, 0x77, 0x50, 0xa0, 0x70, 0x50, 0x24, 0x74, 0x50, 0xe4, 0x70, 0x50, 0xdf, 0x77, 0x50,
  0xf1, 0x70, 0x50, 0xe5, 0x61, 0xd0, 0x02, 0x50, 0x8a, 0x70, 0x50, 0x17, 0x76, 0x50, 0xae, 0x70,
  0x50, 0x23, 0x76, 0x50, 0xff, 0x61, 0xde, 0x02, 0x50, 0xad, 0x70, 0x50, 0x23, 0x76, 0x50, 0xf4,
  0x61, 0xdc, 0x02, 0x50, 0x89, 0x70, 0x50, 0x17, 0x76, 0x50, 0xab, 0x70, 0x50, 0x23, 0x62, 0x71,
  0x50, 0x8a, 0x70, 0x50, 0x17, 0x76, 0x50, 0xaa, 0x50, 0x23, 0x7a, 0x50, 0xf5, 0x61, 0xdb, 0x02,
  0x50, 0xab, 0x70, 0x50, 0x23, 0x62, 0x73, 0x50, 0x8b, 0x50, 0x17, 0x76, 0x50, 0xad, 0x70, 0x50,
  0x23, 0x62, 0x76, 0x50, 0xae, 0x70, 0x50, 0x23, 0x79, 0x50, 0xf6, 0x61, 0xd9, 0x02, 0x50, 0x8c,
  0x70, 0x50, 0x17, 0x76, 0x50, 0xa0, 0x50, 0x24, 0x62, 0x71, 0x50, 0x8d, 0x70, 0x50, 0x17, 0x76,
  0x50, 0xa1, 0x50, 0x24, 0x62, 0x77, 0x50, 0xa0, 0x70, 0x50, 0x24, 0x79, 0x50, 0xf7, 0x61, 0xde,
  0x02, 0x50, 0xae, 0x70, 0x50, 0x23, 0x62, 0x72, 0x50, 0x8c, 0x70, 0x50, 0x17, 0x76, 0x50, 0xad,
  0x70, 0x50, 0x23, 0x75, 0x50, 0xff, 0x76, 0x50, 0xd1, 0x72, 0x50, 0xc8, 0x50, 0x3f, 0x76, 0x50,
  0xd2, 0x61, 0xc9, 0x02, 0x50, 0x8b, 0x70, 0x50, 0x17, 0x76, 0x50, 0xab, 0x70, 0x50, 0x23, 0x62,
  0x76, 0x50, 0xaa, 0x70, 0x50, 0x23, 0x62, 0x73, 0x50, 0x8a, 0x50, 0x17, 0x77, 0x50, 0xab, 0x70,
  0x50, 0x23, 0x62, 0x74, 0x50, 0xad, 0x70, 0x50, 0x23, 0x76, 0x50, 0xd3, 0x61, 0xdc, 0x02, 0x50,
  0x89, 0x70, 0x50, 0x17, 0x76, 0x50, 0xae, 0x50, 0x23, 0x62, 0x72, 0x50, 0x8a, 0x70, 0x50, 0x17,
  0x75, 0x50, 0xa0, 0x70, 0x50, 0x24, 0x76, 0x50, 0xd4, 0x61, 0xde, 0x02, 0x50, 0xa1, 0x70, 0x50,
  0x24, 0x62, 0x74, 0x50, 0x8b, 0x70, 0x50, 0x17, 0x76, 0x50, 0xa0, 0x50, 0x24, 0x62, 0x76, 0x50,
  0xae, 0x50, 0x23, 0x76, 0x50, 0xd5, 0x61, 0xdd, 0x02, 0x50, 0x8c, 0x70, 0x50, 0x17, 0x75, 0x50,
  0xad, 0x70, 0x50, 0x23, 0x61, 0x73, 0x01, 0x50, 0xb8, 0x61, 0x6e, 0x01, 0x50, 0x8d, 0x70, 0x50,
  0x17, 0x75, 0x50, 0xab, 0x70, 0x50, 0x23, 0x74, 0x50, 0xb9, 0x61, 0x6b, 0x01, 0x50, 0x92, 0x71,
  0x50, 0x83, 0x70, 0x50, 0x15, 0x77, 0x50, 0xb2, 0x72, 0x50, 0xa5, 0x70, 0x50, 0x1c, 0x74, 0x50,
  0xdf, 0x77, 0x50, 0xd0, 0x71, 0x50, 0xc9, 0x70, 0x50, 0x38, 0x61, 0x58, 0x01, 0x50, 0x93, 0x62,
  0x73, 0x50, 0x84, 0x70, 0x50, 0x15, 0x73, 0x50, 0x94, 0x76, 0x50, 0xb3, 0x76, 0x50, 0xdf, 0x61,
  0xd7, 0x02, 0x50, 0x83, 0x70, 0x50, 0x15, 0x7f, 0x70, 0x50, 0xd2, 0x61, 0xcf, 0x05, 0x50, 0xd3,
  0x61, 0xda, 0x02, 0x50, 0x82, 0x70, 0x50, 0x15, 0x79, 0x50, 0xb4, 0x62, 0x7d, 0x50, 0xd4, 0x61,
  0xda, 0x02, 0x50, 0x81, 0x70, 0x50, 0x15, 0x61, 0xd4, 0x05, 0x50, 0x95, 0x76, 0x50, 0xb5, 0x75,
  0x50, 0xd5, 0x61, 0xd9, 0x02, 0x50, 0x82, 0x70, 0x50, 0x15, 0x61, 0x64, 0x04, 0x50, 0xd0, 0x61,
  0x6d, 0x01, 0x50, 0x83, 0x70, 0x50, 0x15, 0x61, 0xf3, 0x02, 0x50, 0xb6, 0x77, 0x50, 0xdf, 0x62,
  0x78, 0x50, 0xd2, 0x61, 0xd8, 0x02, 0x50, 0x84, 0x70, 0x50, 0x15, 0x7f, 0x72, 0x50, 0xd3, 0x61,
  0xd6, 0x02, 0x50, 0x83, 0x70, 0x50, 0x15, 0x62, 0x7f, 0x50, 0xa4, 0x50, 0x1c, 0x7b, 0x50, 0xd4,
  0x61, 0xdb, 0x02, 0x50, 0xa5, 0x50, 0x1c, 0x62, 0x74, 0x50, 0x82, 0x70, 0x50, 0x15, 0x75, 0x50,
  0xa6, 0x70, 0x50, 0x1c, 0x62, 0x75, 0x50, 0xa7, 0x70, 0x50, 0x1c, 0x7b, 0x50, 0xd5, 0x61, 0xd8,
  0x02, 0x50, 0x81, 0x70, 0x50, 0x15, 0x75, 0x50, 0xa9, 0x70, 0x50, 0x1c, 0x62, 0x71, 0x50, 0x97,
  0x7c, 0x50, 0xb8, 0x73, 0x50, 0xaa, 0x70, 0x50, 0x1c, 0x73, 0x50, 0xb9, 0x61, 0xd6, 0x02, 0x50,
  0x92, 0x71, 0x50, 0x80, 0x70, 0x50, 0x14, 0x79, 0x50, 0x93, 0x79, 0x50, 0xb2, 0x71, 0x50, 0xab,
  0x70, 0x50, 0x1a, 0x77, 0x50, 0xe4, 0x70, 0x50, 0xdf, 0x77, 0x50, 0xf1, 0x70, 0x50, 0xe5, 0x61,
  0xba, 0x02, 0x50, 0x81, 0x70, 0x50, 0x14, 0x74, 0x50, 0x94, 0x76, 0x50, 0xb3, 0x76, 0x50, 0xff,
  0x61, 0xd6, 0x02, 0x50, 0x80, 0x70, 0x50, 0x14, 0x7f, 0x70, 0x50, 0xf4, 0x61, 0xd3, 0x05, 0x50,
  0xf5, 0x61, 0xd6, 0x02, 0x50, 0x8f, 0x70, 0x50, 0x13, 0x7a, 0x50, 0xb4, 0x61, 0xc6, 0x05, 0x50,
  0x8e, 0x70, 0x50, 0x13, 0x7f, 0x74, 0x50, 0xf6, 0x61, 0xc0, 0x05, 0x50, 0x95, 0x76, 0x50, 0xb5,
  0x61, 0xde, 0x02, 0x50, 0x8f, 0x70, 0x50, 0x13, 0x7f, 0x75, 0x50, 0xf7, 0x61, 0x4e, 0x04, 0x50,
  0xf1, 0x70, 0x50, 0xe5, 0x61, 0x6c, 0x01, 0x50, 0x80, 0x70, 0x50, 0x14, 0x61, 0xf2, 0x02, 0x50,
  0xb6, 0x75, 0x50, 0xff, 0x62, 0x79, 0x50, 0xf4, 0x61, 0xd9, 0x02, 0x50, 0x81, 0x70, 0x50, 0x14,
  0x62, 0x79, 0x50, 0x80, 0x70, 0x50, 0x14, 0x7c, 0x50, 0xf5, 0x62, 0x71, 0x50, 0xaa, 0x70, 0x50,
  0x1a, 0x62, 0x76, 0x50, 0xab, 0x70, 0x50, 0x1a, 0x62, 0x74, 0x50, 0x8f, 0x70, 0x50, 0x13, 0x74,
  0x50, 0xac, 0x70, 0x50, 0x1a, 0x75, 0x50, 0xf6, 0x62, 0x70, 0x50, 0xad, 0x70, 0x50, 0x1a, 0x62,
  0x74, 0x50, 0x8e, 0x70, 0x50, 0x13, 0x75, 0x50, 0xae, 0x50, 0x1a, 0x62, 0x76, 0x50, 0xa0, 0x70,
  0x50, 0x1b, 0x75, 0x50, 0xf7, 0x61, 0x6a, 0x01, 0x50, 0x97, 0x75, 0x50, 0xb8, 0x61, 0x77, 0x01,
  0x50, 0xae, 0x70, 0x50, 0x1a, 0x73, 0x50, 0xb9, 0x61, 0x6a, 0x01, 0x50, 0x92, 0x71, 0x50, 0x8b,
  0x70, 0x50, 0x1a, 0x79, 0x50, 0xb2, 0x71, 0x50, 0xab, 0x70, 0x50, 0x23, 0x77, 0x50, 0xff, 0x76,
  0x50, 0xd0, 0x71, 0x50, 0xc6, 0x70, 0x50, 0x35, 0x61, 0x52, 0x01, 0x50, 0x8c, 0x70, 0x50, 0x1a,
  0x74, 0x50, 0x93, 0x62, 0x73, 0x50, 0x94, 0x76, 0x50, 0xb3, 0x76, 0x50, 0xdf, 0x62, 0x79, 0x50,
  0xd2, 0x61, 0xd9, 0x02, 0x50, 0x8b, 0x70, 0x50, 0x1a, 0x62, 0x78, 0x50, 0x8a, 0x70, 0x50, 0x1a,
  0x7f, 0x70, 0x50, 0xd3, 0x62, 0x70, 0x50, 0xb4, 0x62, 0x70, 0x50, 0x89, 0x70, 0x50, 0x1a, 0x7f,
  0x70, 0x50, 0xd4, 0x61, 0xc1, 0x05, 0x50, 0x88, 0x70, 0x50, 0x1a, 0x62, 0x78, 0x50, 0x89, 0x70,
  0x50, 0x1a, 0x74, 0x50, 0x95, 0x76, 0x50, 0xb5, 0x7a, 0x50, 0xd5, 0x61, 0xba, 0x05, 0x50, 0x8a,
  0x70, 0x50, 0x1a, 0x7f, 0x50, 0xdf, 0x77, 0x50, 0xd1, 0x79, 0x50, 0xd2, 0x61, 0xaf, 0x05, 0x50,
  0x8b, 0x70, 0x50, 0x1a, 0x7b, 0x50, 0xb6, 0x61, 0xdd, 0x02, 0x50, 0x8c, 0x50, 0x1a, 0x61, 0xfa,
  0x02, 0x50, 0xd3, 0x61, 0xc1, 0x05, 0x50, 0x8b, 0x70, 0x50, 0x1a, 0x77, 0x50, 0xaa, 0x70, 0x50,
  0x23, 0x7b, 0x50, 0xd4, 0x61, 0xd3, 0x02, 0x50, 0x8a, 0x70, 0x50, 0x1a, 0x75, 0x50, 0xab, 0x70,
  0x50, 0x23, 0x62, 0x76, 0x50, 0xad, 0x50, 0x23, 0x62, 0x74, 0x50, 0x89, 0x70, 0x50, 0x1a, 0x75,
  0x50, 0xae, 0x70, 0x50, 0x23, 0x7b, 0x50, 0xd5, 0x61, 0xda, 0x02, 0x50, 0xa0, 0x70, 0x50, 0x24,
  0x62, 0x73, 0x50, 0x88, 0x70, 0x50, 0x1a, 0x75, 0x50, 0xa1, 0x70, 0x50, 0x24, 0x62, 0x72, 0x50,
  0x89, 0x70, 0x50, 0x1a, 0x76, 0x50, 0xa0, 0x50, 0x24, 0x75, 0x50, 0xe4, 0x70, 0x50, 0xdf, 0x76,
  0x50, 0xf1, 0x70, 0x50, 0xe5, 0x61, 0xd6, 0x02, 0x50, 0xae, 0x70, 0x50, 0x23, 0x76, 0x50, 0xff,
  0x61, 0xdd, 0x02, 0x50, 0x8a, 0x70, 0x50, 0x1a, 0x75, 0x50, 0xad, 0x70, 0x50, 0x23, 0x76, 0x50,
  0xf4, 0x61, 0xde, 0x02, 0x50, 0xab, 0x70, 0x50, 0x23, 0x62, 0x74, 0x50, 0x8b, 0x70, 0x50, 0x1a,
  0x75, 0x50, 0xaa, 0x70, 0x50, 0x23, 0x79, 0x50, 0xf5, 0x61, 0xd7, 0x02, 0x50, 0x8c, 0x70, 0x50,
  0x1a, 0x76, 0x50, 0xab, 0x50, 0x23, 0x62, 0x76, 0x50, 0xad, 0x70, 0x50, 0x23, 0x62, 0x77, 0x50,
  0xae, 0x70, 0x50, 0x23, 0x75, 0x50, 0xf6, 0x61, 0xde, 0x02, 0x50, 0x8b, 0x70, 0x50, 0x1a, 0x75,
  0x50, 0xa0, 0x50, 0x24, 0x62, 0x72, 0x50, 0x8a, 0x70, 0x50, 0x1a, 0x75, 0x50, 0xa1, 0x50, 0x24,
  0x62, 0x77, 0x50, 0xa0, 0x70, 0x50, 0x24, 0x75, 0x50, 0xf7, 0x61, 0xdd, 0x02, 0x50, 0x89, 0x70,
  0x50, 0x1a, 0x75, 0x50, 0xae, 0x70, 0x50, 0x23, 0x61, 0x73, 0x01, 0x50, 0xff, 0x76, 0x50, 0xd1,
  0x71, 0x50, 0xc9, 0x70, 0x50, 0x38, 0x61, 0x69, 0x01, 0x50, 0xad, 0x50, 0x23, 0x77, 0x50, 0xd2,
  0x61, 0xdd, 0x02, 0x50, 0x88, 0x50, 0x1a, 0x75, 0x50, 0xab, 0x70, 0x50, 0x23, 0x62, 0x72, 0x50,
  0x89, 0x70, 0x50, 0x1a, 0x75, 0x50, 0xaa, 0x50, 0x23, 0x62, 0x76, 0x50, 0xab, 0x70, 0x50, 0x23,
  0x62, 0x74, 0x50, 0x8a, 0x70, 0x50, 0x1a, 0x74, 0x50, 0xad, 0x70, 0x50, 0x23, 0x76, 0x50, 0xd3,
  0x62, 0x50, 0xae, 0x70, 0x50, 0x23, 0x62, 0x74, 0x50, 0x8b, 0x70, 0x50, 0x1a, 0x75, 0x50, 0xa0,
  0x50, 0x24, 0x76, 0x50, 0xd4, 0x61, 0xdb, 0x02, 0x50, 0x8c, 0x70, 0x50, 0x1a, 0x75, 0x50, 0xa1,
  0x70, 0x50, 0x24, 0x62, 0x76, 0x50, 0xa0, 0x70, 0x50, 0x24, 0x62, 0x78, 0x50, 0xae, 0x70, 0x50,
  0x23, 0x76, 0x50, 0xd5, 0x61, 0xdd, 0x02, 0x50, 0x8b, 0x50, 0x1a, 0x75, 0x50, 0xad, 0x70, 0x50,
  0x23, 0x61, 0x6d, 0x01, 0x50, 0x97, 0x61, 0x75, 0x01, 0x50, 0x8a, 0x70, 0x50, 0x1a, 0x78, 0x50,
  0xab, 0x70, 0x50, 0x23, 0x61, 0x6c, 0x01, 0x50, 0x92, 0x72, 0x50, 0x8d, 0x70, 0x50, 0x11, 0x76,
  0x50, 0xdf, 0x77, 0x50, 0xd0, 0x71, 0x50, 0xc8, 0x70, 0x50, 0x3f, 0x61, 0x62, 0x01, 0x50, 0x93,
  0x74, 0x50, 0xaa, 0x70, 0x50, 0x23, 0x61, 0xdd, 0x02, 0x50, 0x8e, 0x70, 0x50, 0x11, 0x73, 0x50,
  0x94, 0x75, 0x50, 0xab, 0x70, 0x50, 0x23, 0x76, 0x50, 0xdf, 0x61, 0xd7, 0x02, 0x50, 0x8d, 0x50,
  0x11, 0x79, 0x50, 0xad, 0x70, 0x50, 0x23, 0x76, 0x50, 0xd2, 0x61, 0xde, 0x02, 0x50, 0xae, 0x70,
  0x50, 0x23, 0x62, 0x79, 0x50, 0xa0, 0x70, 0x50, 0x24, 0x7a, 0x50, 0xd3, 0x61, 0xd5, 0x02, 0x50,
  0x8c, 0x70, 0x50, 0x11, 0x79, 0x50, 0xa1, 0x50, 0x24, 0x62, 0x77, 0x50, 0xa0, 0x70, 0x50, 0x24,
  0x7a, 0x50, 0xd4, 0x61, 0xdc, 0x02, 0x50, 0xae, 0x70, 0x50, 0x23, 0x62, 0x70, 0x50, 0x8b, 0x70,
  0x50, 0x11, 0x79, 0x50, 0xad, 0x70, 0x50, 0x23, 0x61, 0xde, 0x02, 0x50, 0x8c, 0x70, 0x50, 0x11,
  0x73, 0x50, 0x95, 0x75, 0x50, 0xab, 0x50, 0x23, 0x7b, 0x50, 0xd5, 0x61, 0xda, 0x02, 0x50, 0xaa,
  0x70, 0x50, 0x23, 0x62, 0x78, 0x50, 0xab, 0x70, 0x50, 0x23, 0x78, 0x50, 0xd0, 0x61, 0xd7, 0x02,
  0x50, 0x8d, 0x50, 0x11, 0x79, 0x50, 0xad, 0x70, 0x50, 0x23, 0x78, 0x50, 0xdf, 0x61, 0xdd, 0x02,
  0x50, 0xae, 0x70, 0x50, 0x23, 0x77, 0x50, 0xd2, 0x62, 0x70, 0x50, 0xa0, 0x70, 0x50, 0x24, 0x62,
  0x70, 0x50, 0x8e, 0x70, 0x50, 0x11, 0x75, 0x50, 0xa1, 0x70, 0x50, 0x24, 0x7a, 0x50, 0xd3, 0x61,
  0xd7, 0x02, 0x50, 0x8d, 0x50, 0x11, 0x76, 0x50, 0xa0, 0x70, 0x50, 0x24, 0x62, 0x75, 0x50, 0xae,
  0x70, 0x50, 0x23, 0x7a, 0x50, 0xd4, 0x61, 0xdd, 0x02, 0x50, 0xad, 0x70, 0x50, 0x23, 0x62, 0x73,
  0x50, 0x8c, 0x70, 0x50, 0x11, 0x75, 0x50, 0xab, 0x70, 0x50, 0x23, 0x62, 0x76, 0x50, 0xaa, 0x70,
  0x50, 0x23, 0x7b, 0x50, 0xd5, 0x61, 0xdd, 0x02, 0x50, 0xab, 0x70, 0x50, 0x23, 0x62, 0x73, 0x50,
  0x8b, 0x70, 0x50, 0x11, 0x75, 0x50, 0xad, 0x70, 0x50, 0x23, 0x62, 0x71, 0x50, 0x8c, 0x70, 0x50,
  0x11, 0x75, 0x50, 0xae, 0x70, 0x50, 0x23, 0x75, 0x50, 0xe4, 0x70, 0x50, 0xdf, 0x76, 0x50, 0xf1,
  0x70, 0x50, 0xe5, 0x61, 0xd7, 0x02, 0x50, 0xa0, 0x50, 0x24, 0x77, 0x50, 0xff, 0x62, 0x71, 0x50,
  0xa1, 0x50, 0x24, 0x76, 0x50, 0xf4, 0x61, 0xdd, 0x02, 0x50, 0x8d, 0x70, 0x50, 0x11, 0x75, 0x50,
  0xa0, 0x70, 0x50, 0x24, 0x62, 0x75, 0x50, 0xae, 0x70, 0x50, 0x23, 0x75, 0x50, 0xf5, 0x62, 0x72,
  0x50, 0xad, 0x70, 0x50, 0x23, 0x62, 0x74, 0x50, 0x8e, 0x70, 0x50, 0x11, 0x75, 0x50, 0xab, 0x50,
  0x23, 0x62, 0x73, 0x50, 0x8d, 0x70, 0x50, 0x11, 0x74, 0x50, 0xaa, 0x70, 0x50, 0x23, 0x75, 0x50,
  0xf6, 0x62, 0x70, 0x50, 0xab, 0x70, 0x50, 0x23, 0x62, 0x78, 0x50, 0xad, 0x50, 0x23, 0x62, 0x75,
  0x50, 0x8c, 0x50, 0x11, 0x75, 0x50, 0xae, 0x70, 0x50, 0x23, 0x75, 0x50, 0xf7, 0x62, 0x70, 0x50,
  0xa0, 0x70, 0x50, 0x24, 0x61, 0x76, 0x01, 0x50, 0xf1, 0x71, 0x50, 0xe5, 0x61, 0x70, 0x01, 0x50,
  0xa1, 0x70, 0x50, 0x24, 0x62, 0x74, 0x50, 0x8b, 0x70, 0x50, 0x11, 0x75, 0x50, 0xa0, 0x70, 0x50,
  0x24, 0x76, 0x50, 0xff, 0x61, 0xdb, 0x02, 0x50, 0x8c, 0x50, 0x11, 0x75, 0x50, 0xae, 0x70, 0x50,
  0x23, 0x75, 0x50, 0xf4, 0x62, 0x50, 0xad, 0x70, 0x50, 0x23, 0x62, 0x78, 0x50, 0xab, 0x70, 0x50,
  0x23, 0x75, 0x50, 0xf5, 0x61, 0xde, 0x02, 0x50, 0x8d, 0x70, 0x50, 0x11, 0x75, 0x50, 0xaa, 0x70,
  0x50, 0x23, 0x62, 0x76, 0x50, 0xab, 0x70, 0x50, 0x23, 0x62, 0x78, 0x50, 0xad, 0x50, 0x23, 0x76,
  0x50, 0xf6, 0x61, 0xde, 0x02, 0x50, 0x8e, 0x70, 0x50, 0x11, 0x74, 0x50, 0xae, 0x70, 0x50, 0x23,
  0x62, 0x72, 0x50, 0x8d, 0x70, 0x50, 0x11, 0x75, 0x50, 0xa0, 0x70, 0x50, 0x24, 0x62, 0x75, 0x50,
  0xa1, 0x70, 0x50, 0x24, 0x75, 0x50, 0xf7, 0x61, 0x6c, 0x01, 0x50, 0xb8, 0x61, 0x77, 0x01, 0x50,
  0xa0, 0x50, 0x24, 0x74, 0x50, 0xb9, 0x61, 0x71, 0x01, 0x50, 0xb2, 0x71, 0x50, 0xad, 0x70, 0x50,
  0x11, 0x75, 0x50, 0xff, 0x77, 0x50, 0xd0, 0x71, 0x50, 0xc0, 0x70, 0x50, 0x28, 0x61, 0x5b, 0x01,
  0x50, 0x8c, 0x50, 0x11, 0x62, 0x7f, 0x50, 0xb3, 0x77, 0x50, 0xdf, 0x62, 0x78, 0x50, 0xd2, 0x61,
  0xdc, 0x02, 0x50, 0x8b, 0x70, 0x50, 0x11, 0x7f, 0x71, 0x50, 0xd3, 0x61, 0xd7, 0x02, 0x50, 0x8c,
  0x50, 0x11, 0x62, 0x7e, 0x50, 0xb4, 0x7a, 0x50, 0xd4, 0x61, 0xc2, 0x05, 0x50, 0x8d, 0x50, 0x11,
  0x61, 0xfa, 0x02, 0x50, 0xd5, 0x61, 0xde, 0x02, 0x50, 0xb5, 0x62, 0x73, 0x50, 0x8e, 0x70, 0x50,
  0x11, 0x62, 0x78, 0x50, 0x8d, 0x70, 0x50, 0x11, 0x7c, 0x50, 0xdf, 0x77, 0x50, 0xd1, 0x78, 0x50,
  0xd2, 0x61, 0xb9, 0x05, 0x50, 0xb6, 0x62, 0x73, 0x50, 0x8c, 0x70, 0x50, 0x11, 0x61, 0xf9, 0x02,
  0x50, 0xd3, 0x61, 0xc2, 0x05, 0x50, 0x8b, 0x50, 0x11, 0x78, 0x50, 0xac, 0x70, 0x50, 0x11, 0x7b,
  0x50, 0xd4, 0x61, 0xd3, 0x02, 0x50, 0x8c, 0x70, 0x50, 0x11, 0x76, 0x50, 0xad, 0x70, 0x50, 0x11,
  0x62, 0x74, 0x50, 0xae, 0x70, 0x50, 0x11, 0x62, 0x78, 0x50, 0xaf, 0x70, 0x50, 0x11, 0x7b, 0x50,
  0xd5, 0x61, 0xd8, 0x02, 0x50, 0x8d, 0x70, 0x50, 0x11, 0x62, 0x7c, 0x50, 0xa0, 0x70, 0x50, 0x12,
  0x61, 0x73, 0x01, 0x50, 0xe4, 0x70, 0x50, 0xdf, 0x77, 0x50, 0xf1, 0x70, 0x50, 0xe5, 0x61, 0x6b,
  0x01, 0x50, 0xaf, 0x70, 0x50, 0x11, 0x62, 0x74, 0x50, 0x8e, 0x70, 0x50, 0x11, 0x7a, 0x50, 0xff,
  0x61, 0xde, 0x02, 0x50, 0x8d, 0x50, 0x11, 0x75, 0x50, 0xae, 0x70, 0x50, 0x11, 0x75, 0x50, 0xf4,
  0x62, 0x50, 0xad, 0x70, 0x50, 0x11, 0x62, 0x78, 0x50, 0xac, 0x70, 0x50, 0x11, 0x75, 0x50, 0xf5,
  0x61, 0xde, 0x02, 0x50, 0x8c, 0x70, 0x50, 0x11, 0x75, 0x50, 0xad, 0x70, 0x50, 0x11, 0x62, 0x76,
  0x50, 0xae, 0x50, 0x11, 0x62, 0x79, 0x50, 0xaf, 0x50, 0x11, 0x76, 0x50, 0xf6, 0x61, 0xde, 0x02,
  0x50, 0x8b, 0x70, 0x50, 0x11, 0x62, 0x78, 0x50, 0x8c, 0x70, 0x50, 0x11, 0x75, 0x50, 0xa0, 0x70,
  0x50, 0x12, 0x62, 0x75, 0x50, 0xaf, 0x70, 0x50, 0x11, 0x75, 0x50, 0xf7, 0x61, 0x58, 0x04, 0x50,
  0xff, 0x77, 0x50, 0xd1, 0x71, 0x50, 0xc6, 0x70, 0x50, 0x2a, 0x61, 0x64, 0x01, 0x50, 0x8d, 0x70,
  0x50, 0x11, 0x75, 0x50, 0xae, 0x70, 0x50, 0x11, 0x76, 0x50, 0xd2, 0x61, 0xde, 0x02, 0x50, 0xad,
  0x70, 0x50, 0x11, 0x62, 0x78, 0x50, 0xac, 0x70, 0x50, 0x11, 0x62, 0x75, 0x50, 0x8e, 0x50, 0x11,
  0x76, 0x50, 0xad, 0x50, 0x11, 0x62, 0x72, 0x50, 0x8d, 0x70, 0x50, 0x11, 0x75, 0x50, 0xae, 0x50,
  0x11, 0x76, 0x50, 0xd3, 0x62, 0x50, 0xaf, 0x70, 0x50, 0x11, 0x62, 0x7d, 0x50, 0xd4, 0x62, 0x71,
  0x50, 0x8c, 0x50, 0x11, 0x75, 0x50, 0xa0, 0x70, 0x50, 0x12, 0x62, 0x77, 0x50, 0xaf, 0x50, 0x11,
  0x61, 0xf2, 0x02, 0x50, 0xd5, 0x61, 0xdb, 0x02, 0x50, 0x97, 0x73, 0x50, 0x8b, 0x70, 0x50, 0x11,
  0x79, 0x50, 0xb8, 0x73, 0x50, 0xae, 0x70, 0x50, 0x11, 0x73, 0x50, 0xb9, 0x61, 0xd4, 0x02, 0x50,
  0x92, 0x71, 0x50, 0x83, 0x70, 0x50, 0x15, 0x79, 0x50, 0x93, 0x77, 0x50, 0xb2, 0x72, 0x50, 0xab,
  0x50, 0x1a, 0x78, 0x50, 0xdf, 0x77, 0x50, 0xd0, 0x71, 0x50, 0xc9, 0x70, 0x50, 0x2f, 0x61, 0xba,
  0x02, 0x50, 0x84, 0x70, 0x50, 0x15, 0x73, 0x50, 0x94, 0x76, 0x50, 0xb3, 0x77, 0x50, 0xdf, 0x61,
  0xd6, 0x02, 0x50, 0x83, 0x50, 0x15, 0x7f, 0x72, 0x50, 0xd2, 0x61, 0xd3, 0x05, 0x50, 0xd3, 0x61,
  0xd4, 0x02, 0x50, 0x82, 0x70, 0x50, 0x15, 0x7b, 0x50, 0xb4, 0x61, 0xf1, 0x02, 0x50, 0xd4, 0x61,
  0xd5, 0x02, 0x50, 0x81, 0x70, 0x50, 0x15, 0x61, 0xd4, 0x05, 0x50, 0x95, 0x76, 0x50, 0xb5, 0x7a,
  0x50, 0xd5, 0x61, 0xd4, 0x02, 0x50, 0x82, 0x70, 0x50, 0x15, 0x61, 0xd1, 0x05, 0x50, 0x83, 0x70,
  0x50, 0x15, 0x7f, 0x73, 0x50, 0xd0, 0x61, 0xde, 0x02, 0x50, 0xb6, 0x77, 0x50, 0xdf, 0x62, 0x79,
  0x50, 0xd2, 0x61, 0xd8, 0x02, 0x50, 0x84, 0x50, 0x15, 0x62, 0x79, 0x50, 0x83, 0x70, 0x50, 0x15,
  0x7f, 0x72, 0x50, 0xd3, 0x61, 0xdc, 0x02, 0x50, 0xaa, 0x70, 0x50, 0x1a, 0x62, 0x75, 0x50, 0xab,
  0x70, 0x50, 0x1a, 0x76, 0x50, 0xd4, 0x61, 0xdd, 0x02, 0x50, 0x82, 0x50, 0x15, 0x75, 0x50, 0xac,
  0x70, 0x50, 0x1a, 0x62, 0x76, 0x50, 0xad, 0x70, 0x50, 0x1a, 0x62, 0x74, 0x50, 0x81, 0x70, 0x50,
  0x15, 0x74, 0x50, 0xae, 0x70, 0x50, 0x1a, 0x76, 0x50, 0xd5, 0x62, 0x50, 0xa0, 0x70, 0x50, 0x1b,
  0x61, 0x70, 0x01, 0x50, 0x97, 0x75, 0x50, 0xb8, 0x61, 0x77, 0x01, 0x50, 0xae, 0x70, 0x50, 0x1a,
  0x73, 0x50, 0xb9, 0x61, 0x6a, 0x01, 0x50, 0x92, 0x71, 0x50, 0x80, 0x70, 0x50, 0x14, 0x78, 0x50,
  0xb2, 0x71, 0x50, 0xad, 0x70, 0x50, 0x17, 0x74, 0x50, 0xe4, 0x70, 0x50, 0xdf, 0x76, 0x50, 0xf1,
  0x71, 0x50, 0xe5, 0x61, 0x59, 0x01, 0x50, 0x93, 0x62, 0x73, 0x50, 0x81, 0x70, 0x50, 0x14, 0x74,
  0x50, 0x94, 0x75, 0x50, 0xb3, 0x76, 0x50, 0xff, 0x61, 0xd7, 0x02, 0x50, 0x80, 0x70, 0x50, 0x14,
  0x7f, 0x70, 0x50, 0xf4, 0x61, 0xcf, 0x05, 0x50, 0xf5, 0x61, 0xda, 0x02, 0x50, 0x8f, 0x70, 0x50,
  0x13, 0x7a, 0x50, 0xb4, 0x61, 0xc6, 0x05, 0x50, 0x8e, 0x70, 0x50, 0x13, 0x7f, 0x50, 0xf6, 0x61,
  0xc4, 0x05, 0x50, 0x95, 0x76, 0x50, 0xb5, 0x62, 0x50, 0x8f, 0x70, 0x50, 0x13, 0x7f, 0x70, 0x50,
  0xf7, 0x61, 0x53, 0x04, 0x50, 0xf1, 0x70, 0x50, 0xe5, 0x61, 0x6d, 0x01, 0x50, 0x80, 0x50, 0x14,
  0x61, 0xf2, 0x02, 0x50, 0xb6, 0x75, 0x50, 0xff, 0x62, 0x79, 0x50, 0xf4, 0x61, 0xda, 0x02, 0x50,
  0x81, 0x70, 0x50, 0x14, 0x7f, 0x71, 0x50, 0xf5, 0x61, 0xd7, 0x02, 0x50, 0x80, 0x70, 0x50, 0x14,
  0x62, 0x7f, 0x50, 0xac, 0x70, 0x50, 0x17, 0x62, 0x76, 0x50, 0xad, 0x70, 0x50, 0x17, 0x79, 0x50,
  0xf6, 0x61, 0xd9, 0x02, 0x50, 0x8f, 0x70, 0x50, 0x13, 0x75, 0x50, 0xae, 0x70, 0x50, 0x17, 0x62,
  0x76, 0x50, 0xaf, 0x50, 0x17, 0x62, 0x74, 0x50, 0x8e, 0x70, 0x50, 0x13, 0x75, 0x50, 0xa0, 0x70,
  0x50, 0x18, 0x79, 0x50, 0xf7, 0x61, 0xd7, 0x02, 0x50, 0x97, 0x7c, 0x50, 0xb8, 0x73, 0x50, 0xa1,
  0x70, 0x50, 0x18, 0x73, 0x50, 0xb9, 0x61, 0xd6, 0x02, 0x50, 0x92, 0x71, 0x50, 0x8c, 0x70, 0x50,
  0x17, 0x76, 0x50, 0x8d, 0x70, 0x50, 0x17, 0x74, 0x50, 0x93, 0x78, 0x50, 0xb2, 0x72, 0x50, 0xad,
  0x50, 0x1f, 0x79, 0x50, 0xff, 0x76, 0x50, 0xd0, 0x61, 0xbc, 0x02, 0x50, 0x94, 0x76, 0x50, 0xb3,
  0x77, 0x50, 0xdf, 0x62, 0x79, 0x50, 0xd2, 0x61, 0xd8, 0x02, 0x50, 0x8c, 0x70, 0x50, 0x17, 0x62,
  0x78, 0x50, 0x8b, 0x70, 0x50, 0x17, 0x7f, 0x75, 0x50, 0xd3, 0x61, 0xdc, 0x02, 0x50, 0xb4, 0x62,
  0x50, 0x8a, 0x70, 0x50, 0x17, 0x7f, 0x75, 0x50, 0xd4, 0x61, 0xbb, 0x05, 0x50, 0x89, 0x70, 0x50,
  0x17, 0x62, 0x79, 0x50, 0x8a, 0x70, 0x50, 0x17, 0x73, 0x50, 0x95, 0x76, 0x50, 0xb5, 0x7a, 0x50,
  0xd5, 0x61, 0xbb, 0x05, 0x50, 0x8b, 0x50, 0x17, 0x61, 0xf7, 0x02, 0x50, 0xdf, 0x77, 0x50, 0xd1,
  0x79, 0x50, 0xd2, 0x61, 0xc9, 0x02, 0x50, 0x8c, 0x70, 0x50, 0x17, 0x7a, 0x50, 0xb6, 0x61, 0xdc,
  0x02, 0x50, 0x8d, 0x70, 0x50, 0x17, 0x61, 0xde, 0x05, 0x50, 0xd3, 0x61, 0xdd, 0x02, 0x50, 0x8c,
  0x70, 0x50, 0x17, 0x77, 0x50, 0xac, 0x70, 0x50, 0x1f, 0x62, 0x50, 0x8b, 0x70, 0x50, 0x17, 0x75,
  0x50, 0xad, 0x70, 0x50, 0x1f, 0x76, 0x50, 0xd4, 0x61, 0xde, 0x02, 0x50, 0xae, 0x70, 0x50, 0x1f,
  0x62, 0x74, 0x50, 0x8a, 0x70, 0x50, 0x17, 0x75, 0x50, 0xa0, 0x50, 0x20, 0x62, 0x76, 0x50, 0xa1,
  0x70, 0x50, 0x20, 0x76, 0x50, 0xd5, 0x61, 0xdd, 0x02, 0x50, 0x89, 0x70, 0x50, 0x17, 0x75, 0x50,
  0xa2, 0x70, 0x50, 0x20, 0x62, 0x72, 0x50, 0x8a, 0x70, 0x50, 0x17, 0x75, 0x50, 0xa1, 0x70, 0x50,
  0x20, 0x61, 0x70, 0x01, 0x50, 0xe4, 0x70, 0x50, 0xdf, 0x76, 0x50, 0xf1, 0x70, 0x50, 0xe5, 0x61,
  0x6c, 0x01, 0x50, 0xa0, 0x50, 0x20, 0x62, 0x75, 0x50, 0x8b, 0x70, 0x50, 0x17, 0x74, 0x50, 0xae,
  0x70, 0x50, 0x1f, 0x76, 0x50, 0xff, 0x62, 0x50, 0xad, 0x70, 0x50, 0x1f, 0x75, 0x50, 0xf4, 0x61,
  0xde, 0x02, 0x50, 0x8c, 0x70, 0x50, 0x17, 0x74, 0x50, 0xac, 0x70, 0x50, 0x1f, 0x62, 0x72, 0x50,
  0x8d, 0x70, 0x50, 0x17, 0x75, 0x50, 0xad, 0x70, 0x50, 0x1f, 0x75, 0x50, 0xf5, 0x62, 0x50, 0xae,
  0x70, 0x50, 0x1f, 0x62, 0x79, 0x50, 0xa0, 0x70, 0x50, 0x20, 0x62, 0x73, 0x50, 0x8c, 0x70, 0x50,
  0x17, 0x75, 0x50, 0xa1, 0x70, 0x50, 0x20, 0x75, 0x50, 0xf6, 0x61, 0xdb, 0x02, 0x50, 0x8b, 0x70,
  0x50, 0x17, 0x75, 0x50, 0xa2, 0x70, 0x50, 0x20, 0x62, 0x76, 0x50, 0xa1, 0x70, 0x50, 0x20, 0x62,
  0x74, 0x50, 0x8a, 0x70, 0x50, 0x17, 0x74, 0x50, 0xa0, 0x70, 0x50, 0x20, 0x75, 0x50, 0xf7, 0x62,
  0x71, 0x50, 0xae, 0x70, 0x50, 0x1f, 0x75, 0x50, 0xff, 0x76, 0x50, 0xd1, 0x71, 0x50, 0xc6, 0x70,
  0x50, 0x35, 0x75, 0x50, 0xd2, 0x61, 0xcd, 0x02, 0x50, 0x89, 0x70, 0x50, 0x17, 0x75, 0x50, 0xad,
  0x70, 0x50, 0x1f, 0x62, 0x72, 0x50, 0x8a, 0x70, 0x50, 0x17, 0x75, 0x50, 0xac, 0x70, 0x50, 0x1f,
  0x62, 0x76, 0x50, 0xad, 0x50, 0x1f, 0x62, 0x74, 0x50, 0x8b, 0x70, 0x50, 0x17, 0x75, 0x50, 0xae,
  0x50, 0x1f, 0x7b, 0x50, 0xd3, 0x61, 0xda, 0x02, 0x50, 0xa0, 0x70, 0x50, 0x20, 0x62, 0x74, 0x50,
  0x8c, 0x70, 0x50, 0x17, 0x75, 0x50, 0xa1, 0x70, 0x50, 0x20, 0x7a, 0x50, 0xd4, 0x61, 0xd6, 0x02,
  0x50, 0x8d, 0x70, 0x50, 0x17, 0x75, 0x50, 0xa2, 0x70, 0x50, 0x20, 0x62, 0x76, 0x50, 0xa1, 0x70,
  0x50, 0x20, 0x62, 0x78, 0x50, 0xa0, 0x70, 0x50, 0x20, 0x7b, 0x50, 0xd5, 0x61, 0xd7, 0x02, 0x50,
  0x8c, 0x70, 0x50, 0x17, 0x75, 0x50, 0xae, 0x70, 0x50, 0x1f, 0x62, 0x71, 0x50, 0x97, 0x74, 0x50,
  0x8b, 0x70, 0x50, 0x17, 0x78, 0x50, 0xb8, 0x74, 0x50, 0xad, 0x70, 0x50, 0x1f, 0x73, 0x50, 0xb9,
  0x61, 0xd3, 0x02, 0x50, 0x92, 0x72, 0x50, 0x8e, 0x50, 0x0f, 0x7a, 0x50, 0x93, 0x78, 0x50, 0xb2,
  0x71, 0x50, 0xa0, 0x70, 0x50, 0x14, 0x79, 0x50, 0xdf, 0x77, 0x50, 0xd0, 0x71, 0x50, 0xc9, 0x70,
  0x50, 0x38, 0x61, 0xb8, 0x02, 0x50, 0x8f, 0x70, 0x50, 0x0f, 0x73, 0x50, 0x94, 0x76, 0x50, 0xb3,
  0x77, 0x50, 0xdf, 0x61, 0xd5, 0x02, 0x50, 0x8e, 0x70, 0x50, 0x0f, 0x7f, 0x72, 0x50, 0xd2, 0x61,
  0xd3, 0x05, 0x50, 0xd3, 0x61, 0xd4, 0x02, 0x50, 0x8d, 0x70, 0x50, 0x0f, 0x7a, 0x50, 0xb4, 0x61,
  0xf2, 0x02, 0x50, 0xd4, 0x62, 0x62, 0x50, 0x8c, 0x50, 0x0f, 0x62, 0x79, 0x50, 0x8d, 0x70, 0x50,
  0x0f, 0x73, 0x50, 0x95, 0x77, 0x50, 0xb5, 0x7a, 0x50, 0xd5, 0x61, 0x35, 0x07, 0x50, 0xd0, 0x61,
  0x6e, 0x01, 0x50, 0x8e, 0x50, 0x0f, 0x61, 0xf2, 0x02, 0x50, 0xb6, 0x76, 0x50, 0xdf, 0x62, 0x79,
  0x50, 0xd2, 0x61, 0xd9, 0x02, 0x50, 0x8f, 0x70, 0x50, 0x0f, 0x62, 0x79, 0x50, 0x8e, 0x50, 0x0f,
  0x7d, 0x50, 0xd3, 0x62, 0x71, 0x50, 0xaf, 0x70, 0x50, 0x13, 0x62, 0x76, 0x50, 0xa0, 0x70, 0x50,
  0x14, 0x75, 0x50, 0xd4, 0x61, 0xdd, 0x02, 0x50, 0x8d, 0x70, 0x50, 0x0f, 0x75, 0x50, 0xa1, 0x70,
  0x50, 0x14, 0x62, 0x76, 0x50, 0xa2, 0x50, 0x14, 0x62, 0x79, 0x50, 0xa3, 0x50, 0x14, 0x76, 0x50,
  0xd5, 0x61, 0xde, 0x02, 0x50, 0x8c, 0x70, 0x50, 0x0f, 0x62, 0x78, 0x50, 0x8d, 0x70, 0x50, 0x0f,
  0x61, 0x77, 0x01, 0x50, 0xe4, 0x70, 0x50, 0xdf, 0x77, 0x50, 0xf1, 0x70, 0x50, 0xe5, 0x61, 0x6b,
  0x01, 0x50, 0xa2, 0x70, 0x50, 0x14, 0x62, 0x78, 0x50, 0xa1, 0x70, 0x50, 0x14, 0x76, 0x50, 0xff,
  0x61, 0xdd, 0x02, 0x50, 0x8e, 0x70, 0x50, 0x0f, 0x75, 0x50, 0xa0, 0x50, 0x14, 0x76, 0x50, 0xf4,
  0x62, 0x50, 0xaf, 0x70, 0x50, 0x13, 0x62, 0x79, 0x50, 0xa0, 0x70, 0x50, 0x14, 0x75, 0x50, 0xf5,
  0x61, 0xde, 0x02, 0x50, 0x8f, 0x50, 0x0f, 0x75, 0x50, 0xa1, 0x70, 0x50, 0x14, 0x62, 0x73, 0x50,
  0x8e, 0x50, 0x0f, 0x76, 0x50, 0xa2, 0x50, 0x14, 0x62, 0x76, 0x50, 0xa3, 0x70, 0x50, 0x14, 0x79,
  0x50, 0xf6, 0x61, 0xc2, 0x05, 0x50, 0x8d, 0x70, 0x50, 0x0f, 0x62, 0x7d, 0x50, 0xa2, 0x70, 0x50,
  0x14, 0x79, 0x50, 0xf7, 0x61, 0xde, 0x02, 0x50, 0xa1, 0x70, 0x50, 0x14, 0x78, 0x50, 0xf1, 0x70,
  0x50, 0xe5, 0x61, 0xda, 0x02, 0x50, 0x8c, 0x70, 0x50, 0x0f, 0x75, 0x50, 0xa0, 0x50, 0x14, 0x77,
  0x50, 0xff, 0x61, 0xda, 0x02, 0x50, 0x8d, 0x70, 0x50, 0x0f, 0x75, 0x50, 0xaf, 0x70, 0x50, 0x13,
  0x76, 0x50, 0xf4, 0x62, 0x50, 0xa0, 0x70, 0x50, 0x14, 0x62, 0x78, 0x50, 0xa1, 0x50, 0x14, 0x7a,
  0x50, 0xf5, 0x61, 0xd9, 0x02, 0x50, 0x8e, 0x70, 0x50, 0x0f, 0x75, 0x50, 0xa2, 0x70, 0x50, 0x14,
  0x62, 0x76, 0x50, 0xa3, 0x70, 0x50, 0x14, 0x61, 0xf1, 0x02, 0x50, 0xf6, 0x61, 0xdc, 0x02, 0x50,
  0x8f, 0x50, 0x0f, 0x62, 0x79, 0x50, 0x8e, 0x70, 0x50, 0x0f, 0x75, 0x50, 0xa2, 0x70, 0x50, 0x14,
  0x62, 0x75, 0x50, 0xa1, 0x70, 0x50, 0x14, 0x7a, 0x50, 0xf7, 0x61, 0xd9, 0x02, 0x50, 0x97, 0x7b,
  0x50, 0xb8, 0x74, 0x50, 0xa0, 0x70, 0x50, 0x14, 0x73, 0x50, 0xb9, 0x61, 0xd6, 0x02, 0x50, 0x92,
  0x71, 0x50, 0x8d, 0x70, 0x50, 0x11, 0x79, 0x50, 0x93, 0x77, 0x50, 0xb2, 0x72, 0x50, 0xa3, 0x50,
  0x15, 0x79, 0x50, 0xff, 0x76, 0x50, 0xd0, 0x71, 0x50, 0xca, 0x70, 0x50, 0x23, 0x61, 0xba, 0x02,
  0x50, 0x8e, 0x70, 0x50, 0x11, 0x73, 0x50, 0x94, 0x76, 0x50, 0xb3, 0x77, 0x50, 0xdf, 0x61, 0xd6,
  0x02, 0x50, 0x8d, 0x70, 0x50, 0x11, 0x7f, 0x71, 0x50, 0xd2, 0x61, 0xd3, 0x05, 0x50, 0xd3, 0x61,
  0xd4, 0x02, 0x50, 0x8c, 0x70, 0x50, 0x11, 0x7a, 0x50, 0xb4, 0x62, 0x7d, 0x50, 0xd4, 0x61, 0xc2,
  0x05, 0x50, 0x8b, 0x70, 0x50, 0x11, 0x62, 0x79, 0x50, 0x8c, 0x70, 0x50, 0x11, 0x73, 0x50, 0x95,
  0x76, 0x50, 0xb5, 0x75, 0x50, 0xd5, 0x61, 0x38, 0x07, 0x50, 0xdf, 0x77, 0x50, 0xd1, 0x61, 0x69,
  0x01, 0x50, 0x8d, 0x70, 0x50, 0x11, 0x7f, 0x71, 0x50, 0xd2, 0x62, 0x50, 0xb6, 0x61, 0xc9, 0x05,
  0x50, 0x8e, 0x70, 0x50, 0x11, 0x62, 0x79, 0x50, 0x8d, 0x70, 0x50, 0x11, 0x7c, 0x50, 0xd3, 0x62,
  0x71, 0x50, 0xa2, 0x70, 0x50, 0x15, 0x62, 0x76, 0x50, 0xa3, 0x70, 0x50, 0x15, 0x76, 0x50, 0xd4,
  0x61, 0xdd, 0x02, 0x50, 0x8c, 0x70, 0x50, 0x11, 0x74, 0x50, 0xa4, 0x70, 0x50, 0x15, 0x62, 0x76,
  0x50, 0xa5, 0x70, 0x50, 0x15, 0x62, 0x78, 0x50, 0xa6, 0x70, 0x50, 0x15, 0x76, 0x50, 0xd5, 0x61,
  0xdd, 0x02, 0x50, 0x8b, 0x70, 0x50, 0x11, 0x75, 0x50, 0xa7, 0x50, 0x15, 0x62, 0x73, 0x50, 0x8c,
  0x70, 0x50, 0x11, 0x75, 0x50, 0xa6, 0x50, 0x15, 0x61, 0x71, 0x01, 0x50, 0xe4, 0x70, 0x50, 0xdf,
  0x76, 0x50, 0xf1, 0x70, 0x50, 0xe5, 0x61, 0x6b, 0x01, 0x50, 0xa5, 0x70, 0x50, 0x15, 0x62, 0x78,
  0x50, 0xa4, 0x70, 0x50, 0x15, 0x76, 0x50, 0xff, 0x61, 0xde, 0x02, 0x50, 0x8d, 0x70, 0x50, 0x11,
  0x75, 0x50, 0xa3, 0x70, 0x50, 0x15, 0x76, 0x50, 0xf4, 0x62, 0x50, 0xa2, 0x50, 0x15, 0x7a, 0x50,
  0xf5, 0x61, 0xde, 0x02, 0x50, 0xa3, 0x70, 0x50, 0x15, 0x62, 0x73, 0x50, 0x8e, 0x70, 0x50, 0x11,
  0x75, 0x50, 0xa4, 0x70, 0x50, 0x15, 0x62, 0x72, 0x50, 0x8d, 0x70, 0x50, 0x11, 0x75, 0x50, 0xa5,
  0x70, 0x50, 0x15, 0x79, 0x50, 0xf6, 0x61, 0xdb, 0x02, 0x50, 0xa6, 0x70, 0x50, 0x15, 0x62, 0x78,
  0x50, 0xa7, 0x70, 0x50, 0x15, 0x62, 0x74, 0x50, 0x8c, 0x70, 0x50, 0x11, 0x75, 0x50, 0xa6, 0x70,
  0x50, 0x15, 0x79, 0x50, 0xf7, 0x61, 0xdb, 0x02, 0x50, 0xa5, 0x70, 0x50, 0x15, 0x62, 0x79, 0x50,
  0xa4, 0x50, 0x15, 0x76, 0x50, 0xff, 0x76, 0x50, 0xd1, 0x71, 0x50, 0xc8, 0x70, 0x50, 0x3f, 0x75,
  0x50, 0xd2, 0x61, 0xcd, 0x02, 0x50, 0x8b, 0x70, 0x50, 0x11, 0x75, 0x50, 0xa3, 0x70, 0x50, 0x15,
  0x62, 0x72, 0x50, 0x8c, 0x70, 0x50, 0x11, 0x75, 0x50, 0xa2, 0x70, 0x50, 0x15, 0x62, 0x75, 0x50,
  0xa3, 0x70, 0x50, 0x15, 0x62, 0x78, 0x50, 0xa4, 0x70, 0x50, 0x15, 0x7a, 0x50, 0xd3, 0x61, 0xd9,
  0x02, 0x50, 0x8d, 0x50, 0x11, 0x76, 0x50, 0xa5, 0x50, 0x15, 0x62, 0x76, 0x50, 0xa6, 0x70, 0x50,
  0x15, 0x7b, 0x50, 0xd4, 0x61, 0xdc, 0x02, 0x50, 0xa7, 0x70, 0x50, 0x15, 0x62, 0x74, 0x50, 0x8e,
  0x70, 0x50, 0x11, 0x75, 0x50, 0xa6, 0x70, 0x50, 0x15, 0x62, 0x72, 0x50, 0x8d, 0x50, 0x11, 0x76,
  0x50, 0xa5, 0x50, 0x15, 0x7b, 0x50, 0xd5, 0x61, 0xda, 0x02, 0x50, 0xa4, 0x50, 0x15, 0x62, 0x74,
  0x50, 0x97, 0x7c, 0x50, 0xb8, 0x73, 0x50, 0xa3, 0x70, 0x50, 0x15, 0x73, 0x50, 0xb9, 0x61, 0xd6,
  0x02, 0x50, 0x92, 0x71, 0x50, 0x8b, 0x70, 0x50, 0x1a, 0x76, 0x50, 0x8c, 0x70, 0x50, 0x1a, 0x74,
  0x50, 0x93, 0x78, 0x50, 0xb2, 0x72, 0x50, 0xad, 0x50, 0x1f, 0x78, 0x50, 0xdf, 0x77, 0x50, 0xd0,
  0x71, 0x50, 0xc9, 0x70, 0x50, 0x38, 0x61, 0xb9, 0x02, 0x50, 0x94, 0x75, 0x50, 0xb3, 0x77, 0x50,
  0xdf, 0x62, 0x79, 0x50, 0xd2, 0x61, 0xd8, 0x02, 0x50, 0x8b, 0x70, 0x50, 0x1a, 0x62, 0x78, 0x50,
  0x8a, 0x70, 0x50, 0x1a, 0x7f, 0x70, 0x50, 0xd3, 0x62, 0x71, 0x50, 0xb4, 0x62, 0x70, 0x50, 0x89,
  0x50, 0x1a, 0x7f, 0x71, 0x50, 0xd4, 0x61, 0xc0, 0x05, 0x50, 0x88, 0x70, 0x50, 0x1a, 0x62, 0x78,
  0x50, 0x89, 0x70, 0x50, 0x1a, 0x74, 0x50, 0x95, 0x75, 0x50, 0xb5, 0x76, 0x50, 0xd5, 0x61, 0xbf,
  0x05, 0x50, 0x8a, 0x70, 0x50, 0x1a, 0x61, 0x7b, 0x01, 0x50, 0xd0, 0x61, 0x56, 0x04, 0x50, 0x8b,
  0x70, 0x50, 0x1a, 0x7a, 0x50, 0xb6, 0x77, 0x50, 0xdf, 0x61, 0xd6, 0x02, 0x50, 0x8c, 0x50, 0x1a,
  0x7f, 0x71, 0x50, 0xd2, 0x61, 0xcc, 0x05, 0x50, 0xd3, 0x61, 0xdd, 0x02, 0x50, 0x8b, 0x70, 0x50,
  0x1a, 0x77, 0x50, 0xac, 0x70, 0x50, 0x1f, 0x62, 0x50, 0x8a, 0x70, 0x50, 0x1a, 0x75, 0x50, 0xad,
  0x70, 0x50, 0x1f, 0x76, 0x50, 0xd4, 0x61, 0xde, 0x02, 0x50, 0xae, 0x70, 0x50, 0x1f, 0x62, 0x74,
  0x50, 0x89, 0x70, 0x50, 0x1a, 0x75, 0x50, 0xa0, 0x50, 0x20, 0x62, 0x76, 0x50, 0xa1, 0x70, 0x50,
  0x20, 0x76, 0x50, 0xd5, 0x61, 0xde, 0x02, 0x50, 0x97, 0x73, 0x50, 0x88, 0x70, 0x50, 0x1a, 0x79,
  0x50, 0xb8, 0x73, 0x50, 0xa2, 0x70, 0x50, 0x20, 0x73, 0x50, 0xb9, 0x61, 0xd4, 0x02, 0x50, 0x92,
  0x71, 0x50, 0x8c, 0x70, 0x50, 0x17, 0x76, 0x50, 0x8d, 0x50, 0x17, 0x75, 0x50, 0x93, 0x77, 0x50,
  0xb2, 0x71, 0x50, 0xa5, 0x70, 0x50, 0x1c, 0x77, 0x50, 0xe4, 0x70, 0x50, 0xdf, 0x77, 0x50, 0xf1,
  0x70, 0x50, 0xe5, 0x61, 0xbc, 0x02, 0x50, 0x94, 0x76, 0x50, 0xb3, 0x76, 0x50, 0xff, 0x62, 0x79,
  0x50, 0xf4, 0x61, 0xd8, 0x02, 0x50, 0x8c, 0x70, 0x50, 0x17, 0x62, 0x78, 0x50, 0x8b, 0x70, 0x50,
  0x17, 0x7f, 0x74, 0x50, 0xf5, 0x61, 0xdd, 0x02, 0x50, 0xb4, 0x62, 0x70, 0x50, 0x8a, 0x50, 0x17,
  0x61, 0xfc, 0x02, 0x50, 0xf6, 0x61, 0xd6, 0x02, 0x50, 0x89, 0x70, 0x50, 0x17, 0x62, 0x79, 0x50,
  0x8a, 0x50, 0x17, 0x74, 0x50, 0x95, 0x76, 0x50, 0xb5, 0x61, 0xf0, 0x02, 0x50, 0xf7, 0x61, 0xd5,
  0x02, 0x50, 0x8b, 0x70, 0x50, 0x17, 0x61, 0xfa, 0x02, 0x50, 0xf1, 0x70, 0x50, 0xe5, 0x61, 0xd7,
  0x02, 0x50, 0x8c, 0x50, 0x17, 0x7b, 0x50, 0xb6, 0x76, 0x50, 0xff, 0x61, 0xd6, 0x02, 0x50, 0x8d,
  0x50, 0x17, 0x7f, 0x72, 0x50, 0xf4, 0x61, 0xcf, 0x05, 0x50, 0xf5, 0x61, 0xd9, 0x02, 0x50, 0x8c,
  0x70, 0x50, 0x17, 0x77, 0x50, 0xa4, 0x70, 0x50, 0x1c, 0x62, 0x50, 0x8b, 0x70, 0x50, 0x17, 0x75,
  0x50, 0xa5, 0x70, 0x50, 0x1c, 0x62, 0x76, 0x50, 0xa6, 0x50, 0x1c, 0x7a, 0x50, 0xf6, 0x61, 0xd9,
  0x02, 0x50, 0x8a, 0x70, 0x50, 0x17, 0x75, 0x50, 0xa7, 0x70, 0x50, 0x1c, 0x62, 0x75, 0x50, 0xa9,
  0x70, 0x50, 0x1c, 0x62, 0x74, 0x50, 0x89, 0x70, 0x50, 0x17, 0x75, 0x50, 0xaa, 0x50, 0x1c, 0x76,
  0x50, 0xf7, 0x61, 0x67, 0x01, 0x50, 0x97, 0x75, 0x50, 0xb8, 0x61, 0x6f, 0x01, 0x50, 0x8a, 0x50,
  0x17, 0x79, 0x50, 0xa9, 0x70, 0x50, 0x1c, 0x74, 0x50, 0xb9, 0x61, 0x68, 0x01, 0x50, 0x92, 0x71,
  0x50, 0x80, 0x70, 0x50, 0x14, 0x79, 0x50, 0xb2, 0x71, 0x50, 0xad, 0x70, 0x50, 0x17, 0x77, 0x50,
  0xff, 0x76, 0x50, 0xd0, 0x71, 0x50, 0xc6, 0x70, 0x50, 0x35, 0x61, 0x55, 0x01, 0x50, 0x93, 0x62,
  0x72, 0x50, 0x81, 0x70, 0x50, 0x14, 0x74, 0x50, 0x94, 0x75, 0x50, 0xb3, 0x76, 0x50, 0xdf, 0x61,
  0xd7, 0x02, 0x50, 0x80, 0x70, 0x50, 0x14, 0x7f, 0x70, 0x50, 0xd2, 0x61, 0xcf, 0x05, 0x50, 0xd3,
  0x61, 0xda, 0x02, 0x50, 0x8f, 0x70, 0x50, 0x13, 0x7a, 0x50, 0xb4, 0x62, 0x7d, 0x50, 0xd4, 0x61,
  0xd9, 0x02, 0x50, 0x8e, 0x70, 0x50, 0x13, 0x61, 0xd5, 0x05, 0x50, 0x95, 0x75, 0x50, 0xb5, 0x76,
  0x50, 0xd5, 0x61, 0xd8, 0x02, 0x50, 0x8f, 0x70, 0x50, 0x13, 0x61, 0x61, 0x04, 0x50, 0xdf, 0x77,
  0x50, 0xd1, 0x61, 0x69, 0x01, 0x50, 0x80, 0x50, 0x14, 0x7f, 0x72, 0x50, 0xd2, 0x62, 0x50, 0xb6,
  0x61, 0xc9, 0x05, 0x50, 0x81, 0x70, 0x50, 0x14, 0x62, 0x79, 0x50, 0x80, 0x50, 0x14, 0x7d, 0x50,
  0xd3, 0x62, 0x72, 0x50, 0xac, 0x70, 0x50, 0x17, 0x62, 0x76, 0x50, 0xad, 0x70, 0x50, 0x17, 0x7a,
  0x50, 0xd4, 0x61, 0xd8, 0x02, 0x50, 0x8f, 0x70, 0x50, 0x13, 0x75, 0x50, 0xae, 0x70, 0x50, 0x17,
  0x62, 0x76, 0x50, 0xaf, 0x50, 0x17, 0x62, 0x74, 0x50, 0x8e, 0x70, 0x50, 0x13, 0x75, 0x50, 0xa0,
  0x70, 0x50, 0x18, 0x7b, 0x50, 0xd5, 0x61, 0xda, 0x02, 0x50, 0xa1, 0x70, 0x50, 0x18, 0x62, 0x79,
  0x50, 0xa0, 0x70, 0x50, 0x18, 0x74, 0x50, 0xe4, 0x70, 0x50, 0xdf, 0x77, 0x50, 0xf1, 0x70, 0x50,
  0xe5, 0x61, 0xd4, 0x02, 0x50, 0x8f, 0x50, 0x13, 0x75, 0x50, 0xaf, 0x70, 0x50, 0x17, 0x77, 0x50,
  0xff, 0x61, 0xde, 0x02, 0x50, 0xae, 0x70, 0x50, 0x17, 0x76, 0x50, 0xf4, 0x61, 0xdd, 0x02, 0x50,
  0x80, 0x70, 0x50, 0x14, 0x75, 0x50, 0xad, 0x50, 0x17, 0x62, 0x76, 0x50, 0xac, 0x70, 0x50, 0x17,
  0x79, 0x50, 0xf5, 0x62, 0x50, 0xad, 0x70, 0x50, 0x17, 0x62, 0x73, 0x50, 0x81, 0x70, 0x50, 0x14,
  0x75, 0x50, 0xae, 0x70, 0x50, 0x17, 0x62, 0x72, 0x50, 0x80, 0x50, 0x14, 0x76, 0x50, 0xaf, 0x50,
  0x17, 0x7a, 0x50, 0xf6, 0x61, 0xdb, 0x02, 0x50, 0xa0, 0x70, 0x50, 0x18, 0x62, 0x78, 0x50, 0xa1,
  0x70, 0x50, 0x18, 0x62, 0x74, 0x50, 0x8f, 0x50, 0x13, 0x76, 0x50, 0xa0, 0x70, 0x50, 0x18, 0x79,
  0x50, 0xf7, 0x61, 0xd6, 0x02, 0x50, 0x97, 0x7c, 0x50, 0xb8, 0x73, 0x50, 0xaf, 0x70, 0x50, 0x17,
  0x74, 0x50, 0xb9, 0x61, 0xd5, 0x02, 0x50, 0x92, 0x72, 0x50, 0x83, 0x70, 0x50, 0x15, 0x79, 0x50,
  0x93, 0x77, 0x50, 0xb2, 0x71, 0x50, 0xab, 0x70, 0x50, 0x1a, 0x78, 0x50, 0xff, 0x78, 0x50, 0xd1,
  0x71, 0x50, 0xc9, 0x70, 0x50, 0x38, 0x75, 0x50, 0xd2, 0x61, 0xb3, 0x02, 0x50, 0x84, 0x70, 0x50,
  0x15, 0x73, 0x50, 0x94, 0x76, 0x50, 0xb3, 0x61, 0xde, 0x02, 0x50, 0x83, 0x50, 0x15, 0x61, 0xe0,
  0x05, 0x50, 0xd3, 0x61, 0x66, 0x01, 0x50, 0x96, 0x75, 0x50, 0xb6, 0x61, 0x6e, 0x01, 0x50, 0x82,
  0x70, 0x50, 0x15, 0x61, 0x74, 0x01, 0x50, 0x99, 0x76, 0x50, 0xb9, 0x61, 0x7d, 0x01, 0x50, 0xd4,
  0x61, 0xd9, 0x02, 0x50, 0x81, 0x70, 0x50, 0x15, 0x73, 0x50, 0x9a, 0x61, 0xdd, 0x05, 0x50, 0xd5,
  0x61, 0xd9, 0x02, 0x50, 0x82, 0x70, 0x50, 0x15, 0x61, 0x74, 0x01, 0x50, 0x9c, 0x76, 0x50, 0xbb,
  0x61, 0x70, 0x01, 0x50, 0x9d, 0x61, 0x75, 0x01, 0x50, 0x92, 0x72, 0x50, 0x83, 0x50, 0x15, 0x78,
  0x50, 0xb2, 0x78, 0x50, 0xdf, 0x77, 0x50, 0xd0, 0x71, 0x50, 0xc8, 0x70, 0x50, 0x3f, 0x61, 0x58,
  0x01, 0x50, 0x93, 0x62, 0x73, 0x50, 0x84, 0x70, 0x50, 0x15, 0x73, 0x50, 0x94, 0x76, 0x50, 0xb3,
  0x76, 0x50, 0xdf, 0x61, 0xd6, 0x02, 0x50, 0x83, 0x70, 0x50, 0x15, 0x7f, 0x71, 0x50, 0xd2, 0x61,
  0xcf, 0x05, 0x50, 0xd3, 0x61, 0xd9, 0x02, 0x50, 0x82, 0x70, 0x50, 0x15, 0x7a, 0x50, 0xb4, 0x62,
  0x7d, 0x50, 0xd4, 0x61, 0xd9, 0x02, 0x50, 0x81, 0x70, 0x50, 0x15, 0x61, 0xd5, 0x05, 0x50, 0x95,
  0x76, 0x50, 0xb5, 0x75, 0x50, 0xd5, 0x61, 0xd9, 0x02, 0x50, 0x82, 0x70, 0x50, 0x15, 0x61, 0x64,
  0x04, 0x50, 0xd0, 0x61, 0x6d, 0x01, 0x50, 0x83, 0x70, 0x50, 0x15, 0x61, 0xf2, 0x02, 0x50, 0xb6,
  0x77, 0x50, 0xdf, 0x62, 0x79, 0x50, 0xd2, 0x61, 0xd8, 0x02, 0x50, 0x84, 0x70, 0x50, 0x15, 0x7f,
  0x71, 0x50, 0xd3, 0x61, 0xd6, 0x02, 0x50, 0x83, 0x70, 0x50, 0x15, 0x62, 0x7f, 0x50, 0xaa, 0x70,
  0x50, 0x1a, 0x7b, 0x50, 0xd4, 0x61, 0xda, 0x02, 0x50, 0xab, 0x70, 0x50, 0x1a, 0x62, 0x73, 0x50,
  0x82, 0x70, 0x50, 0x15, 0x75, 0x50, 0xac, 0x70, 0x50, 0x1a, 0x62, 0x76, 0x50, 0xad, 0x70, 0x50,
  0x1a, 0x7a, 0x50, 0xd5, 0x61, 0xd8, 0x02, 0x50, 0x81, 0x70, 0x50, 0x15, 0x75, 0x50, 0xae, 0x70,
  0x50, 0x1a, 0x62, 0x76, 0x50, 0xa0, 0x70, 0x50, 0x1b, 0x62, 0x79, 0x50, 0xae, 0x70, 0x50, 0x1a,
  0x75, 0x50, 0xe4, 0x70, 0x50, 0xdf, 0x76, 0x50, 0xf1, 0x70, 0x50, 0xe5, 0x61, 0xd4, 0x02, 0x50,
  0x82, 0x70, 0x50, 0x15, 0x75, 0x50, 0xad, 0x70, 0x50, 0x1a, 0x76, 0x50, 0xff, 0x61, 0xde, 0x02,
  0x50, 0xac, 0x70, 0x50, 0x1a, 0x76, 0x50, 0xf4, 0x61, 0xdd, 0x02, 0x50, 0x83, 0x70, 0x50, 0x15,
  0x75, 0x50, 0xab, 0x70, 0x50, 0x1a, 0x62, 0x76, 0x50, 0xaa, 0x50, 0x1a, 0x7a, 0x50, 0xf5, 0x61,
  0xde, 0x02, 0x50, 0xab, 0x70, 0x50, 0x1a, 0x62, 0x73, 0x50, 0x84, 0x70, 0x50, 0x15, 0x75, 0x50,
  0xac, 0x70, 0x50, 0x1a, 0x62, 0x72, 0x50, 0x83, 0x70, 0x50, 0x15, 0x75, 0x50, 0xad, 0x70, 0x50,
  0x1a, 0x79, 0x50, 0xf6, 0x61, 0xdb, 0x02, 0x50, 0xae, 0x70, 0x50, 0x1a, 0x62, 0x78, 0x50, 0xa0,
  0x70, 0x50, 0x1b, 0x62, 0x74, 0x50, 0x82, 0x70, 0x50, 0x15, 0x75, 0x50, 0xae, 0x70, 0x50, 0x1a,
  0x7a, 0x50, 0xf7, 0x61, 0xda, 0x02, 0x50, 0xad, 0x70, 0x50, 0x1a, 0x61, 0x76, 0x01, 0x50, 0xf1,
  0x70, 0x50, 0xe5, 0x61, 0x6d, 0x01, 0x50, 0x81, 0x50, 0x15, 0x75, 0x50, 0xac, 0x70, 0x50, 0x1a,
  0x62, 0x76, 0x50, 0xab, 0x70, 0x50, 0x1a, 0x76, 0x50, 0xff, 0x62, 0x71, 0x50, 0xaa, 0x70, 0x50,
  0x1a, 0x76, 0x50, 0xf4, 0x61, 0xdd, 0x02, 0x50, 0x82, 0x70, 0x50, 0x15, 0x75, 0x50, 0xab, 0x70,
  0x50, 0x1a, 0x62, 0x75, 0x50, 0xac, 0x70, 0x50, 0x1a, 0x75, 0x50, 0xf5, 0x61, 0xde, 0x02, 0x50,
  0x83, 0x70, 0x50, 0x15, 0x75, 0x50, 0xad, 0x70, 0x50, 0x1a, 0x62, 0x75, 0x50, 0xae, 0x70, 0x50,
  0x1a, 0x62, 0x78, 0x50, 0xa0, 0x70, 0x50, 0x1b, 0x75, 0x50, 0xf6, 0x62, 0x50, 0x84, 0x50, 0x15,
  0x76, 0x50, 0xae, 0x50, 0x1a, 0x62, 0x72, 0x50, 0x83, 0x70, 0x50, 0x15, 0x75, 0x50, 0xad, 0x50,
  0x1a, 0x62, 0x76, 0x50, 0xac, 0x70, 0x50, 0x1a, 0x75, 0x50, 0xf7, 0x62, 0x72, 0x50, 0xab, 0x70,
  0x50, 0x1a, 0x61, 0x75, 0x01, 0x50, 0xff, 0x76, 0x50, 0xd0, 0x72, 0x50, 0xc6, 0x50, 0x35, 0x61,
  0x65, 0x01, 0x50, 0x82, 0x70, 0x50, 0x15, 0x74, 0x50, 0xaa, 0x70, 0x50, 0x1a, 0x62, 0x77, 0x50,
  0xab, 0x50, 0x1a, 0x77, 0x50, 0xdf, 0x61, 0xdc, 0x02, 0x50, 0x81, 0x70, 0x50, 0x15, 0x75, 0x50,
  0xac, 0x50, 0x1a, 0x77, 0x50, 0xd2, 0x61, 0xde, 0x02, 0x50, 0xad, 0x70, 0x50, 0x1a, 0x62, 0x79,
  0x50, 0xae, 0x70, 0x50, 0x1a, 0x76, 0x50, 0xd3, 0x61, 0xdd, 0x02, 0x50, 0x82, 0x50, 0x15, 0x75,
  0x50, 0xa0, 0x70, 0x50, 0x1b, 0x62, 0x76, 0x50, 0xae, 0x70, 0x50, 0x1a, 0x76, 0x50, 0xd4, 0x61,
  0xdd, 0x02, 0x50, 0x83, 0x70, 0x50, 0x15, 0x74, 0x50, 0xad, 0x70, 0x50, 0x1a, 0x62, 0x76, 0x50,
  0xac, 0x70, 0x50, 0x1a, 0x62, 0x79, 0x50, 0xab, 0x70, 0x50, 0x1a, 0x7a, 0x50, 0xd5, 0x61, 0xd9,
  0x02, 0x50, 0x84, 0x50, 0x15, 0x76, 0x50, 0xaa, 0x50, 0x1a, 0x62, 0x72, 0x50, 0x83, 0x70, 0x50,
  0x15, 0x76, 0x50, 0xab, 0x50, 0x1a, 0x75, 0x50, 0xdf, 0x77, 0x50, 0xd1, 0x78, 0x50, 0xd2, 0x61,
  0xce, 0x02, 0x50, 0xac, 0x70, 0x50, 0x1a, 0x62, 0x78, 0x50, 0xad, 0x70, 0x50, 0x1a, 0x62, 0x74,
  0x50, 0x82, 0x70, 0x50, 0x15, 0x75, 0x50, 0xae, 0x70, 0x50, 0x1a, 0x62, 0x76, 0x50, 0xa0, 0x50,
  0x1b, 0x7b, 0x50, 0xd3, 0x61, 0xd8, 0x02, 0x50, 0x81, 0x70, 0x50, 0x15, 0x76, 0x50, 0xae, 0x70,
  0x50, 0x1a, 0x62, 0x75, 0x50, 0xad, 0x70, 0x50, 0x1a, 0x7a, 0x50, 0xd4, 0x61, 0xdd, 0x02, 0x50,
  0xac, 0x70, 0x50, 0x1a, 0x62, 0x74, 0x50, 0x82, 0x70, 0x50, 0x15, 0x75, 0x50, 0xab, 0x50, 0x1a,
  0x62, 0x76, 0x50, 0xaa, 0x70, 0x50, 0x1a, 0x7b, 0x50, 0xd5, 0x61, 0xd8, 0x02, 0x50, 0x83, 0x70,
  0x50, 0x15, 0x75, 0x50, 0xab, 0x70, 0x50, 0x1a, 0x62, 0x75, 0x50, 0xac, 0x70, 0x50, 0x1a, 0x62,
  0x79, 0x50, 0xad, 0x50, 0x1a, 0x75, 0x50, 0xe4, 0x70, 0x50, 0xdf, 0x76, 0x50, 0xf1, 0x70, 0x50,
  0xe5, 0x61, 0xd5, 0x02, 0x50, 0x84, 0x70, 0x50, 0x15, 0x75, 0x50, 0xae, 0x70, 0x50, 0x1a, 0x77,
  0x50, 0xff, 0x61, 0xda, 0x02, 0x50, 0x83, 0x70, 0x50, 0x15, 0x75, 0x50, 0xa0, 0x70, 0x50, 0x1b,
  0x76, 0x50, 0xf4, 0x61, 0xde, 0x02, 0x50, 0xae, 0x70, 0x50, 0x1a, 0x62, 0x78, 0x50, 0xad, 0x70,
  0x50, 0x1a, 0x79, 0x50, 0xf5, 0x61, 0xda, 0x02, 0x50, 0x82, 0x70, 0x50, 0x15, 0x75, 0x50, 0xac,
  0x50, 0x1a, 0x62, 0x76, 0x50, 0xab, 0x70, 0x50, 0x1a, 0x62, 0x74, 0x50, 0x81, 0x70, 0x50, 0x15,
  0x75, 0x50, 0xaa, 0x70, 0x50, 0x1a, 0x79, 0x50, 0xf6, 0x61, 0xdb, 0x02, 0x50, 0xab, 0x70, 0x50,
  0x1a, 0x62, 0x78, 0x50, 0xac, 0x70, 0x50, 0x1a, 0x62, 0x74, 0x50, 0x82, 0x70, 0x50, 0x15, 0x74,
  0x50, 0xad, 0x70, 0x50, 0x1a, 0x75, 0x50, 0xf7, 0x62, 0x70, 0x50, 0xae, 0x70, 0x50, 0x1a, 0x61,
  0x74, 0x01, 0x50, 0xff, 0x76, 0x50, 0xd1, 0x71, 0x50, 0xc9, 0x70, 0x50, 0x2f, 0x61, 0x66, 0x01,
  0x50, 0x83, 0x70, 0x50, 0x15, 0x74, 0x50, 0xa0, 0x70, 0x50, 0x1b, 0x77, 0x50, 0xd2, 0x62, 0x50,
  0xae, 0x50, 0x1a, 0x62, 0x78, 0x50, 0xad, 0x70, 0x50, 0x1a, 0x62, 0x74, 0x50, 0x84, 0x70, 0x50,
  0x15, 0x75, 0x50, 0xac, 0x70, 0x50, 0x1a, 0x62, 0x72, 0x50, 0x83, 0x70, 0x50, 0x15, 0x74, 0x50,
  0xab, 0x70, 0x50, 0x1a, 0x76, 0x50, 0xd3, 0x62, 0x50, 0xaa, 0x50, 0x1a, 0x62, 0x79, 0x50, 0xab,
  0x70, 0x50, 0x1a, 0x76, 0x50, 0xd4, 0x61, 0xdd, 0x02, 0x50, 0x82, 0x70, 0x50, 0x15, 0x74, 0x50,
  0xac, 0x70, 0x50, 0x1a, 0x62, 0x76, 0x50, 0xad, 0x70, 0x50, 0x1a, 0x62, 0x74, 0x50, 0x81, 0x70,
  0x50, 0x15, 0x75, 0x50, 0xae, 0x50, 0x1a, 0x76, 0x50, 0xd5, 0x62, 0x50, 0xa0, 0x70, 0x50, 0x1b,
  0x61, 0x70, 0x01, 0x50, 0x97, 0x75, 0x50, 0xb8, 0x61, 0x77, 0x01, 0x50, 0xae, 0x70, 0x50, 0x1a,
  0x73, 0x50, 0xb9, 0x61, 0x6a, 0x01, 0x50, 0x92, 0x71, 0x50, 0x83, 0x70, 0x50, 0x15, 0x78, 0x50,
  0xb2, 0x71, 0x50, 0xad, 0x70, 0x50, 0x11, 0x74, 0x50, 0xdf, 0x77, 0x50, 0xd0, 0x71, 0x50, 0xc6,
  0x70, 0x50, 0x2a, 0x61, 0x59, 0x01, 0x50, 0x93, 0x62, 0x72, 0x50, 0x84, 0x70, 0x50, 0x15, 0x74,
  0x50, 0x94, 0x75, 0x50, 0xb3, 0x77, 0x50, 0xdf, 0x61, 0xd6, 0x02, 0x50, 0x83, 0x70, 0x50, 0x15,
  0x7f, 0x70, 0x50, 0xd2, 0x61, 0xd5, 0x05, 0x50, 0xd3, 0x61, 0xd4, 0x02, 0x50, 0x82, 0x70, 0x50,
  0x15, 0x7b, 0x50, 0xb4, 0x61, 0xf1, 0x02, 0x50, 0xd4, 0x61, 0xd5, 0x02, 0x50, 0x81, 0x50, 0x15,
  0x61, 0xd5, 0x05, 0x50, 0x95, 0x76, 0x50, 0xb5, 0x7a, 0x50, 0xd5, 0x61, 0xd4, 0x02, 0x50, 0x82,
  0x70, 0x50, 0x15, 0x61, 0xfa, 0x02, 0x50, 0xd0, 0x61, 0xd7, 0x02, 0x50, 0x83, 0x70, 0x50, 0x15,
  0x7f, 0x72, 0x50, 0xdf, 0x62, 0x50, 0xb6, 0x76, 0x50, 0xd2, 0x61, 0xc2, 0x05, 0x50, 0x84, 0x50,
  0x15, 0x7f, 0x72, 0x50, 0xd3, 0x61, 0xd6, 0x02, 0x50, 0x83, 0x70, 0x50, 0x15, 0x62, 0x7f, 0x50,
  0xac, 0x70, 0x50, 0x11, 0x7a, 0x50, 0xd4, 0x61, 0xdb, 0x02, 0x50, 0xad, 0x70, 0x50, 0x11, 0x62,
  0x73, 0x50, 0x82, 0x70, 0x50, 0x15, 0x75, 0x50, 0xae, 0x70, 0x50, 0x11, 0x62, 0x76, 0x50, 0xaf,
  0x50, 0x11, 0x7b, 0x50, 0xd5, 0x61, 0xd8, 0x02, 0x50, 0x81, 0x70, 0x50, 0x15, 0x62, 0x78, 0x50,
  0x97, 0x7c, 0x50, 0xb8, 0x73, 0x50, 0xa0, 0x70, 0x50, 0x12, 0x73, 0x50, 0xb9, 0x61, 0xd6, 0x02,
  0x50, 0x92, 0x71, 0x50, 0x80, 0x70, 0x50, 0x14, 0x7a, 0x50, 0x93, 0x77, 0x50, 0xb2, 0x71, 0x50,
  0xae, 0x70, 0x50, 0x0f, 0x7a, 0x50, 0xe4, 0x70, 0x50, 0xdf, 0x76, 0x50, 0xf1, 0x70, 0x50, 0xe5,
  0x61, 0xba, 0x02, 0x50, 0x81, 0x50, 0x14, 0x74, 0x50, 0x94, 0x76, 0x50, 0xb3, 0x76, 0x50, 0xff,
  0x61, 0xd6, 0x02, 0x50, 0x80, 0x70, 0x50, 0x14, 0x7f, 0x71, 0x50, 0xf4, 0x61, 0xcd, 0x05, 0x50,
  0xf5, 0x61, 0xdb, 0x02, 0x50, 0x8f, 0x50, 0x13, 0x7a, 0x50, 0xb4, 0x61, 0x70, 0x01, 0x50, 0xf1,
  0x70, 0x50, 0xe5, 0x61, 0x56, 0x04, 0x50, 0x8e, 0x70, 0x50, 0x13, 0x7f, 0x70, 0x50, 0xff, 0x62,
  0x76, 0x50, 0xf4, 0x61, 0xdd, 0x02, 0x50, 0x95, 0x76, 0x50, 0xb5, 0x62, 0x50, 0x8f, 0x70, 0x50,
  0x13, 0x7f, 0x70, 0x50, 0xf5, 0x61, 0x54, 0x04, 0x50, 0xf1, 0x70, 0x50, 0xe5, 0x61, 0x6b, 0x01,
  0x50, 0x80, 0x70, 0x50, 0x14, 0x61, 0xf2, 0x02, 0x50, 0xb6, 0x75, 0x50, 0xff, 0x62, 0x79, 0x50,
  0xf4, 0x61, 0xda, 0x02, 0x50, 0x81, 0x70, 0x50, 0x14, 0x62, 0x78, 0x50, 0x80, 0x70, 0x50, 0x14,
  0x7c, 0x50, 0xf5, 0x62, 0x72, 0x50, 0xad, 0x50, 0x0f, 0x62, 0x77, 0x50, 0xae, 0x50, 0x0f, 0x62,
  0x74, 0x50, 0x8f, 0x70, 0x50, 0x13, 0x75, 0x50, 0xaf, 0x50, 0x0f, 0x76, 0x50, 0xf6, 0x61, 0xc4,
  0x05, 0x50, 0x8e, 0x70, 0x50, 0x13, 0x75, 0x50, 0xa0, 0x70, 0x50, 0x10, 0x62, 0x76, 0x50, 0xa1,
  0x50, 0x10, 0x76, 0x50, 0xf7, 0x61, 0x69, 0x01, 0x50, 0x97, 0x76, 0x50, 0xb8, 0x61, 0x76, 0x01,
  0x50, 0xa0, 0x70, 0x50, 0x10, 0x74, 0x50, 0xb9, 0x61, 0x69, 0x01, 0x50, 0x92, 0x72, 0x50, 0x8c,
  0x50, 0x17, 0x78, 0x50, 0xb2, 0x71, 0x50, 0xa0, 0x70, 0x50, 0x14, 0x75, 0x50, 0xff, 0x76, 0x50,
  0xd0, 0x72, 0x50, 0xc9, 0x70, 0x50, 0x2f, 0x61, 0x55, 0x01, 0x50, 0x8d, 0x70, 0x50, 0x17, 0x74,
  0x50, 0x93, 0x62, 0x73, 0x50, 0x94, 0x76, 0x50, 0xb3, 0x77, 0x50, 0xdf, 0x62, 0x79, 0x50, 0xd2,
  0x61, 0xd8, 0x02, 0x50, 0x8c, 0x50, 0x17, 0x7f, 0x76, 0x50, 0xd3, 0x61, 0xd2, 0x02, 0x50, 0x8b,
  0x50, 0x17, 0x61, 0xf3, 0x02, 0x50, 0xb4, 0x7a, 0x50, 0xd4, 0x61, 0xd4, 0x02, 0x50, 0x8a, 0x70,
  0x50, 0x17, 0x61, 0xd1, 0x05, 0x50, 0x89, 0x70, 0x50, 0x17, 0x7f, 0x75, 0x50, 0xd5, 0x61, 0xd3,
  0x02, 0x50, 0x8a, 0x70, 0x50, 0x17, 0x73, 0x50, 0x95, 0x76, 0x50, 0xb5, 0x61, 0xc5, 0x05, 0x50,
  0x8b, 0x70, 0x50, 0x17, 0x7f, 0x70, 0x50, 0xdf, 0x77, 0x50, 0xd1, 0x78, 0x50, 0xd2, 0x61, 0xb0,
  0x05, 0x50, 0x8c, 0x50, 0x17, 0x7b, 0x50, 0xb6, 0x61, 0xdd, 0x02, 0x50, 0x8d, 0x70, 0x50, 0x17,
  0x61, 0xf9, 0x02, 0x50, 0xd3, 0x61, 0xc1, 0x05, 0x50, 0x8c, 0x70, 0x50, 0x17, 0x78, 0x50, 0xaf,
  0x70, 0x50, 0x13, 0x7a, 0x50, 0xd4, 0x61, 0xd3, 0x02, 0x50, 0x8b, 0x70, 0x50, 0x17, 0x76, 0x50,
  0xa0, 0x70, 0x50, 0x14, 0x62, 0x75, 0x50, 0xa1, 0x70, 0x50, 0x14, 0x62, 0x73, 0x50, 0x8a, 0x70,
  0x50, 0x17, 0x75, 0x50, 0xa2, 0x70, 0x50, 0x14, 0x7b, 0x50, 0xd5, 0x61, 0xda, 0x02, 0x50, 0xa3,
  0x70, 0x50, 0x14, 0x62, 0x73, 0x50, 0x89, 0x70, 0x50, 0x17, 0x61, 0x78, 0x01, 0x50, 0xe4, 0x70,
  0x50, 0xdf, 0x76, 0x50, 0xf1, 0x70, 0x50, 0xe5, 0x61, 0x68, 0x01, 0x50, 0x8a, 0x70, 0x50, 0x17,
  0x62, 0x7b, 0x50, 0xa2, 0x70, 0x50, 0x14, 0x76, 0x50, 0xff, 0x61, 0xde, 0x02, 0x50, 0x8b, 0x50,
  0x17, 0x75, 0x50, 0xa1, 0x70, 0x50, 0x14, 0x75, 0x50, 0xf4, 0x62, 0x70, 0x50, 0xa0, 0x50, 0x14,
  0x62, 0x75, 0x50, 0x8c, 0x70, 0x50, 0x17, 0x74, 0x50, 0xaf, 0x70, 0x50, 0x13, 0x75, 0x50, 0xf5,
  0x61, 0xdc, 0x02, 0x50, 0x8d, 0x70, 0x50, 0x17, 0x75, 0x50, 0xa0, 0x70, 0x50, 0x14, 0x62, 0x75,
  0x50, 0xa1, 0x70, 0x50, 0x14, 0x62, 0x79, 0x50, 0xa2, 0x70, 0x50, 0x14, 0x75, 0x50, 0xf6, 0x61,
  0xdd, 0x02, 0x50, 0x8c, 0x70, 0x50, 0x17, 0x75, 0x50, 0xa3, 0x70, 0x50, 0x14, 0x62, 0x71, 0x50,
  0x8b, 0x70, 0x50, 0x17, 0x61, 0xf2, 0x02, 0x50, 0xf7, 0x62, 0x70, 0x50, 0x8a, 0x50, 0x17, 0x75,
  0x50, 0xa2, 0x70, 0x50, 0x14, 0x61, 0x72, 0x01, 0x50, 0xff, 0x76, 0x50, 0xd1, 0x71, 0x50, 0xc6,
  0x70, 0x50, 0x35, 0x61, 0x6a, 0x01, 0x50, 0xa1, 0x70, 0x50, 0x14, 0x76, 0x50, 0xd2, 0x61, 0xdd,
  0x02, 0x50, 0x89, 0x70, 0x50, 0x17, 0x74, 0x50, 0xa0, 0x70, 0x50, 0x14, 0x62, 0x72, 0x50, 0x8a,
  0x70, 0x50, 0x17, 0x75, 0x50, 0xaf, 0x70, 0x50, 0x13, 0x62, 0x76, 0x50, 0xa0, 0x50, 0x14, 0x62,
  0x74, 0x50, 0x8b, 0x70, 0x50, 0x17, 0x75, 0x50, 0xa1, 0x50, 0x14, 0x76, 0x50, 0xd3, 0x62, 0x50,
  0xa2, 0x70, 0x50, 0x14, 0x62, 0x74, 0x50, 0x8c, 0x70, 0x50, 0x17, 0x75, 0x50, 0xa3, 0x70, 0x50,
  0x14, 0x76, 0x50, 0xd4, 0x61, 0xdb, 0x02, 0x50, 0x8d, 0x50, 0x17, 0x61, 0xd7, 0x05, 0x50, 0xa2,
  0x70, 0x50, 0x14, 0x7b, 0x50, 0xd5, 0x61, 0xd7, 0x02, 0x50, 0x8c, 0x70, 0x50, 0x17, 0x75, 0x50,
  0xa1, 0x70, 0x50, 0x14, 0x62, 0x71, 0x50, 0x8b, 0x70, 0x50, 0x17, 0x75, 0x50, 0xa0, 0x70, 0x50,
  0x14, 0x76, 0x50, 0xdf, 0x77, 0x50, 0xd0, 0x71, 0x50, 0xc9, 0x70, 0x50, 0x38, 0x61, 0xd4, 0x02,
  0x50, 0xaf, 0x70, 0x50, 0x13, 0x77, 0x50, 0xdf, 0x61, 0xdc, 0x02, 0x50, 0x8a, 0x50, 0x17, 0x76,
  0x50, 0xa0, 0x70, 0x50, 0x14, 0x77, 0x50, 0xd2, 0x61, 0xdd, 0x02, 0x50, 0xa1, 0x70, 0x50, 0x14,
  0x62, 0x74, 0x50, 0x89, 0x70, 0x50, 0x17, 0x75, 0x50, 0xa2, 0x70, 0x50, 0x14, 0x7a, 0x50, 0xd3,
  0x61, 0xd7, 0x02, 0x50, 0x8a, 0x50, 0x17, 0x76, 0x50, 0xa3, 0x50, 0x14, 0x61, 0xf0, 0x02, 0x50,
  0xd4, 0x61, 0xda, 0x02, 0x50, 0x8b, 0x70, 0x50, 0x17, 0x62, 0x7d, 0x50, 0xa2, 0x70, 0x50, 0x14,
  0x62, 0x73, 0x50, 0x8c, 0x70, 0x50, 0x17, 0x75, 0x50, 0xa1, 0x70, 0x50, 0x14, 0x7b, 0x50, 0xd5,
  0x61, 0xd6, 0x02, 0x50, 0x8d, 0x50, 0x17, 0x76, 0x50, 0xa0, 0x50, 0x14, 0x62, 0x76, 0x50, 0xaf,
  0x70, 0x50, 0x13, 0x62, 0x79, 0x50, 0xa0, 0x70, 0x50, 0x14, 0x78, 0x50, 0xd0, 0x61, 0xda, 0x02,
  0x50, 0x8c, 0x70, 0x50, 0x17, 0x75, 0x50, 0xa1, 0x70, 0x50, 0x14, 0x77, 0x50, 0xdf, 0x61, 0xd9,
  0x02, 0x50, 0x8b, 0x70, 0x50, 0x17, 0x75, 0x50, 0xa2, 0x70, 0x50, 0x14, 0x77, 0x50, 0xd2, 0x61,
  0xde, 0x02, 0x50, 0xa3, 0x50, 0x14, 0x62, 0x74, 0x50, 0x8a, 0x70, 0x50, 0x17, 0x7f, 0x50, 0xd3,
  0x61, 0xc1, 0x05, 0x50, 0x89, 0x70, 0x50, 0x17, 0x75, 0x50, 0xa2, 0x70, 0x50, 0x14, 0x7b, 0x50,
  0xd4, 0x61, 0xd6, 0x02, 0x50, 0x8a, 0x50, 0x17, 0x75, 0x50, 0xa1, 0x70, 0x50, 0x14, 0x62, 0x75,
  0x50, 0xa0, 0x70, 0x50, 0x14, 0x62, 0x74, 0x50, 0x8b, 0x70, 0x50, 0x17, 0x75, 0x50, 0xaf, 0x70,
  0x50, 0x13, 0x76, 0x50, 0xd5, 0x62, 0x50, 0xa0, 0x70, 0x50, 0x14, 0x62, 0x74, 0x50, 0x8c, 0x50,
  0x17, 0x75, 0x50, 0xa1, 0x70, 0x50, 0x14, 0x61, 0x71, 0x01, 0x50, 0xe4, 0x70, 0x50, 0xdf, 0x77,
  0x50, 0xf1, 0x70, 0x50, 0xe5, 0x61, 0x67, 0x01, 0x50, 0x8d, 0x70, 0x50, 0x17, 0x74, 0x50, 0xa2,
  0x70, 0x50, 0x14, 0x62, 0x76, 0x50, 0xa3, 0x70, 0x50, 0x14, 0x76, 0x50, 0xff, 0x62, 0x76, 0x50,
  0xf4, 0x62, 0x70, 0x50, 0x8c, 0x70, 0x50, 0x17, 0x62, 0x78, 0x50, 0x8b, 0x70, 0x50, 0x17, 0x75,
  0x50, 0xa2, 0x50, 0x14, 0x76, 0x50, 0xf5, 0x62, 0x50, 0xa1, 0x70, 0x50, 0x14, 0x62, 0x74, 0x50,
  0x8a, 0x70, 0x50, 0x17, 0x75, 0x50, 0xa0, 0x70, 0x50, 0x14, 0x62, 0x76, 0x50, 0xaf, 0x50, 0x13,
  0x76, 0x50, 0xf6, 0x61, 0xde, 0x02, 0x50, 0x89, 0x50, 0x17, 0x76, 0x50, 0xa0, 0x50, 0x14, 0x62,
  0x72, 0x50, 0x8a, 0x70, 0x50, 0x17, 0x75, 0x50, 0xa1, 0x70, 0x50, 0x14, 0x62, 0x75, 0x50, 0xa2,
  0x70, 0x50, 0x14, 0x75, 0x50, 0xf7, 0x61, 0x6c, 0x01, 0x50, 0xb8, 0x61, 0x72, 0x01, 0x50, 0x8b,
  0x70, 0x50, 0x17, 0x75, 0x50, 0xa3, 0x50, 0x14, 0x74, 0x50, 0xb9, 0x61, 0x6e, 0x01, 0x50, 0xb2,
  0x71, 0x50, 0xa0, 0x70, 0x50, 0x14, 0x77, 0x50, 0xf1, 0x71, 0x50, 0xe5, 0x61, 0x4b, 0x04, 0x50,
  0x8c, 0x70, 0x50, 0x17, 0x76, 0x50, 0xb3, 0x76, 0x50, 0xff, 0x61, 0xda, 0x02, 0x50, 0x8d, 0x70,
  0x50, 0x17, 0x7c, 0x50, 0xf4, 0x62, 0x7c, 0x50, 0xf5, 0x61, 0xde, 0x02, 0x50, 0xb6, 0x62, 0x74,
  0x50, 0x8c, 0x70, 0x50, 0x17, 0x79, 0x50, 0xb2, 0x71, 0x50, 0xa5, 0x70, 0x50, 0x0d, 0x61, 0xdb,
  0x02, 0x50, 0x8b, 0x70, 0x50, 0x17, 0x77, 0x50, 0xb3, 0x78, 0x50, 0xf6, 0x61, 0xc1, 0x05, 0x50,
  0x8a, 0x50, 0x17, 0x61, 0xf8, 0x02, 0x50, 0xf7, 0x61, 0xda, 0x02, 0x50, 0x97, 0x73, 0x50, 0x89,
  0x70, 0x50, 0x17, 0x78, 0x50, 0xb6, 0x61, 0xdd, 0x02, 0x50, 0x9a, 0x74, 0x50, 0x8a, 0x50, 0x17,
  0x7c, 0x50, 0xb2, 0x71, 0x50, 0xae, 0x70, 0x50, 0x08, 0x78, 0x50, 0xff, 0x77, 0x50, 0xd0, 0x71,
  0x50, 0xca, 0x70, 0x50, 0x23, 0x61, 0xc8, 0x02, 0x50, 0xb3, 0x76, 0x50, 0xdf, 0x61, 0xd8, 0x02,
  0x50, 0x8b, 0x70, 0x50, 0x17, 0x7f, 0x71, 0x50, 0xd2, 0x61, 0xbf, 0x05, 0x50, 0x8c, 0x70, 0x50,
  0x17, 0x74, 0x50, 0x9b, 0x7f, 0x71, 0x50, 0xd3, 0x61, 0xd1, 0x02, 0x50, 0x8d, 0x70, 0x50, 0x17,
  0x7b, 0x50, 0xb4, 0x61, 0xf1, 0x02, 0x50, 0xd4, 0x62, 0x62, 0x50, 0x8c, 0x70, 0x50, 0x17, 0x73,
  0x50, 0x9c, 0x62, 0x74, 0x50, 0x8b, 0x70, 0x50, 0x17, 0x7a, 0x50, 0xb5, 0x7a, 0x50, 0xd5, 0x61,
  0xbb, 0x05, 0x50, 0x8a, 0x70, 0x50, 0x17, 0x62, 0x7b, 0x50, 0x9d, 0x7b, 0x50, 0xdf, 0x77, 0x50,
  0xd1, 0x79, 0x50, 0xd2, 0x61, 0xc8, 0x02, 0x50, 0x89, 0x70, 0x50, 0x17, 0x7b, 0x50, 0xb6, 0x61,
  0xdc, 0x02, 0x50, 0x8a, 0x70, 0x50, 0x17, 0x61, 0xd1, 0x05, 0x50, 0x8b, 0x70, 0x50, 0x17, 0x73,
  0x50, 0x9e, 0x7d, 0x50, 0xd3, 0x61, 0xbf, 0x05, 0x50, 0x8c, 0x70, 0x50, 0x17, 0x7e, 0x50, 0xd4,
  0x61, 0xda, 0x02, 0x50, 0x8d, 0x50, 0x17, 0x62, 0x7b, 0x50, 0x9f, 0x74, 0x50, 0xaf, 0x70, 0x50,
  0x08, 0x62, 0x7e, 0x50, 0xd5, 0x61, 0xdc, 0x02, 0x50, 0x8c, 0x70, 0x50, 0x17, 0x78, 0x50, 0xa0,
  0x70, 0x50, 0x09, 0x61, 0xde, 0x02, 0x50, 0x8b, 0x70, 0x50, 0x17, 0x79, 0x50, 0xaf, 0x70, 0x50,
  0x08, 0x61, 0x6c, 0x01, 0x50, 0xe4, 0x71, 0x50, 0xdf, 0x76, 0x50, 0xf1, 0x70, 0x50, 0xe5, 0x61,
  0x50, 0x04, 0x50, 0x8a, 0x70, 0x50, 0x17, 0x75, 0x50, 0xae, 0x70, 0x50, 0x08, 0x76, 0x50, 0xff,
  0x62, 0x74, 0x50, 0xf4, 0x62, 0x50, 0x89, 0x70, 0x50, 0x17, 0x62, 0x79, 0x50, 0x8a, 0x70, 0x50,
  0x17, 0x7a, 0x50, 0xf5, 0x61, 0xc6, 0x05, 0x50, 0x8b, 0x70, 0x50, 0x17, 0x75, 0x50, 0xaf, 0x70,
  0x50, 0x08, 0x62, 0x7a, 0x50, 0xf6, 0x62, 0x70, 0x50, 0x8c, 0x70, 0x50, 0x17, 0x75, 0x50, 0xa0,
  0x70, 0x50, 0x09, 0x62, 0x71, 0x50, 0x8d, 0x70, 0x50, 0x17, 0x76, 0x50, 0xaf, 0x70, 0x50, 0x08,
  0x62, 0x7a, 0x50, 0xf7, 0x62, 0x76, 0x50, 0xae, 0x50, 0x08, 0x76, 0x50, 0xff, 0x76, 0x50, 0xd1,
  0x71, 0x50, 0xc8, 0x70, 0x50, 0x3f, 0x75, 0x50, 0xd2, 0x61, 0xcc, 0x02, 0x50, 0x8c, 0x70, 0x50,
  0x17, 0x62, 0x78, 0x50, 0x8b, 0x70, 0x50, 0x17, 0x61, 0xd1, 0x05, 0x50, 0x8a, 0x70, 0x50, 0x17,
  0x7f, 0x70, 0x50, 0xd3, 0x61, 0xdd, 0x02, 0x50, 0xaf, 0x70, 0x50, 0x08, 0x62, 0x73, 0x50, 0x89,
  0x50, 0x17, 0x7f, 0x70, 0x50, 0xd4, 0x61, 0xd8, 0x02, 0x50, 0x8a, 0x70, 0x50, 0x17, 0x76, 0x50,
  0xa0, 0x70, 0x50, 0x09, 0x62, 0x75, 0x50, 0xaf, 0x70, 0x50, 0x08, 0x62, 0x73, 0x50, 0x8b, 0x70,
  0x50, 0x17, 0x7f, 0x70, 0x50, 0xd5, 0x61, 0xdc, 0x02, 0x50, 0xae, 0x70, 0x50, 0x08, 0x62, 0x77,
  0x50, 0x8c, 0x70, 0x50, 0x17, 0x76, 0x50, 0xb8, 0x76, 0x50, 0xb9, 0x61, 0xd9, 0x02, 0x50, 0x92,
  0x79, 0x50, 0x8d, 0x70, 0x50, 0x17, 0x74, 0x50, 0x93, 0x78, 0x50, 0xb2, 0x71, 0x50, 0xa0, 0x70,
  0x50, 0x14, 0x78, 0x50, 0xdf, 0x77, 0x50, 0xd0, 0x71, 0x50, 0xc9, 0x70, 0x50, 0x38, 0x61, 0xb9,
  0x02, 0x50, 0x94, 0x76, 0x50, 0xb3, 0x77, 0x50, 0xdf, 0x62, 0x79, 0x50, 0xd2, 0x61, 0xd8, 0x02,
  0x50, 0x8c, 0x50, 0x17, 0x62, 0x79, 0x50, 0x8b, 0x50, 0x17, 0x7f, 0x76, 0x50, 0xd3, 0x61, 0xdc,
  0x02, 0x50, 0xb4, 0x62, 0x50, 0x8a, 0x70, 0x50, 0x17, 0x7f, 0x75, 0x50, 0xd4, 0x61, 0xbb, 0x05,
  0x50, 0x89, 0x70, 0x50, 0x17, 0x62, 0x79, 0x50, 0x8a, 0x70, 0x50, 0x17, 0x73, 0x50, 0x95, 0x76,
  0x50, 0xb5, 0x7a, 0x50, 0xd5, 0x61, 0xba, 0x05, 0x50, 0x8b, 0x70, 0x50, 0x17, 0x61, 0x7b, 0x01,
  0x50, 0xd0, 0x61, 0x56, 0x04, 0x50, 0x8c, 0x70, 0x50, 0x17, 0x7a, 0x50, 0xb6, 0x76, 0x50, 0xdf,
  0x61, 0xd6, 0x02, 0x50, 0x8d, 0x70, 0x50, 0x17, 0x7f, 0x71, 0x50, 0xd2, 0x61, 0xcc, 0x05, 0x50,
  0xd3, 0x61, 0xdd, 0x02, 0x50, 0x8c, 0x50, 0x17, 0x78, 0x50, 0xaf, 0x70, 0x50, 0x13, 0x62, 0x50,
  0x8b, 0x70, 0x50, 0x17, 0x75, 0x50, 0xa0, 0x70, 0x50, 0x14, 0x76, 0x50, 0xd4, 0x61, 0xde, 0x02,
  0x50, 0xa1, 0x70, 0x50, 0x14, 0x62, 0x74, 0x50, 0x8a, 0x70, 0x50, 0x17, 0x74, 0x50, 0xa2, 0x70,
  0x50, 0x14, 0x62, 0x76, 0x50, 0xa3, 0x70, 0x50, 0x14, 0x76, 0x50, 0xd5, 0x61, 0xdd, 0x02, 0x50,
  0x89, 0x70, 0x50, 0x17, 0x61, 0x74, 0x01, 0x50, 0x97, 0x75, 0x50, 0xb8, 0x61, 0x6f, 0x01, 0x50,
  0x8a, 0x70, 0x50, 0x17, 0x7b, 0x50, 0xb9, 0x61, 0x6a, 0x01, 0x50, 0x92, 0x71, 0x50, 0x80, 0x70,
  0x50, 0x14, 0x78, 0x50, 0xb2, 0x71, 0x50, 0xad, 0x70, 0x50, 0x11, 0x74, 0x50, 0xe4, 0x71, 0x50,
  0xdf, 0x76, 0x50, 0xf1, 0x70, 0x50, 0xe5, 0x61, 0x5a, 0x01, 0x50, 0x93, 0x62, 0x73, 0x50, 0x81,
  0x50, 0x14, 0x74, 0x50, 0x94, 0x75, 0x50, 0xb3, 0x76, 0x50, 0xff, 0x61, 0xd7, 0x02, 0x50, 0x80,
  0x70, 0x50, 0x14, 0x7f, 0x70, 0x50, 0xf4, 0x61, 0xcf, 0x05, 0x50, 0xf5, 0x61, 0xda, 0x02, 0x50,
  0x8f, 0x70, 0x50, 0x13, 0x7a, 0x50, 0xb4, 0x61, 0xc7, 0x05, 0x50, 0x8e, 0x70, 0x50, 0x13, 0x7f,
  0x74, 0x50, 0xf6, 0x61, 0xbf, 0x05, 0x50, 0x95, 0x76, 0x50, 0xb5, 0x62, 0x50, 0x8f, 0x70, 0x50,
  0x13, 0x7f, 0x74, 0x50, 0xf7, 0x62, 0x75, 0x50, 0xf1, 0x70, 0x50, 0xe5, 0x61, 0xd6, 0x02, 0x50,
  0x80, 0x70, 0x50, 0x14, 0x7f, 0x72, 0x50, 0xff, 0x62, 0x50, 0xb6, 0x76, 0x50, 0xf4, 0x61, 0xc2,
  0x05, 0x50, 0x81, 0x50, 0x14, 0x7f, 0x71, 0x50, 0xf5, 0x61, 0xd7, 0x02, 0x50, 0x80, 0x70, 0x50,
  0x14, 0x62, 0x7f, 0x50, 0xac, 0x70, 0x50, 0x11, 0x62, 0x76, 0x50, 0xad, 0x70, 0x50, 0x11, 0x79,
  0x50, 0xf6, 0x61, 0xd9, 0x02, 0x50, 0x8f, 0x70, 0x50, 0x13, 0x75, 0x50, 0xae, 0x70, 0x50, 0x11,
  0x62, 0x76, 0x50, 0xaf, 0x70, 0x50, 0x11, 0x62, 0x73, 0x50, 0x8e, 0x70, 0x50, 0x13, 0x7e, 0x50,
  0xf7, 0x61, 0xd9, 0x02, 0x50, 0x97, 0x7c, 0x50, 0xb8, 0x73, 0x50, 0xa0, 0x70, 0x50, 0x12, 0x73,
  0x50, 0xb9, 0x61, 0xd6, 0x02, 0x50, 0x92, 0x71, 0x50, 0x8b, 0x70, 0x50, 0x1a, 0x76, 0x50, 0x8c,
  0x70, 0x50, 0x1a, 0x74, 0x50, 0x93, 0x77, 0x50, 0xb2, 0x72, 0x50, 0xa3, 0x50, 0x15, 0x7a, 0x50,
  0xff, 0x76, 0x50, 0xd0, 0x71, 0x50, 0xc6, 0x70, 0x50, 0x35, 0x61, 0xb9, 0x02, 0x50, 0x94, 0x76,
  0x50, 0xb3, 0x77, 0x50, 0xdf, 0x62, 0x79, 0x50, 0xd2, 0x61, 0xd8, 0x02, 0x50, 0x8b, 0x70, 0x50,
  0x1a, 0x62, 0x78, 0x50, 0x8a, 0x70, 0x50, 0x1a, 0x7f, 0x75, 0x50, 0xd3, 0x61, 0xdc, 0x02, 0x50,
  0xb4, 0x62, 0x50, 0x89, 0x70, 0x50, 0x1a, 0x7f, 0x70, 0x50, 0xd4, 0x61, 0xc0, 0x05, 0x50, 0x88,
  0x70, 0x50, 0x1a, 0x62, 0x79, 0x50, 0x89, 0x50, 0x1a, 0x74, 0x50, 0x95, 0x75, 0x50, 0xb5, 0x76,
  0x50, 0xd5, 0x61, 0xbf, 0x05, 0x50, 0x8a, 0x70, 0x50, 0x1a, 0x61, 0x78, 0x01, 0x50, 0xdf, 0x77,
  0x50, 0xd1, 0x61, 0x79, 0x01, 0x50, 0xd2, 0x61, 0xd9, 0x02, 0x50, 0x8b, 0x50, 0x1a, 0x7a, 0x50,
  0xb6, 0x61, 0xde, 0x02, 0x50, 0x8c, 0x70, 0x50, 0x1a, 0x61, 0xde, 0x05, 0x50, 0xd3, 0x61, 0xdc,
  0x02, 0x50, 0x8b, 0x70, 0x50, 0x1a, 0x77, 0x50, 0xa2, 0x70, 0x50, 0x15, 0x62, 0x50, 0x8a, 0x70,
  0x50, 0x1a, 0x75, 0x50, 0xa3, 0x70, 0x50, 0x15, 0x76, 0x50, 0xd4, 0x61, 0xde, 0x02, 0x50, 0xa4,
  0x70, 0x50, 0x15, 0x62, 0x74, 0x50, 0x89, 0x70, 0x50, 0x1a, 0x75, 0x50, 0xa5, 0x70, 0x50, 0x15,
  0x62, 0x75, 0x50, 0xa6, 0x70, 0x50, 0x15, 0x76, 0x50, 0xd5, 0x61, 0xde, 0x02, 0x50, 0x88, 0x50,
  0x1a, 0x75, 0x50, 0xa7, 0x70, 0x50, 0x15, 0x62, 0x72, 0x50, 0x89, 0x70, 0x50, 0x1a, 0x75, 0x50,
  0xa6, 0x70, 0x50, 0x15, 0x61, 0x70, 0x01, 0x50, 0xe4, 0x70, 0x50, 0xdf, 0x76, 0x50, 0xf1, 0x71,
  0x50, 0xe5, 0x61, 0x6b, 0x01, 0x50, 0xa5, 0x70, 0x50, 0x15, 0x62, 0x74, 0x50, 0x8a, 0x70, 0x50,
  0x1a, 0x74, 0x50, 0xa4, 0x70, 0x50, 0x15, 0x76, 0x50, 0xff, 0x62, 0x70, 0x50, 0xa3, 0x70, 0x50,
  0x15, 0x76, 0x50, 0xf4, 0x61, 0xdd, 0x02, 0x50, 0x8b, 0x50, 0x1a, 0x76, 0x50, 0xa2, 0x50, 0x15,
  0x7a, 0x50, 0xf5, 0x61, 0xd7, 0x02, 0x50, 0x8c, 0x70, 0x50, 0x1a, 0x75, 0x50, 0xa3, 0x70, 0x50,
  0x15, 0x62, 0x75, 0x50, 0xa4, 0x70, 0x50, 0x15, 0x62, 0x79, 0x50, 0xa5, 0x70, 0x50, 0x15, 0x79,
  0x50, 0xf6, 0x61, 0xd9, 0x02, 0x50, 0x8b, 0x70, 0x50, 0x1a, 0x75, 0x50, 0xa6, 0x70, 0x50, 0x15,
  0x62, 0x71, 0x50, 0x8a, 0x70, 0x50, 0x1a, 0x75, 0x50, 0xa7, 0x70, 0x50, 0x15, 0x62, 0x76, 0x50,
  0xa6, 0x70, 0x50, 0x15, 0x7a, 0x50, 0xf7, 0x61, 0xd8, 0x02, 0x50, 0x89, 0x70, 0x50, 0x1a, 0x75,
  0x50, 0xa5, 0x70, 0x50, 0x15, 0x62, 0x76, 0x50, 0xa4, 0x70, 0x50, 0x15, 0x76, 0x50, 0xff, 0x77,
  0x50, 0xd1, 0x71, 0x50, 0xc9, 0x70, 0x50, 0x38, 0x75, 0x50, 0xd2, 0x61, 0xcc, 0x02, 0x50, 0x88,
  0x50, 0x1a, 0x76, 0x50, 0xa3, 0x50, 0x15, 0x62, 0x72, 0x50, 0x89, 0x70, 0x50, 0x1a, 0x75, 0x50,
  0xa2, 0x70, 0x50, 0x15, 0x62, 0x76, 0x50, 0xa3, 0x70, 0x50, 0x15, 0x62, 0x73, 0x50, 0x8a, 0x70,
  0x50, 0x1a, 0x75, 0x50, 0xa4, 0x70, 0x50, 0x15, 0x7a, 0x50, 0xd3, 0x61, 0xdb, 0x02, 0x50, 0xa5,
  0x50, 0x15, 0x62, 0x74, 0x50, 0x8b, 0x70, 0x50, 0x1a, 0x75, 0x50, 0xa6, 0x70, 0x50, 0x15, 0x7b,
  0x50, 0xd4, 0x61, 0xd5, 0x02, 0x50, 0x8c, 0x70, 0x50, 0x1a, 0x75, 0x50, 0xa7, 0x70, 0x50, 0x15,
  0x62, 0x76, 0x50, 0xa6, 0x70, 0x50, 0x15, 0x62, 0x79, 0x50, 0xa5, 0x50, 0x15, 0x7b, 0x50, 0xd5,
  0x61, 0xd8, 0x02, 0x50, 0x8b, 0x50, 0x1a, 0x76, 0x50, 0xa4, 0x50, 0x15, 0x62, 0x72, 0x50, 0x97,
  0x73, 0x50, 0x8a, 0x70, 0x50, 0x1a, 0x79, 0x50, 0xa3, 0x70, 0x50, 0x15, 0x61, 0xdc, 0x02, 0x50,
  0x92, 0x71, 0x50, 0x8d, 0x70, 0x50, 0x11, 0x79, 0x50, 0x93, 0x74, 0x50, 0xa2, 0x70, 0x50, 0x15,
  0x75, 0x50, 0xdf, 0x77, 0x50, 0xd0, 0x71, 0x50, 0xc8, 0x70, 0x50, 0x3f, 0x61, 0xc2, 0x02, 0x50,
  0x8e, 0x50, 0x11, 0x74, 0x50, 0x94, 0x74, 0x50, 0xa3, 0x70, 0x50, 0x15, 0x77, 0x50, 0xdf, 0x61,
  0xd6, 0x02, 0x50, 0x8d, 0x70, 0x50, 0x11, 0x78, 0x50, 0xa4, 0x70, 0x50, 0x15, 0x76, 0x50, 0xd2,
  0x62, 0x50, 0xa5, 0x50, 0x15, 0x62, 0x79, 0x50, 0xa6, 0x50, 0x15, 0x76, 0x50, 0xd3, 0x61, 0xda,
  0x02, 0x50, 0x8c, 0x70, 0x50, 0x11, 0x78, 0x50, 0xa7, 0x70, 0x50, 0x15, 0x62, 0x76, 0x50, 0xa6,
  0x70, 0x50, 0x15, 0x76, 0x50, 0xd4, 0x62, 0x71, 0x50, 0xa5, 0x70, 0x50, 0x15, 0x62, 0x70, 0x50,
  0x8b, 0x70, 0x50, 0x11, 0x79, 0x50, 0xa4, 0x50, 0x15, 0x62, 0x50, 0x8c, 0x70, 0x50, 0x11, 0x73,
  0x50, 0x95, 0x74, 0x50, 0xa3, 0x70, 0x50, 0x15, 0x76, 0x50, 0xd5, 0x61, 0xde, 0x02, 0x50, 0xa2,
  0x70, 0x50, 0x15, 0x62, 0x79, 0x50, 0xa3, 0x70, 0x50, 0x15, 0x61, 0x72, 0x01, 0x50, 0xd0, 0x61,
  0x6e, 0x01, 0x50, 0x8d, 0x70, 0x50, 0x11, 0x78, 0x50, 0xa4, 0x70, 0x50, 0x15, 0x62, 0x76, 0x50,
  0xa5, 0x50, 0x15, 0x77, 0x50, 0xdf, 0x62, 0x71, 0x50, 0xa6, 0x70, 0x50, 0x15, 0x76, 0x50, 0xd2,
  0x61, 0xd9, 0x02, 0x50, 0x8e, 0x70, 0x50, 0x11, 0x75, 0x50, 0xa7, 0x50, 0x15, 0x62, 0x73, 0x50,
  0x8d, 0x70, 0x50, 0x11, 0x75, 0x50, 0xa6, 0x70, 0x50, 0x15, 0x76, 0x50, 0xd3, 0x61, 0xdd, 0x02,
  0x50, 0xa5, 0x70, 0x50, 0x15, 0x62, 0x79, 0x50, 0xa4, 0x50, 0x15, 0x76, 0x50, 0xd4, 0x61, 0xde,
  0x02, 0x50, 0x8c, 0x50, 0x11, 0x75, 0x50, 0xa3, 0x70, 0x50, 0x15, 0x62, 0x76, 0x50, 0xa2, 0x70,
  0x50, 0x15, 0x62, 0x78, 0x50, 0xa3, 0x70, 0x50, 0x15, 0x76, 0x50, 0xd5, 0x61, 0xdd, 0x02, 0x50,
  0x8b, 0x70, 0x50, 0x11, 0x75, 0x50, 0xa4, 0x70, 0x50, 0x15, 0x62, 0x72, 0x50, 0x8c, 0x70, 0x50,
  0x11, 0x75, 0x50, 0xa5, 0x70, 0x50, 0x15, 0x74, 0x50, 0xe4, 0x71, 0x50, 0xdf, 0x76, 0x50, 0xf1,
  0x70, 0x50, 0xe5, 0x61, 0xd6, 0x02, 0x50, 0xa6, 0x70, 0x50, 0x15, 0x77, 0x50, 0xff, 0x62, 0x70,
  0x50, 0xa7, 0x70, 0x50, 0x15, 0x76, 0x50, 0xf4, 0x61, 0xdd, 0x02, 0x50, 0x8d, 0x70, 0x50, 0x11,
  0x75, 0x50, 0xa6, 0x70, 0x50, 0x15, 0x62, 0x75, 0x50, 0xa5, 0x70, 0x50, 0x15, 0x7a, 0x50, 0xf5,
  0x61, 0xde, 0x02, 0x50, 0xa4, 0x50, 0x15, 0x62, 0x74, 0x50, 0x8e, 0x70, 0x50, 0x11, 0x75, 0x50,
  0xa3, 0x70, 0x50, 0x15, 0x62, 0x72, 0x50, 0x8d, 0x70, 0x50, 0x11, 0x75, 0x50, 0xa2, 0x70, 0x50,
  0x15, 0x79, 0x50, 0xf6, 0x61, 0xdc, 0x02, 0x50, 0xa3, 0x50, 0x15, 0x62, 0x78, 0x50, 0xa4, 0x70,
  0x50, 0x15, 0x62, 0x74, 0x50, 0x8c, 0x70, 0x50, 0x11, 0x75, 0x50, 0xa5, 0x50, 0x15, 0x7a, 0x50,
  0xf7, 0x61, 0xdb, 0x02, 0x50, 0xa6, 0x70, 0x50, 0x15, 0x62, 0x78, 0x50, 0xa7, 0x70, 0x50, 0x15,
  0x78, 0x50, 0xf1, 0x70, 0x50, 0xe5, 0x61, 0xda, 0x02, 0x50, 0x8b, 0x70, 0x50, 0x11, 0x75, 0x50,
  0xa6, 0x70, 0x50, 0x15, 0x77, 0x50, 0xff, 0x61, 0xda, 0x02, 0x50, 0x8c, 0x50, 0x11, 0x76, 0x50,
  0xa5, 0x50, 0x15, 0x76, 0x50, 0xf4, 0x62, 0x50, 0xa4, 0x50, 0x15, 0x62, 0x79, 0x50, 0xa3, 0x70,
  0x50, 0x15, 0x79, 0x50, 0xf5, 0x61, 0xd9, 0x02, 0x50, 0x8d, 0x70, 0x50, 0x11, 0x75, 0x50, 0xa2,
  0x70, 0x50, 0x15, 0x62, 0x77, 0x50, 0xa3, 0x50, 0x15, 0x62, 0x78, 0x50, 0xa4, 0x70, 0x50, 0x15,
  0x79, 0x50, 0xf6, 0x61, 0xda, 0x02, 0x50, 0x8e, 0x70, 0x50, 0x11, 0x75, 0x50, 0xa5, 0x70, 0x50,
  0x15, 0x62, 0x71, 0x50, 0x8d, 0x70, 0x50, 0x11, 0x74, 0x50, 0xa6, 0x70, 0x50, 0x15, 0x62, 0x76,
  0x50, 0xa7, 0x50, 0x15, 0x76, 0x50, 0xf7, 0x61, 0x6b, 0x01, 0x50, 0xb8, 0x61, 0x77, 0x01, 0x50,
  0xa6, 0x70, 0x50, 0x15, 0x73, 0x50, 0xb9, 0x61, 0x70, 0x01, 0x50, 0xb2, 0x72, 0x50, 0xad, 0x50,
  0x11, 0x76, 0x50, 0xff, 0x76, 0x50, 0xd0, 0x71, 0x50, 0xc0, 0x70, 0x50, 0x28, 0x61, 0x5c, 0x01,
  0x50, 0x8c, 0x70, 0x50, 0x11, 0x62, 0x7d, 0x50, 0xb3, 0x77, 0x50, 0xdf, 0x62, 0x78, 0x50, 0xd2,
  0x61, 0xdd, 0x02, 0x50, 0x8b, 0x70, 0x50, 0x11, 0x62, 0x79, 0x50, 0x8c, 0x70, 0x50, 0x11, 0x7c,
  0x50, 0xd3, 0x62, 0x70, 0x50, 0xb4, 0x62, 0x7f, 0x50, 0xd4, 0x61, 0xde, 0x02, 0x50, 0x8d, 0x50,
  0x11, 0x61, 0xd7, 0x05, 0x50, 0xb5, 0x76, 0x50, 0xd5, 0x61, 0xdd, 0x02, 0x50, 0x8e, 0x70, 0x50,
  0x11, 0x62, 0x79, 0x50, 0x8d, 0x50, 0x11, 0x61, 0x77, 0x01, 0x50, 0xdf, 0x78, 0x50, 0xd1, 0x61,
  0x75, 0x01, 0x50, 0xd2, 0x62, 0x72, 0x50, 0xb6, 0x62, 0x73, 0x50, 0x8c, 0x70, 0x50, 0x11, 0x61,
  0xde, 0x05, 0x50, 0xd3, 0x61, 0xdd, 0x02, 0x50, 0x8b, 0x70, 0x50, 0x11, 0x77, 0x50, 0xac, 0x70,
  0x50, 0x11, 0x62, 0x70, 0x50, 0x8c, 0x70, 0x50, 0x11, 0x75, 0x50, 0xad, 0x70, 0x50, 0x11, 0x7b,
  0x50, 0xd4, 0x61, 0xd9, 0x02, 0x50, 0xae, 0x70, 0x50, 0x11, 0x62, 0x78, 0x50, 0xaf, 0x70, 0x50,
  0x11, 0x62, 0x74, 0x50, 0x8d, 0x70, 0x50, 0x11, 0x7f, 0x50, 0xd5, 0x61, 0xdc, 0x02, 0x50, 0xa0,
  0x70, 0x50, 0x12, 0x62, 0x79, 0x50, 0xaf, 0x70, 0x50, 0x11, 0x74, 0x50, 0xe4, 0x70, 0x50, 0xdf,
  0x77, 0x50, 0xf1, 0x70, 0x50, 0xe5, 0x61, 0xd4, 0x02, 0x50, 0x8e, 0x70, 0x50, 0x11, 0x7b, 0x50,
  0xff, 0x61, 0xdd, 0x02, 0x50, 0x8d, 0x50, 0x11, 0x76, 0x50, 0xae, 0x50, 0x11, 0x76, 0x50, 0xf4,
  0x62, 0x50, 0xad, 0x50, 0x11, 0x62, 0x79, 0x50, 0xac, 0x70, 0x50, 0x11, 0x79, 0x50, 0xf5, 0x61,
  0xd9, 0x02, 0x50, 0x8c, 0x70, 0x50, 0x11, 0x76, 0x50, 0xad, 0x70, 0x50, 0x11, 0x62, 0x75, 0x50,
  0xae, 0x70, 0x50, 0x11, 0x62, 0x78, 0x50, 0xaf, 0x70, 0x50, 0x11, 0x79, 0x50, 0xf6, 0x61, 0xda,
  0x02, 0x50, 0x8b, 0x70, 0x50, 0x11, 0x62, 0x78, 0x50, 0x8c, 0x70, 0x50, 0x11, 0x75, 0x50, 0xa0,
  0x70, 0x50, 0x12, 0x62, 0x76, 0x50, 0xaf, 0x70, 0x50, 0x11, 0x79, 0x50, 0xf7, 0x61, 0xc2, 0x05,
  0x50, 0x8d, 0x70, 0x50, 0x11, 0x75, 0x50, 0xae, 0x70, 0x50, 0x11, 0x77, 0x50, 0xff, 0x76, 0x50,
  0xd1, 0x71, 0x50, 0xc6, 0x70, 0x50, 0x2a, 0x75, 0x50, 0xd2, 0x61, 0xce, 0x02, 0x50, 0xad, 0x70,
  0x50, 0x11, 0x62, 0x78, 0x50, 0xac, 0x70, 0x50, 0x11, 0x62, 0x74, 0x50, 0x8e, 0x50, 0x11, 0x76,
  0x50, 0xad, 0x70, 0x50, 0x11, 0x62, 0x71, 0x50, 0x8d, 0x70, 0x50, 0x11, 0x75, 0x50, 0xae, 0x70,
  0x50, 0x11, 0x7b, 0x50, 0xd3, 0x61, 0xd8, 0x02, 0x50, 0xaf, 0x70, 0x50, 0x11, 0x62, 0x7e, 0x50,
  0xd4, 0x62, 0x70, 0x50, 0x8c, 0x50, 0x11, 0x75, 0x50, 0xa0, 0x70, 0x50, 0x12, 0x62, 0x76, 0x50,
  0xaf, 0x70, 0x50, 0x11, 0x62, 0x7d, 0x50, 0xd5, 0x62, 0x70, 0x50, 0x8b, 0x70, 0x50, 0x11, 0x74,
  0x50, 0xae, 0x70, 0x50, 0x11, 0x61, 0x6e, 0x01, 0x50, 0x97, 0x75, 0x50, 0xb8, 0x61, 0x6f, 0x01,
  0x50, 0x8c, 0x50, 0x11, 0x79, 0x50, 0xad, 0x70, 0x50, 0x11, 0x73, 0x50, 0xb9, 0x61, 0x68, 0x01,
  0x50, 0x92, 0x71, 0x50, 0x83, 0x70, 0x50, 0x15, 0x78, 0x50, 0xb2, 0x71, 0x50, 0xab, 0x70, 0x50,
  0x1a, 0x74, 0x50, 0xdf, 0x77, 0x50, 0xd0, 0x71, 0x50, 0xc9, 0x70, 0x50, 0x2f, 0x61, 0x58, 0x01,
  0x50, 0x93, 0x62, 0x73, 0x50, 0x84, 0x70, 0x50, 0x15, 0x73, 0x50, 0x94, 0x76, 0x50, 0xb3, 0x76,
  0x50, 0xdf, 0x61, 0xd7, 0x02, 0x50, 0x83, 0x70, 0x50, 0x15, 0x7f, 0x70, 0x50, 0xd2, 0x61, 0xcf,
  0x05, 0x50, 0xd3, 0x61, 0xda, 0x02, 0x50, 0x82, 0x70, 0x50, 0x15, 0x79, 0x50, 0xb4, 0x62, 0x7d,
  0x50, 0xd4, 0x61, 0xda, 0x02, 0x50, 0x81, 0x70, 0x50, 0x15, 0x61, 0xd4, 0x05, 0x50, 0x95, 0x76,
  0x50, 0xb5, 0x75, 0x50, 0xd5, 0x61, 0xd9, 0x02, 0x50, 0x82, 0x70, 0x50, 0x15, 0x61, 0x64, 0x04,
  0x50, 0xd0, 0x61, 0x6e, 0x01, 0x50, 0x83, 0x50, 0x15, 0x61, 0xf3, 0x02, 0x50, 0xb6, 0x77, 0x50,
  0xdf, 0x62, 0x78, 0x50, 0xd2, 0x61, 0xd8, 0x02, 0x50, 0x84, 0x70, 0x50, 0x15, 0x7f, 0x72, 0x50,
  0xd3, 0x61, 0xd6, 0x02, 0x50, 0x83, 0x70, 0x50, 0x15, 0x62, 0x7f, 0x50, 0xaa, 0x70, 0x50, 0x1a,
  0x7a, 0x50, 0xd4, 0x61, 0xdb, 0x02, 0x50, 0xab, 0x50, 0x1a, 0x62, 0x74, 0x50, 0x82, 0x70, 0x50,
  0x15, 0x75, 0x50, 0xac, 0x70, 0x50, 0x1a, 0x62, 0x75, 0x50, 0xad, 0x70, 0x50, 0x1a, 0x7b, 0x50,
  0xd5, 0x61, 0xd8, 0x02, 0x50, 0x81, 0x70, 0x50, 0x15, 0x75, 0x50, 0xae, 0x70, 0x50, 0x1a, 0x62,
  0x71, 0x50, 0x97, 0x7c, 0x50, 0xb8, 0x73, 0x50, 0xa0, 0x70, 0x50, 0x1b, 0x73, 0x50, 0xb9, 0x61,
  0xd6, 0x02, 0x50, 0x92, 0x71, 0x50, 0x80, 0x70, 0x50, 0x14, 0x79, 0x50, 0x93, 0x78, 0x50, 0xb2,
  0x71, 0x50, 0xad, 0x70, 0x50, 0x17, 0x77, 0x50, 0xe4, 0x70, 0x50, 0xdf, 0x76, 0x50, 0xf1, 0x71,
  0x50, 0xe5, 0x61, 0xbb, 0x02, 0x50, 0x81, 0x70, 0x50, 0x14, 0x74, 0x50, 0x94, 0x76, 0x50, 0xb3,
  0x76, 0x50, 0xff, 0x61, 0xd6, 0x02, 0x50, 0x80, 0x70, 0x50, 0x14, 0x7f, 0x71, 0x50, 0xf4, 0x61,
  0xd2, 0x05, 0x50, 0xf5, 0x61, 0xd6, 0x02, 0x50, 0x8f, 0x70, 0x50, 0x13, 0x7a, 0x50, 0xb4, 0x61,
  0xc6, 0x05, 0x50, 0x8e, 0x70, 0x50, 0x13, 0x7f, 0x74, 0x50, 0xf6, 0x61, 0xc0, 0x05, 0x50, 0x95,
  0x76, 0x50, 0xb5, 0x61, 0xde, 0x02, 0x50, 0x8f, 0x70, 0x50, 0x13, 0x7f, 0x75, 0x50, 0xf7, 0x61,
  0x4d, 0x04, 0x50, 0xf1, 0x71, 0x50, 0xe5, 0x61, 0x6c, 0x01, 0x50, 0x80, 0x70, 0x50, 0x14, 0x61,
  0xf2, 0x02, 0x50, 0xb6, 0x75, 0x50, 0xff, 0x62, 0x79, 0x50, 0xf4, 0x61, 0xda, 0x02, 0x50, 0x81,
  0x50, 0x14, 0x62, 0x79, 0x50, 0x80, 0x70, 0x50, 0x14, 0x7c, 0x50, 0xf5, 0x62, 0x71, 0x50, 0xac,
  0x70, 0x50, 0x17, 0x62, 0x76, 0x50, 0xad, 0x70, 0x50, 0x17, 0x62, 0x74, 0x50, 0x8f, 0x70, 0x50,
  0x13, 0x74, 0x50, 0xae, 0x70, 0x50, 0x17, 0x75, 0x50, 0xf6, 0x62, 0x70, 0x50, 0xaf, 0x70, 0x50,
  0x17, 0x62, 0x74, 0x50, 0x8e, 0x70, 0x50, 0x13, 0x75, 0x50, 0xa0, 0x50, 0x18, 0x62, 0x76, 0x50,
  0xa1, 0x70, 0x50, 0x18, 0x75, 0x50, 0xf7, 0x61, 0x6a, 0x01, 0x50, 0x97, 0x75, 0x50, 0xb8, 0x61,
  0x77, 0x01, 0x50, 0xa0, 0x70, 0x50, 0x18, 0x73, 0x50, 0xb9, 0x61, 0x6a, 0x01, 0x50, 0x92, 0x71,
  0x50, 0x8c, 0x70, 0x50, 0x17, 0x79, 0x50, 0xb2, 0x71, 0x50, 0xad, 0x70, 0x50, 0x1f, 0x75, 0x50,
  0xff, 0x76, 0x50, 0xd0, 0x61, 0x57, 0x01, 0x50, 0x8d, 0x70, 0x50, 0x17, 0x74, 0x50, 0x93, 0x62,
  0x73, 0x50, 0x94, 0x76, 0x50, 0xb3, 0x76, 0x50, 0xdf, 0x62, 0x79, 0x50, 0xd2, 0x61, 0xd9, 0x02,
  0x50, 0x8c, 0x70, 0x50, 0x17, 0x62, 0x78, 0x50, 0x8b, 0x70, 0x50, 0x17, 0x7f, 0x70, 0x50, 0xd3,
  0x62, 0x70, 0x50, 0xb4, 0x62, 0x70, 0x50, 0x8a, 0x70, 0x50, 0x17, 0x7f, 0x70, 0x50, 0xd4, 0x61,
  0xc0, 0x05, 0x50, 0x89, 0x70, 0x50, 0x17, 0x62, 0x7a, 0x50, 0x8a, 0x50, 0x17, 0x74, 0x50, 0x95,
  0x76, 0x50, 0xb5, 0x7a, 0x50, 0xd5, 0x61, 0xba, 0x05, 0x50, 0x8b, 0x70, 0x50, 0x17, 0x7f, 0x50,
  0xdf, 0x77, 0x50, 0xd1, 0x79, 0x50, 0xd2, 0x61, 0xb0, 0x05, 0x50, 0x8c, 0x50, 0x17, 0x7b, 0x50,
  0xb6, 0x61, 0xdd, 0x02, 0x50, 0x8d, 0x50, 0x17, 0x61, 0xfa, 0x02, 0x50, 0xd3, 0x61, 0xc1, 0x05,
  0x50, 0x8c, 0x70, 0x50, 0x17, 0x77, 0x50, 0xac, 0x70, 0x50, 0x1f, 0x7b, 0x50, 0xd4, 0x61, 0xd3,
  0x02, 0x50, 0x8b, 0x70, 0x50, 0x17, 0x76, 0x50, 0xad, 0x50, 0x1f, 0x62, 0x76, 0x50, 0xae, 0x50,
  0x1f, 0x62, 0x74, 0x50, 0x8a, 0x70, 0x50, 0x17, 0x75, 0x50, 0xa0, 0x70, 0x50, 0x20, 0x7b, 0x50,
  0xd5, 0x61, 0xda, 0x02, 0x50, 0xa1, 0x70, 0x50, 0x20, 0x62, 0x74, 0x50, 0x89, 0x50, 0x17, 0x75,
  0x50, 0xa2, 0x70, 0x50, 0x20, 0x62, 0x72, 0x50, 0x8a, 0x70, 0x50, 0x17, 0x76, 0x50, 0xa1, 0x50,
  0x20, 0x75, 0x50, 0xe4, 0x70, 0x50, 0xdf, 0x76, 0x50, 0xf1, 0x70, 0x50, 0xe5, 0x61, 0xd6, 0x02,
  0x50, 0xa0, 0x70, 0x50, 0x20, 0x77, 0x50, 0xff, 0x61, 0xdc, 0x02, 0x50, 0x8b, 0x70, 0x50, 0x17,
  0x75, 0x50, 0xae, 0x70, 0x50, 0x1f, 0x76, 0x50, 0xf4, 0x61, 0xde, 0x02, 0x50, 0xad, 0x70, 0x50,
  0x1f, 0x62, 0x74, 0x50, 0x8c, 0x70, 0x50, 0x17, 0x75, 0x50, 0xac, 0x70, 0x50, 0x1f, 0x79, 0x50,
  0xf5, 0x61, 0xd7, 0x02, 0x50, 0x8d, 0x70, 0x50, 0x17, 0x76, 0x50, 0xad, 0x50, 0x1f, 0x62, 0x76,
  0x50, 0xae, 0x70, 0x50, 0x1f, 0x62, 0x78, 0x50, 0xa0, 0x70, 0x50, 0x20, 0x7a, 0x50, 0xf6, 0x61,
  0xd8, 0x02, 0x50, 0x8c, 0x70, 0x50, 0x17, 0x75, 0x50, 0xa1, 0x50, 0x20, 0x62, 0x72, 0x50, 0x8b,
  0x70, 0x50, 0x17, 0x75, 0x50, 0xa2, 0x50, 0x20, 0x62, 0x77, 0x50, 0xa1, 0x70, 0x50, 0x20, 0x75,
  0x50, 0xf7, 0x61, 0xdd, 0x02, 0x50, 0x8a, 0x70, 0x50, 0x17, 0x75, 0x50, 0xa0, 0x70, 0x50, 0x20,
  0x61, 0x72, 0x01, 0x50, 0xff, 0x76, 0x50, 0xd1, 0x71, 0x50, 0xc6, 0x70, 0x50, 0x35, 0x61, 0x6a,
  0x01, 0x50, 0xae, 0x50, 0x1f, 0x77, 0x50, 0xd2, 0x61, 0xdd, 0x02, 0x50, 0x89, 0x50, 0x17, 0x75,
  0x50, 0xad, 0x70, 0x50, 0x1f, 0x62, 0x72, 0x50, 0x8a, 0x70, 0x50, 0x17, 0x75, 0x50, 0xac, 0x70,
  0x50, 0x1f, 0x62, 0x75, 0x50, 0xad, 0x70, 0x50, 0x1f, 0x62, 0x74, 0x50, 0x8b, 0x70, 0x50, 0x17,
  0x74, 0x50, 0xae, 0x70, 0x50, 0x1f, 0x76, 0x50, 0xd3, 0x62, 0x50, 0xa0, 0x70, 0x50, 0x20, 0x62,
  0x74, 0x50, 0x8c, 0x70, 0x50, 0x17, 0x75, 0x50, 0xa1, 0x70, 0x50, 0x20, 0x75, 0x50, 0xd4, 0x61,
  0xdb, 0x02, 0x50, 0x8d, 0x70, 0x50, 0x17, 0x75, 0x50, 0xa2, 0x70, 0x50, 0x20, 0x62, 0x76, 0x50,
  0xa1, 0x70, 0x50, 0x20, 0x62, 0x78, 0x50, 0xa0, 0x70, 0x50, 0x20, 0x76, 0x50, 0xd5, 0x61, 0xdd,
  0x02, 0x50, 0x8c, 0x50, 0x17, 0x75, 0x50, 0xae, 0x70, 0x50, 0x1f, 0x61, 0x6e, 0x01, 0x50, 0x97,
  0x75, 0x50, 0xb8, 0x61, 0x6e, 0x01, 0x50, 0x8b, 0x70, 0x50, 0x17, 0x78, 0x50, 0xad, 0x70, 0x50,
  0x1f, 0x73, 0x50, 0xb9, 0x61, 0x68, 0x01, 0x50, 0x92, 0x72, 0x50, 0x8e, 0x70, 0x50, 0x0f, 0x78,
  0x50, 0xb2, 0x72, 0x50, 0xa0, 0x70, 0x50, 0x14, 0x75, 0x50, 0xdf, 0x77, 0x50, 0xd0, 0x71, 0x50,
  0xc9, 0x70, 0x50, 0x38, 0x61, 0x56, 0x01, 0x50, 0x93, 0x62, 0x73, 0x50, 0x8f, 0x70, 0x50, 0x0f,
  0x73, 0x50, 0x94, 0x76, 0x50, 0xb3, 0x76, 0x50, 0xdf, 0x61, 0xd7, 0x02, 0x50, 0x8e, 0x50, 0x0f,
  0x7f, 0x71, 0x50, 0xd2, 0x61, 0xcf, 0x05, 0x50, 0xd3, 0x61, 0xda, 0x02, 0x50, 0x8d, 0x70, 0x50,
  0x0f, 0x7a, 0x50, 0xb4, 0x61, 0xf2, 0x02, 0x50, 0xd4, 0x61, 0xbd, 0x05, 0x50, 0x8c, 0x70, 0x50,
  0x0f, 0x62, 0x79, 0x50, 0x8d, 0x70, 0x50, 0x0f, 0x73, 0x50, 0x95, 0x76, 0x50, 0xb5, 0x7a, 0x50,
  0xd5, 0x61, 0xcd, 0x05, 0x50, 0xd0, 0x61, 0xd7, 0x02, 0x50, 0x8e, 0x70, 0x50, 0x0f, 0x7f, 0x72,
  0x50, 0xdf, 0x62, 0x50, 0xb6, 0x76, 0x50, 0xd2, 0x61, 0xc1, 0x05, 0x50, 0x8f, 0x70, 0x50, 0x0f,
  0x7f, 0x72, 0x50, 0xd3, 0x61, 0xd6, 0x02, 0x50, 0x8e, 0x50, 0x0f, 0x61, 0xf0, 0x02, 0x50, 0xaf,
  0x50, 0x13, 0x7b, 0x50, 0xd4, 0x61, 0xda, 0x02, 0x50, 0xa0, 0x70, 0x50, 0x14, 0x62, 0x74, 0x50,
  0x8d, 0x50, 0x0f, 0x75, 0x50, 0xa1, 0x70, 0x50, 0x14, 0x62, 0x76, 0x50, 0xa2, 0x70, 0x50, 0x14,
  0x7b, 0x50, 0xd5, 0x61, 0xdc, 0x02, 0x50, 0xa3, 0x70, 0x50, 0x14, 0x62, 0x74, 0x50, 0x8c, 0x70,
  0x50, 0x0f, 0x62, 0x78, 0x50, 0x8d, 0x70, 0x50, 0x0f, 0x7a, 0x50, 0xe4, 0x70, 0x50, 0xdf, 0x76,
  0x50, 0xf1, 0x71, 0x50, 0xe5, 0x61, 0xd8, 0x02, 0x50, 0xa2, 0x50, 0x14, 0x77, 0x50, 0xff, 0x62,
  0x71, 0x50, 0xa1, 0x50, 0x14, 0x76, 0x50, 0xf4, 0x61, 0xdd, 0x02, 0x50, 0x8e, 0x70, 0x50, 0x0f,
  0x75, 0x50, 0xa0, 0x70, 0x50, 0x14, 0x62, 0x75, 0x50, 0xaf, 0x70, 0x50, 0x13, 0x75, 0x50, 0xf5,
  0x62, 0x73, 0x50, 0xa0, 0x50, 0x14, 0x62, 0x74, 0x50, 0x8f, 0x70, 0x50, 0x0f, 0x75, 0x50, 0xa1,
  0x70, 0x50, 0x14, 0x62, 0x72, 0x50, 0x8e, 0x70, 0x50, 0x0f, 0x74, 0x50, 0xa2, 0x70, 0x50, 0x14,
  0x75, 0x50, 0xf6, 0x62, 0x70, 0x50, 0xa3, 0x50, 0x14, 0x61, 0xce, 0x05, 0x50, 0x8d, 0x70, 0x50,
  0x0f, 0x79, 0x50, 0xf7, 0x62, 0x72, 0x50, 0xa2, 0x70, 0x50, 0x14, 0x61, 0x76, 0x01, 0x50, 0xf1,
  0x70, 0x50, 0xe5, 0x61, 0x71, 0x01, 0x50, 0xa1, 0x70, 0x50, 0x14, 0x62, 0x74, 0x50, 0x8c, 0x70,
  0x50, 0x0f, 0x74, 0x50, 0xa0, 0x70, 0x50, 0x14, 0x76, 0x50, 0xff, 0x61, 0xdc, 0x02, 0x50, 0x8d,
  0x50, 0x0f, 0x75, 0x50, 0xaf, 0x70, 0x50, 0x13, 0x75, 0x50, 0xf4, 0x62, 0x70, 0x50, 0xa0, 0x50,
  0x14, 0x62, 0x78, 0x50, 0xa1, 0x70, 0x50, 0x14, 0x75, 0x50, 0xf5, 0x61, 0xde, 0x02, 0x50, 0x8e,
  0x70, 0x50, 0x0f, 0x75, 0x50, 0xa2, 0x70, 0x50, 0x14, 0x62, 0x76, 0x50, 0xa3, 0x50, 0x14, 0x62,
  0x7d, 0x50, 0xf6, 0x62, 0x71, 0x50, 0x8f, 0x70, 0x50, 0x0f, 0x62, 0x78, 0x50, 0x8e, 0x70, 0x50,
  0x0f, 0x75, 0x50, 0xa2, 0x70, 0x50, 0x14, 0x62, 0x75, 0x50, 0xa1, 0x70, 0x50, 0x14, 0x75, 0x50,
  0xf7, 0x61, 0x6a, 0x01, 0x50, 0x97, 0x75, 0x50, 0xb8, 0x61, 0x76, 0x01, 0x50, 0xa0, 0x70, 0x50,
  0x14, 0x73, 0x50, 0xb9, 0x61, 0x6b, 0x01, 0x50, 0x92, 0x71, 0x50, 0x8d, 0x70, 0x50, 0x11, 0x78,
  0x50, 0xb2, 0x71, 0x50, 0xa3, 0x70, 0x50, 0x15, 0x75, 0x50, 0xff, 0x76, 0x50, 0xd0, 0x72, 0x50,
  0xca, 0x50, 0x23, 0x61, 0x59, 0x01, 0x50, 0x93, 0x62, 0x73, 0x50, 0x8e, 0x70, 0x50, 0x11, 0x73,
  0x50, 0x94, 0x76, 0x50, 0xb3, 0x77, 0x50, 0xdf, 0x61, 0xd5, 0x02, 0x50, 0x8d, 0x70, 0x50, 0x11,
  0x7f, 0x72, 0x50, 0xd2, 0x62, 0x7a, 0x50, 0xd3, 0x61, 0xbd, 0x05, 0x50, 0x8c, 0x70, 0x50, 0x11,
  0x7b, 0x50, 0xb4, 0x7a, 0x50, 0xd4, 0x61, 0xa4, 0x08, 0x50, 0x8b, 0x50, 0x11, 0x7f, 0x76, 0x50,
  0xd5, 0x61, 0xd2, 0x02, 0x50, 0x8c, 0x70, 0x50, 0x11, 0x73, 0x50, 0x95, 0x77, 0x50, 0xb5, 0x61,
  0xd4, 0x05, 0x50, 0xdf, 0x77, 0x50, 0xd1, 0x78, 0x50, 0xd2, 0x61, 0xc9, 0x02, 0x50, 0x8d, 0x70,
  0x50, 0x11, 0x61, 0xf2, 0x02, 0x50, 0xb6, 0x61, 0xc8, 0x05, 0x50, 0x8e, 0x70, 0x50, 0x11, 0x7f,
  0x72, 0x50, 0xd3, 0x61, 0xd6, 0x02, 0x50, 0x8d, 0x70, 0x50, 0x11, 0x62, 0x7f, 0x50, 0xa2, 0x70,
  0x50, 0x15, 0x7a, 0x50, 0xd4, 0x61, 0xdb, 0x02, 0x50, 0xa3, 0x70, 0x50, 0x15, 0x62, 0x73, 0x50,
  0x8c, 0x70, 0x50, 0x11, 0x75, 0x50, 0xa4, 0x70, 0x50, 0x15, 0x62, 0x76, 0x50, 0xa5, 0x50, 0x15,
  0x7b, 0x50, 0xd5, 0x61, 0xdd, 0x02, 0x50, 0xa6, 0x50, 0x15, 0x62, 0x74, 0x50, 0x8b, 0x70, 0x50,
  0x11, 0x74, 0x50, 0xa7, 0x70, 0x50, 0x15, 0x61, 0x71, 0x01, 0x50, 0xe4, 0x70, 0x50, 0xdf, 0x77,
  0x50, 0xf1, 0x70, 0x50, 0xe5, 0x61, 0x67, 0x01, 0x50, 0x8c, 0x70, 0x50, 0x11, 0x75, 0x50, 0xa6,
  0x70, 0x50, 0x15, 0x62, 0x75, 0x50, 0xa5, 0x70, 0x50, 0x15, 0x76, 0x50, 0xff, 0x62, 0x71, 0x50,
  0xa4, 0x70, 0x50, 0x15, 0x75, 0x50, 0xf4, 0x61, 0xde, 0x02, 0x50, 0x8d, 0x70, 0x50, 0x11, 0x75,
  0x50, 0xa3, 0x50, 0x15, 0x62, 0x76, 0x50, 0xa2, 0x70, 0x50, 0x15, 0x75, 0x50, 0xf5, 0x62, 0x73,
  0x50, 0xa3, 0x70, 0x50, 0x15, 0x62, 0x74, 0x50, 0x8e, 0x50, 0x11, 0x75, 0x50, 0xa4, 0x70, 0x50,
  0x15, 0x62, 0x72, 0x50, 0x8d, 0x70, 0x50, 0x11, 0x75, 0x50, 0xa5, 0x50, 0x15, 0x76, 0x50, 0xf6,
  0x62, 0x50, 0xa6, 0x70, 0x50, 0x15, 0x62, 0x78, 0x50, 0xa7, 0x70, 0x50, 0x15, 0x62, 0x74, 0x50,
  0x8c, 0x70, 0x50, 0x11, 0x75, 0x50, 0xa6, 0x70, 0x50, 0x15, 0x75, 0x50, 0xf7, 0x62, 0x50, 0xa5,
  0x70, 0x50, 0x15, 0x61, 0x74, 0x01, 0x50, 0xff, 0x76, 0x50, 0xd1, 0x72, 0x50, 0xc8, 0x70, 0x50,
  0x3f, 0x61, 0x69, 0x01, 0x50, 0xa4, 0x70, 0x50, 0x15, 0x77, 0x50, 0xd2, 0x61, 0xdc, 0x02, 0x50,
  0x8b, 0x70, 0x50, 0x11, 0x75, 0x50, 0xa3, 0x70, 0x50, 0x15, 0x62, 0x72, 0x50, 0x8c, 0x70, 0x50,
  0x11, 0x75, 0x50, 0xa2, 0x50, 0x15, 0x62, 0x76, 0x50, 0xa3, 0x70, 0x50, 0x15, 0x62, 0x78, 0x50,
  0xa4, 0x50, 0x15, 0x76, 0x50, 0xd3, 0x61, 0xde, 0x02, 0x50, 0x8d, 0x70, 0x50, 0x11, 0x74, 0x50,
  0xa5, 0x70, 0x50, 0x15, 0x62, 0x76, 0x50, 0xa6, 0x70, 0x50, 0x15, 0x76, 0x50, 0xd4, 0x62, 0x71,
  0x50, 0xa7, 0x70, 0x50, 0x15, 0x62, 0x75, 0x50, 0x8e, 0x50, 0x11, 0x76, 0x50, 0xa6, 0x70, 0x50,
  0x15, 0x62, 0x71, 0x50, 0x8d, 0x70, 0x50, 0x11, 0x75, 0x50, 0xa5, 0x70, 0x50, 0x15, 0x7b, 0x50,
  0xd5, 0x61, 0xd5, 0x02, 0x50, 0x97, 0x7b, 0x50, 0xb8, 0x74, 0x50, 0xa4, 0x70, 0x50, 0x15, 0x73,
  0x50, 0xb9, 0x61, 0xd6, 0x02, 0x50, 0x92, 0x71, 0x50, 0x8b, 0x70, 0x50, 0x1a, 0x76, 0x50, 0x8c,
  0x50, 0x1a, 0x75, 0x50, 0x93, 0x78, 0x50, 0xb2, 0x71, 0x50, 0xad, 0x70, 0x50, 0x1f, 0x77, 0x50,
  0xdf, 0x77, 0x50, 0xd0, 0x72, 0x50, 0xc9, 0x50, 0x38, 0x61, 0xba, 0x02, 0x50, 0x94, 0x76, 0x50,
  0xb3, 0x77, 0x50, 0xdf, 0x62, 0x79, 0x50, 0xd2, 0x61, 0xd7, 0x02, 0x50, 0x8b, 0x70, 0x50, 0x1a,
  0x62, 0x78, 0x50, 0x8a, 0x70, 0x50, 0x1a, 0x7f, 0x76, 0x50, 0xd3, 0x61, 0xdb, 0x02, 0x50, 0xb4,
  0x62, 0x70, 0x50, 0x89, 0x50, 0x1a, 0x7f, 0x76, 0x50, 0xd4, 0x61, 0xbb, 0x05, 0x50, 0x88, 0x70,
  0x50, 0x1a, 0x62, 0x79, 0x50, 0x89, 0x50, 0x1a, 0x74, 0x50, 0x95, 0x76, 0x50, 0xb5, 0x7a, 0x50,
  0xd5, 0x61, 0xba, 0x05, 0x50, 0x8a, 0x70, 0x50, 0x1a, 0x61, 0xfa, 0x02, 0x50, 0xd0, 0x61, 0xd7,
  0x02, 0x50, 0x8b, 0x70, 0x50, 0x1a, 0x7b, 0x50, 0xb6, 0x76, 0x50, 0xdf, 0x61, 0xd6, 0x02, 0x50,
  0x8c, 0x50, 0x1a, 0x7f, 0x72, 0x50, 0xd2, 0x61, 0xd1, 0x05, 0x50, 0xd3, 0x61, 0xd7, 0x02, 0x50,
  0x8b, 0x70, 0x50, 0x1a, 0x77, 0x50, 0xac, 0x70, 0x50, 0x1f, 0x62, 0x50, 0x8a, 0x70, 0x50, 0x1a,
  0x75, 0x50, 0xad, 0x70, 0x50, 0x1f, 0x7b, 0x50, 0xd4, 0x61, 0xd9, 0x02, 0x50, 0xae, 0x50, 0x1f,
  0x62, 0x75, 0x50, 0x89, 0x70, 0x50, 0x1a, 0x74, 0x50, 0xa0, 0x70, 0x50, 0x20, 0x62, 0x76, 0x50,
  0xa1, 0x70, 0x50, 0x20, 0x76, 0x50, 0xd5, 0x61, 0xdd, 0x02, 0x50, 0x88, 0x70, 0x50, 0x1a, 0x74,
  0x50, 0xa2, 0x70, 0x50, 0x20, 0x61, 0x6e, 0x01, 0x50, 0x97, 0x75, 0x50, 0xb8, 0x61, 0x6f, 0x01,
  0x50, 0x89, 0x50, 0x1a, 0x79, 0x50, 0xa1, 0x70, 0x50, 0x20, 0x74, 0x50, 0xb9, 0x61, 0x67, 0x01,
  0x50, 0x92, 0x71, 0x50, 0x8c, 0x70, 0x50, 0x17, 0x78, 0x50, 0xb2, 0x71, 0x50, 0xa5, 0x70, 0x50,
  0x1c, 0x74, 0x50, 0xe4, 0x70, 0x50, 0xdf, 0x77, 0x50, 0xf1, 0x70, 0x50, 0xe5, 0x61, 0x56, 0x01,
  0x50, 0x8d, 0x70, 0x50, 0x17, 0x74, 0x50, 0x93, 0x62, 0x73, 0x50, 0x94, 0x76, 0x50, 0xb3, 0x75,
  0x50, 0xff, 0x62, 0x79, 0x50, 0xf4, 0x61, 0xda, 0x02, 0x50, 0x8c, 0x50, 0x17, 0x62, 0x79, 0x50,
  0x8b, 0x70, 0x50, 0x17, 0x7f, 0x50, 0xf5, 0x62, 0x71, 0x50, 0xb4, 0x62, 0x70, 0x50, 0x8a, 0x70,
  0x50, 0x17, 0x61, 0xf7, 0x02, 0x50, 0xf6, 0x61, 0xda, 0x02, 0x50, 0x89, 0x70, 0x50, 0x17, 0x62,
  0x79, 0x50, 0x8a, 0x70, 0x50, 0x17, 0x73, 0x50, 0x95, 0x76, 0x50, 0xb5, 0x62, 0x7b, 0x50, 0xf7,
  0x61, 0xdb, 0x02, 0x50, 0x8b, 0x50, 0x17, 0x61, 0x7b, 0x01, 0x50, 0xf1, 0x70, 0x50, 0xe5, 0x61,
  0x56, 0x04, 0x50, 0x8c, 0x70, 0x50, 0x17, 0x7a, 0x50, 0xb6, 0x75, 0x50, 0xff, 0x61, 0xd7, 0x02,
  0x50, 0x8d, 0x70, 0x50, 0x17, 0x7f, 0x70, 0x50, 0xf4, 0x61, 0xd1, 0x05, 0x50, 0xf5, 0x61, 0xd9,
  0x02, 0x50, 0x8c, 0x50, 0x17, 0x78, 0x50, 0xa4, 0x70, 0x50, 0x1c, 0x62, 0x50, 0x8b, 0x70, 0x50,
  0x17, 0x75, 0x50, 0xa5, 0x70, 0x50, 0x1c, 0x62, 0x75, 0x50, 0xa6, 0x70, 0x50, 0x1c, 0x7a, 0x50,
  0xf6, 0x61, 0xd9, 0x02, 0x50, 0x8a, 0x70, 0x50, 0x17, 0x75, 0x50, 0xa7, 0x70, 0x50, 0x1c, 0x62,
  0x76, 0x50, 0xa9, 0x50, 0x1c, 0x62, 0x74, 0x50, 0x97, 0x73, 0x50, 0x89, 0x70, 0x50, 0x17, 0x79,
  0x50, 0xb8, 0x74, 0x50, 0xaa, 0x50, 0x1c, 0x74, 0x50, 0xb9, 0x79, 0x50, 0xf7, 0x61, 0xcc, 0x02,
  0x50, 0x92, 0x71, 0x50, 0x8b, 0x70, 0x50, 0x1a, 0x76, 0x50, 0x8c, 0x70, 0x50, 0x1a, 0x74, 0x50,
  0x93, 0x78, 0x50, 0xb2, 0x71, 0x50, 0xad, 0x70, 0x50, 0x17, 0x78, 0x50, 0xff, 0x78, 0x50, 0xd0,
  0x71, 0x50, 0xc6, 0x70, 0x50, 0x35, 0x61, 0xb5, 0x02, 0x50, 0x94, 0x76, 0x50, 0xb3, 0x77, 0x50,
  0xdf, 0x62, 0x79, 0x50, 0xd2, 0x61, 0xd8, 0x02, 0x50, 0x8b, 0x50, 0x1a, 0x62, 0x79, 0x50, 0x8a,
  0x70, 0x50, 0x1a, 0x7f, 0x75, 0x50, 0xd3, 0x61, 0xdc, 0x02, 0x50, 0xb4, 0x62, 0x50, 0x89, 0x70,
  0x50, 0x1a, 0x7f, 0x75, 0x50, 0xd4, 0x61, 0xbb, 0x05, 0x50, 0x88, 0x70, 0x50, 0x1a, 0x62, 0x79,
  0x50, 0x89, 0x70, 0x50, 0x1a, 0x73, 0x50, 0x95, 0x76, 0x50, 0xb5, 0x7a, 0x50, 0xd5, 0x61, 0xbb,
  0x05, 0x50, 0x8a, 0x50, 0x1a, 0x61, 0xf7, 0x02, 0x50, 0xdf, 0x77, 0x50, 0xd1, 0x79, 0x50, 0xd2,
  0x61, 0xc9, 0x02, 0x50, 0x8b, 0x70, 0x50, 0x1a, 0x7a, 0x50, 0xb6, 0x61, 0xdd, 0x02, 0x50, 0x8c,
  0x70, 0x50, 0x1a, 0x61, 0xdd, 0x05, 0x50, 0xd3, 0x61, 0xdd, 0x02, 0x50, 0x8b, 0x70, 0x50, 0x1a,
  0x77, 0x50, 0xac, 0x70, 0x50, 0x17, 0x62, 0x50, 0x8a, 0x70, 0x50, 0x1a, 0x75, 0x50, 0xad, 0x70,
  0x50, 0x17, 0x76, 0x50, 0xd4, 0x61, 0xde, 0x02, 0x50, 0xae, 0x70, 0x50, 0x17, 0x62, 0x74, 0x50,
  0x89, 0x70, 0x50, 0x1a, 0x75, 0x50, 0xaf, 0x50, 0x17, 0x62, 0x76, 0x50, 0xa0, 0x70, 0x50, 0x18,
  0x76, 0x50, 0xd5, 0x61, 0xdd, 0x02, 0x50, 0x88, 0x70, 0x50, 0x1a, 0x75, 0x50, 0xa1, 0x70, 0x50,
  0x18, 0x62, 0x72, 0x50, 0x89, 0x70, 0x50, 0x1a, 0x75, 0x50, 0xa0, 0x70, 0x50, 0x18, 0x61, 0x70,
  0x01, 0x50, 0xe4, 0x70, 0x50, 0xdf, 0x76, 0x50, 0xf1, 0x70, 0x50, 0xe5, 0x61, 0x6c, 0x01, 0x50,
  0xaf, 0x50, 0x17, 0x62, 0x75, 0x50, 0x8a, 0x70, 0x50, 0x1a, 0x74, 0x50, 0xae, 0x70, 0x50, 0x17,
  0x76, 0x50, 0xff, 0x62, 0x50, 0xad, 0x70, 0x50, 0x17, 0x75, 0x50, 0xf4, 0x61, 0xde, 0x02, 0x50,
  0x8b, 0x70, 0x50, 0x1a, 0x74, 0x50, 0xac, 0x70, 0x50, 0x17, 0x62, 0x72, 0x50, 0x8c, 0x70, 0x50,
  0x1a, 0x75, 0x50, 0xad, 0x70, 0x50, 0x17, 0x75, 0x50, 0xf5, 0x62, 0x50, 0xae, 0x70, 0x50, 0x17,
  0x62, 0x79, 0x50, 0xaf, 0x70, 0x50, 0x17, 0x62, 0x73, 0x50, 0x8b, 0x70, 0x50, 0x1a, 0x75, 0x50,
  0xa0, 0x70, 0x50, 0x18, 0x75, 0x50, 0xf6, 0x61, 0xdc, 0x02, 0x50, 0x8a, 0x50, 0x1a, 0x75, 0x50,
  0xa1, 0x70, 0x50, 0x18, 0x62, 0x76, 0x50, 0xa0, 0x70, 0x50, 0x18, 0x62, 0x74, 0x50, 0x89, 0x70,
  0x50, 0x1a, 0x74, 0x50, 0xaf, 0x70, 0x50, 0x17, 0x75, 0x50, 0xf7, 0x62, 0x71, 0x50, 0xae, 0x70,
  0x50, 0x17, 0x75, 0x50, 0xff, 0x77, 0x50, 0xd1, 0x72, 0x50, 0xc9, 0x50, 0x38, 0x76, 0x50, 0xd2,
  0x61, 0xcb, 0x02, 0x50, 0x88, 0x70, 0x50, 0x1a, 0x75, 0x50, 0xad, 0x70, 0x50, 0x17, 0x62, 0x72,
  0x50, 0x89, 0x70, 0x50, 0x1a, 0x75, 0x50, 0xac, 0x70, 0x50, 0x17, 0x62, 0x76, 0x50, 0xad, 0x50,
  0x17, 0x62, 0x74, 0x50, 0x8a, 0x70, 0x50, 0x1a, 0x75, 0x50, 0xae, 0x70, 0x50, 0x17, 0x7a, 0x50,
  0xd3, 0x61, 0xda, 0x02, 0x50, 0xaf, 0x70, 0x50, 0x17, 0x62, 0x74, 0x50, 0x8b, 0x70, 0x50, 0x1a,
  0x75, 0x50, 0xa0, 0x70, 0x50, 0x18, 0x7a, 0x50, 0xd4, 0x61, 0xd6, 0x02, 0x50, 0x8c, 0x70, 0x50,
  0x1a, 0x75, 0x50, 0xa1, 0x70, 0x50, 0x18, 0x62, 0x76, 0x50, 0xa0, 0x70, 0x50, 0x18, 0x62, 0x78,
  0x50, 0xaf, 0x70, 0x50, 0x17, 0x7b, 0x50, 0xd5, 0x61, 0xd8, 0x02, 0x50, 0x8b, 0x50, 0x1a, 0x75,
  0x50, 0xae, 0x70, 0x50, 0x17, 0x62, 0x72, 0x50, 0x8a, 0x50, 0x1a, 0x75, 0x50, 0xb8, 0x74, 0x50,
  0xad, 0x70, 0x50, 0x17, 0x73, 0x50, 0xb9, 0x62, 0x71, 0x50, 0xb2, 0x71, 0x50, 0xab, 0x70, 0x50,
  0x23, 0x77, 0x50, 0xdf, 0x77, 0x50, 0xd0, 0x72, 0x50, 0xc8, 0x70, 0x50, 0x3f, 0x61, 0xca, 0x02,
  0x50, 0x89, 0x70, 0x50, 0x1a, 0x76, 0x50, 0xb3, 0x77, 0x50, 0xdf, 0x62, 0x76, 0x50, 0xd2, 0x61,
  0xdc, 0x02, 0x50, 0x88, 0x70, 0x50, 0x1a, 0x62, 0x79, 0x50, 0x89, 0x50, 0x1a, 0x7f, 0x72, 0x50,
  0xd3, 0x61, 0xdb, 0x02, 0x50, 0xb4, 0x62, 0x73, 0x50, 0x8a, 0x70, 0x50, 0x1a, 0x7f, 0x72, 0x50,
  0xd4, 0x61, 0xbf, 0x05, 0x50, 0x8b, 0x50, 0x1a, 0x62, 0x79, 0x50, 0x8c, 0x70, 0x50, 0x1a, 0x76,
  0x50, 0xb5, 0x7a, 0x50, 0xd5, 0x61, 0x3a, 0x07, 0x50, 0xd0, 0x61, 0x6e, 0x01, 0x50, 0x8b, 0x50,
  0x1a, 0x62, 0x79, 0x50, 0x8a, 0x50, 0x1a, 0x77, 0x50, 0xb6, 0x76, 0x50, 0xdf, 0x62, 0x76, 0x50,
  0xd2, 0x61, 0xdd, 0x02, 0x50, 0x89, 0x70, 0x50, 0x1a, 0x61, 0xf4, 0x02, 0x50, 0xd3, 0x61, 0xdd,
  0x02, 0x50, 0x88, 0x70, 0x50, 0x1a, 0x77, 0x50, 0xaa, 0x70, 0x50, 0x23, 0x62, 0x70, 0x50, 0x89,
  0x70, 0x50, 0x1a, 0x75, 0x50, 0xab, 0x70, 0x50, 0x23, 0x76, 0x50, 0xd4, 0x61, 0xdd, 0x02, 0x50,
  0xad, 0x70, 0x50, 0x23, 0x62, 0x74, 0x50, 0x8a, 0x70, 0x50, 0x1a, 0x75, 0x50, 0xae, 0x70, 0x50,
  0x23, 0x62, 0x76, 0x50, 0xa0, 0x50, 0x24, 0x76, 0x50, 0xd5, 0x61, 0xde, 0x02, 0x50, 0x8b, 0x70,
  0x50, 0x1a, 0x74, 0x50, 0xa1, 0x70, 0x50, 0x24, 0x62, 0x72, 0x50, 0x8c, 0x70, 0x50, 0x1a, 0x75,
  0x50, 0xa0, 0x70, 0x50, 0x24, 0x61, 0x72, 0x01, 0x50, 0xe4, 0x70, 0x50, 0xdf, 0x76, 0x50, 0xf1,
  0x70, 0x50, 0xe5, 0x61, 0x6a, 0x01, 0x50, 0xae, 0x70, 0x50, 0x23, 0x62, 0x79, 0x50, 0xad, 0x50,
  0x23, 0x77, 0x50, 0xff, 0x61, 0xdc, 0x02, 0x50, 0x8b, 0x70, 0x50, 0x1a, 0x75, 0x50, 0xab, 0x50,
  0x23, 0x76, 0x50, 0xf4, 0x61, 0xdb, 0x02, 0x50, 0x8a, 0x70, 0x50, 0x1a, 0x75, 0x50, 0xaa, 0x70,
  0x50, 0x23, 0x62, 0x76, 0x50, 0xab, 0x70, 0x50, 0x23, 0x75, 0x50, 0xf5, 0x61, 0xde, 0x02, 0x50,
  0x89, 0x50, 0x1a, 0x75, 0x50, 0xad, 0x70, 0x50, 0x23, 0x61, 0x74, 0x01, 0x50, 0xf1, 0x70, 0x50,
  0xe5, 0x61, 0x71, 0x01, 0x50, 0xae, 0x70, 0x50, 0x23, 0x62, 0x74, 0x50, 0x88, 0x70, 0x50, 0x1a,
  0x75, 0x50, 0xa0, 0x70, 0x50, 0x24, 0x77, 0x50, 0xff, 0x61, 0xda, 0x02, 0x50, 0x89, 0x70, 0x50,
  0x1a, 0x75, 0x50, 0xa1, 0x70, 0x50, 0x24, 0x76, 0x50, 0xf4, 0x61, 0xde, 0x02, 0x50, 0xa0, 0x70,
  0x50, 0x24, 0x7a, 0x50, 0xf5, 0x61, 0xd9, 0x02, 0x50, 0x8a, 0x50, 0x1a, 0x76, 0x50, 0xae, 0x50,
  0x23, 0x62, 0x76, 0x50, 0xad, 0x70, 0x50, 0x23, 0x78, 0x50, 0xf1, 0x70, 0x50, 0xe5, 0x61, 0xda,
  0x02, 0x50, 0x8b, 0x70, 0x50, 0x1a, 0x75, 0x50, 0xab, 0x70, 0x50, 0x23, 0x76, 0x50, 0xff, 0x61,
  0xda, 0x02, 0x50, 0x8c, 0x70, 0x50, 0x1a, 0x75, 0x50, 0xaa, 0x70, 0x50, 0x23, 0x76, 0x50, 0xf4,
  0x62, 0x50, 0xab, 0x70, 0x50, 0x23, 0x62, 0x78, 0x50, 0xad, 0x70, 0x50, 0x23, 0x79, 0x50, 0xf5,
  0x61, 0xd9, 0x02, 0x50, 0x8b, 0x70, 0x50, 0x1a, 0x75, 0x50, 0xae, 0x70, 0x50, 0x23, 0x62, 0x71,
  0x50, 0x8a, 0x70, 0x50, 0x1a, 0x75, 0x50, 0xa0, 0x70, 0x50, 0x24, 0x78, 0x50, 0xf1, 0x70, 0x50,
  0xe5, 0x61, 0xdc, 0x02, 0x50, 0xa1, 0x70, 0x50, 0x24, 0x76, 0x50, 0xff, 0x61, 0xdd, 0x02, 0x50,
  0x89, 0x50, 0x1a, 0x76, 0x50, 0xa0, 0x70, 0x50, 0x24, 0x76, 0x50, 0xf4, 0x61, 0xde, 0x02, 0x50,
  0xae, 0x70, 0x50, 0x23, 0x62, 0x74, 0x50, 0x88, 0x70, 0x50, 0x1a, 0x75, 0x50, 0xad, 0x70, 0x50,
  0x23, 0x79, 0x50, 0xf5, 0x61, 0xd8, 0x02, 0x50, 0x89, 0x50, 0x1a, 0x75, 0x50, 0xb8, 0x74, 0x50,
  0xab, 0x70, 0x50, 0x23, 0x73, 0x50, 0xb9, 0x62, 0x50, 0xb2, 0x71, 0x50, 0xa7, 0x70, 0x50, 0x35,
  0x7c, 0x50, 0xf1, 0x70, 0x50, 0xe5, 0x61, 0xd1, 0x02, 0x50, 0x8a, 0x70, 0x50, 0x1a, 0x77, 0x50,
  0xb3, 0x76, 0x50, 0xff, 0x62, 0x76, 0x50, 0xf4, 0x61, 0xdc, 0x02, 0x50, 0x8b, 0x70, 0x50, 0x1a,
  0x62, 0x79, 0x50, 0x8c, 0x50, 0x1a, 0x7f, 0x71, 0x50, 0xf5, 0x61, 0xd6, 0x02, 0x50, 0x97, 0x7c,
  0x50, 0xb6, 0x61, 0x69, 0x01, 0x50, 0x9a, 0x76, 0x50, 0xb9, 0x61, 0x55, 0x04, 0x50, 0x8b, 0x70,
  0x50, 0x1a, 0x7f, 0x70, 0x50, 0xf6, 0x61, 0xd8, 0x02, 0x50, 0x8a, 0x50, 0x1a, 0x61, 0xd2, 0x05,
  0x50, 0x89, 0x70, 0x50, 0x1a, 0x73, 0x50, 0x9b, 0x7b, 0x50, 0xf7, 0x61, 0xc1, 0x05, 0x50, 0x88,
  0x70, 0x50, 0x1a, 0x7f, 0x50, 0xf8, 0x61, 0xd9, 0x02, 0x50, 0x89, 0x50, 0x1a, 0x7a, 0x50, 0xba,
  0x62, 0x70, 0x50, 0x9c, 0x62, 0x76, 0x50, 0x8a, 0x70, 0x50, 0x1a, 0x7f, 0x70, 0x50, 0xf9, 0x61,
  0xc1, 0x05, 0x50, 0x8b, 0x50, 0x1a, 0x7b, 0x50, 0xa5, 0x70, 0x50, 0x35, 0x61, 0xdc, 0x02, 0x50,
  0x8c, 0x50, 0x1a, 0x74, 0x50, 0x9d, 0x75, 0x50, 0xa7, 0x50, 0x35, 0x79, 0x50, 0xfa, 0x61, 0xdc,
  0x02, 0x50, 0xa9, 0x50, 0x35, 0x62, 0x79, 0x50, 0xac, 0x70, 0x50, 0x35, 0x79, 0x50, 0xfb, 0x61,
  0xd6, 0x02, 0x50, 0x8b, 0x70, 0x50, 0x1a, 0x78, 0x50, 0xae, 0x70, 0x50, 0x35, 0x61, 0xde, 0x02,
  0x50, 0x8a, 0x70, 0x50, 0x1a, 0x73, 0x50, 0x9e, 0x74, 0x50, 0xa0, 0x70, 0x50, 0x36, 0x62, 0x77,
  0x50, 0xae, 0x50, 0x35, 0x79, 0x50, 0xfc, 0x61, 0xd6, 0x02, 0x50, 0x89, 0x70, 0x50, 0x1a, 0x79,
  0x50, 0xac, 0x50, 0x35, 0x62, 0x76, 0x50, 0xa9, 0x70, 0x50, 0x35, 0x62, 0x71, 0x50, 0x88, 0x50,
  0x1a, 0x74, 0x50, 0x9f, 0x74, 0x50, 0xa7, 0x70, 0x50, 0x35, 0x79, 0x50, 0xfd, 0x61, 0xd5, 0x02,
  0x50, 0x89, 0x50, 0x1a, 0x79, 0x50, 0xa5, 0x70, 0x50, 0x35, 0x62, 0x76, 0x50, 0xa7, 0x70, 0x50,
  0x35, 0x79, 0x50, 0xfe, 0x61, 0xd5, 0x02, 0x50, 0x8a, 0x70, 0x50, 0x1a, 0x79, 0x50, 0xa9, 0x70,
  0x50, 0x35, 0x73, 0x50, 0xbb, 0x62, 0x50, 0xac, 0x70, 0x50, 0x35, 0x62, 0x73, 0x50, 0x8b, 0x50,
  0x1a, 0x76, 0x50, 0xae, 0x70, 0x50, 0x35, 0x7a, 0x50, 0xff, 0x61, 0xd6, 0x02, 0x50, 0x8c, 0x70,
  0x50, 0x1a, 0x76, 0x50, 0xa0, 0x50, 0x36, 0x62, 0x77, 0x50, 0xae, 0x50, 0x35, 0x62, 0x79, 0x50,
  0xac, 0x70, 0x50, 0x35, 0x62, 0x72, 0x50, 0x8b, 0x70, 0x50, 0x1a, 0x76, 0x50, 0xa9, 0x70, 0x50,
  0x35, 0x62, 0x70, 0x50, 0x8a, 0x70, 0x50, 0x1a, 0x76, 0x50, 0xa7, 0x70, 0x50, 0x35, 0x62, 0x76,
  0x50, 0xa5, 0x50, 0x35, 0x74, 0x50, 0xbc, 0x61, 0xde, 0x02, 0x50, 0x89, 0x70, 0x50, 0x1a, 0x77,
  0x50, 0xa7, 0x50, 0x35, 0x62, 0x76, 0x50, 0xa9, 0x70, 0x50, 0x35, 0x62, 0x73, 0x50, 0x88, 0x50,
  0x1a, 0x76, 0x50, 0xac, 0x70, 0x50, 0x35, 0x62, 0x71, 0x50, 0x89, 0x70, 0x50, 0x1a, 0x76, 0x50,
  0xae, 0x70, 0x50, 0x35, 0x62, 0x75, 0x50, 0xa0, 0x70, 0x50, 0x36, 0x62, 0x73, 0x50, 0x8a, 0x70,
  0x50, 0x1a, 0x76, 0x50, 0xae, 0x70, 0x50, 0x35, 0x62, 0x75, 0x50, 0xac, 0x70, 0x50, 0x35, 0x62,
  0x73, 0x50, 0x8b, 0x70, 0x50, 0x1a, 0x76, 0x50, 0xa9, 0x70, 0x50, 0x35, 0x73, 0x50, 0xbd, 0x61,
  0xdc, 0x02, 0x50, 0x8c, 0x70, 0x50, 0x1a, 0x76, 0x50, 0xa7, 0x70, 0x50, 0x35, 0x62, 0x76, 0x50,
  0xa5, 0x50, 0x35, 0x62, 0x7a, 0x50, 0xa7, 0x70, 0x50, 0x35, 0x62, 0x71, 0x50, 0x8b, 0x70, 0x50,
  0x1a, 0x75, 0x50, 0xa9, 0x70, 0x50, 0x35, 0x62, 0x71, 0x50, 0x8a, 0x70, 0x50, 0x1a, 0x76, 0x50,
  0xac, 0x50, 0x35, 0x62, 0x76, 0x50, 0xae, 0x70, 0x50, 0x35, 0x62, 0x73, 0x50, 0x89, 0x70, 0x50,
  0x1a, 0x76, 0x50, 0xa0, 0x70, 0x50, 0x36, 0x62, 0x76, 0x50, 0xae, 0x70, 0x50, 0x35, 0x73, 0x50,
  0xbe, 0x62, 0x50, 0x88, 0x70, 0x50, 0x1a, 0x75, 0x50, 0xac, 0x70, 0x50, 0x35, 0x62, 0x71, 0x50,
  0x89, 0x70, 0x50, 0x1a, 0x76, 0x50, 0xa9, 0x50, 0x35, 0x62, 0x76, 0x50, 0xa7, 0x70, 0x50, 0x35,
  0x62, 0x73, 0x50, 0x8a, 0x70, 0x50, 0x1a, 0x75, 0x50, 0xa5, 0x70, 0x50, 0x35, 0x62, 0x77, 0x50,
  0xa7, 0x50, 0x35, 0x62, 0x73, 0x50, 0x8b, 0x70, 0x50, 0x1a, 0x76, 0x50, 0xa9, 0x50, 0x35, 0x62,
  0x71, 0x50, 0x8c, 0x70, 0x50, 0x1a, 0x76, 0x50, 0xac, 0x70, 0x50, 0x35, 0x62, 0x75, 0x50, 0xae,
  0x70, 0x50, 0x35, 0x74, 0x50, 0xbf, 0x62, 0x74, 0x50, 0xa0, 0x70, 0x50, 0x36, 0x62, 0x73, 0x50,
  0x8b, 0x70, 0x50, 0x1a, 0x76, 0x50, 0xae, 0x50, 0x35, 0x62, 0x71, 0x50, 0x8a, 0x70, 0x50, 0x1a,
  0x75, 0x50, 0xac, 0x70, 0x50, 0x35, 0x62, 0x76, 0x50, 0xa9, 0x70, 0x50, 0x35, 0x62, 0x73, 0x50,
  0x89, 0x70, 0x50, 0x1a, 0x75, 0x50, 0xa7, 0x70, 0x50, 0x35, 0x62, 0x76, 0x50, 0xa5, 0x70, 0x50,
  0x35, 0x62, 0x73, 0x50, 0x88, 0x70, 0x50, 0x1a, 0x76, 0x50, 0xa7, 0x70, 0x50, 0x35, 0x62, 0x72,
  0x50, 0x89, 0x50, 0x1a, 0x76, 0x50, 0xa9, 0x70, 0x50, 0x35, 0x62, 0x75, 0x50, 0xac, 0x70, 0x50,
  0x35, 0x62, 0x73, 0x50, 0x8a, 0x70, 0x50, 0x1a, 0x76, 0x50, 0xae, 0x70, 0x50, 0x35, 0x62, 0x76,
  0x50, 0xa0, 0x50, 0x36, 0x62, 0x73, 0x50, 0x8b, 0x70, 0x50, 0x1a, 0x77, 0x50, 0xae, 0x50, 0x35,
  0x62, 0x70, 0x50, 0x8c, 0x70, 0x50, 0x1a, 0x76, 0x50, 0xac, 0x70, 0x50, 0x35, 0x62, 0x76, 0x50,
  0xa9, 0x70, 0x50, 0x35, 0x62, 0x79, 0x50, 0xa7, 0x50, 0x35, 0x62, 0x73, 0x50, 0x8b, 0x70, 0x50,
  0x1a, 0x76, 0x50, 0xa5, 0x50, 0x35, 0x62, 0x71, 0x50, 0x8a, 0x70, 0x50, 0x1a, 0x76, 0x50, 0xa7,
  0x70, 0x50, 0x35, 0x62, 0x75, 0x50, 0xa9, 0x70, 0x50, 0x35, 0x62, 0x73, 0x50, 0x89, 0x70, 0x50,
  0x1a, 0x76, 0x50, 0xac, 0x70, 0x50, 0x35, 0x62, 0x76, 0x50, 0xae, 0x70, 0x50, 0x35, 0x62, 0x72,
  0x50, 0x88, 0x70, 0x50, 0x1a, 0x76, 0x50, 0xa0, 0x70, 0x50, 0x36, 0x62, 0x71, 0x50, 0x89, 0x70,
  0x50, 0x1a, 0x76, 0x50, 0xae, 0x70, 0x50, 0x35, 0x62, 0x75, 0x50, 0xac, 0x70, 0x50, 0x35, 0x62,
  0x73, 0x50, 0x8a, 0x70, 0x50, 0x1a, 0x76, 0x50, 0xa9, 0x50, 0x35, 0x62, 0x76, 0x50, 0xa7, 0x70,
  0x50, 0x35, 0x62, 0x73, 0x50, 0x8b, 0x70, 0x50, 0x1a, 0x76, 0x50, 0xa5, 0x70, 0x50, 0x35, 0x62,
  0x70, 0x50, 0x8c, 0x70, 0x50, 0x1a, 0x76, 0x50, 0xa7, 0x70, 0x50, 0x35, 0x62, 0x75, 0x50, 0xa9,
  0x70, 0x50, 0x35, 0x62, 0x79, 0x50, 0xac, 0x70, 0x50, 0x35, 0x62, 0x72, 0x50, 0x8b, 0x70, 0x50,
  0x1a, 0x75, 0x50, 0xae, 0x70, 0x50, 0x35, 0x62, 0x71, 0x50, 0x8a, 0x70, 0x50, 0x1a, 0x75, 0x50,
  0xa0, 0x70, 0x50, 0x36, 0x62, 0x77, 0x50, 0xae, 0x50, 0x35, 0x61, 0x78, 0x01, 0x66, 0x47, 0x64,
  0x33, 0x20, 0x00, 0x01, 0x00, 0x00, 0x54, 0x01, 0x00, 0x00, 0x52, 0x00, 0x61, 0x00, 0x64, 0x00,
  0x69, 0x00, 0x61, 0x00, 0x6e, 0x00, 0x63, 0x00, 0x65, 0x00, 0x20, 0x00, 0x6f, 0x00, 0x66, 0x00,
  0x20, 0x00, 0x45, 0x00, 0x73, 0x00, 0x6d, 0x00, 0x65, 0x00, 0x72, 0x00, 0x61, 0x00, 0x6e, 0x00,
  0x74, 0x00, 0x69, 0x00, 0x00, 0x00, 0xa8, 0x30, 0xb9, 0x30, 0xe1, 0x30, 0xb5, 0x30, 0xf3, 0x30,
  0xc6, 0x30, 0x6e, 0x30, 0x1d, 0x8f, 0x4d, 0x30, 0x00, 0x00, 0x5a, 0x00, 0x65, 0x00, 0x6c, 0x00,
  0x69, 0x00, 0x61, 0x00, 0x72, 0x00, 0x64, 0x00, 0x00, 0x00, 0xbc, 0x30, 0xea, 0x30, 0xa2, 0x30,
  0xfc, 0x30, 0xc9, 0x30, 0x00, 0x00, 0x54, 0x00, 0x61, 0x00, 0x6e, 0x00, 0x64, 0x00, 0x79, 0x00,
  0x20, 0x00, 0x31, 0x00, 0x30, 0x00, 0x30, 0x00, 0x30, 0x00, 0x00, 0x00, 0x00, 0x00, 0x4d, 0x00,
  0x61, 0x00, 0x73, 0x00, 0x61, 0x00, 0x6b, 0x00, 0x75, 0x00, 0x6e, 0x00, 0x69, 0x00, 0x20, 0x00,
  0x4d, 0x00, 0x69, 0x00, 0x74, 0x00, 0x73, 0x00, 0x75, 0x00, 0x68, 0x00, 0x61, 0x00, 0x73, 0x00,
  0x68, 0x00, 0x69, 0x00, 0x2c, 0x00, 0x20, 0x00, 0x48, 0x00, 0x69, 0x00, 0x62, 0x00, 0x69, 0x00,
  0x6b, 0x00, 0x69, 0x00, 0x20, 0x00, 0x47, 0x00, 0x6f, 0x00, 0x64, 0x00, 0x61, 0x00, 0x69, 0x00,
  0x2c, 0x00, 0x20, 0x00, 0x4d, 0x00, 0x65, 0x00, 0x63, 0x00, 0x61, 0x00, 0x6e, 0x00, 0x6f, 0x00,
  0x20, 0x00, 0x41, 0x00, 0x73, 0x00, 0x73, 0x00, 0x6f, 0x00, 0x63, 0x00, 0x69, 0x00, 0x61, 0x00,
  0x74, 0x00, 0x65, 0x00, 0x73, 0x00, 0x00, 0x00, 0x09, 0x4e, 0x4b, 0x6a, 0x63, 0x6b, 0xa6, 0x90,
  0x01, 0x30, 0x94, 0x4e, 0xe3, 0x4e, 0xff, 0x97, 0x01, 0x30, 0xe1, 0x30, 0xab, 0x30, 0xce, 0x30,
  0xfb, 0x30, 0xa2, 0x30, 0xbd, 0x30, 0xb7, 0x30, 0xa8, 0x30, 0xa4, 0x30, 0xc4, 0x30, 0x00, 0x00,
  0x31, 0x00, 0x39, 0x00, 0x39, 0x00, 0x30, 0x00, 0x00, 0x00, 0x64, 0x00, 0x6a, 0x00, 0x2e, 0x00,
  0x74, 0x00, 0x75, 0x00, 0x42, 0x00, 0x49, 0x00, 0x47, 0x00, 0x2f, 0x00, 0x4d, 0x00, 0x61, 0x00,
  0x6c, 0x00, 0x69, 0x00, 0x63, 0x00, 0x65, 0x00, 0x58, 0x00, 0x00, 0x00, 0x5a, 0x00, 0x45, 0x00,
  0x4c, 0x00, 0x52, 0x00, 0x45, 0x00, 0x53, 0x00, 0x31, 0x00, 0x2e, 0x00, 0x53, 0x00, 0x41, 0x00,
  0x52, 0x00, 0x20, 0x00, 0x23, 0x00, 0x30, 0x00, 0x33, 0x00, 0x39, 0x00, 0x00, 0x00
};


const uint16_t ZELIARD_VGM_SIZE = 70366;


#endif  // __ZELIARD_VGM_H__
